trial_id,current_policy_stockouts,current_policy_cost,optimized_policy_stockouts,optimized_policy_cost
0,72.0,1857.2909102158299,48.0,2102.610253746155
1,72.0,1948.501643776141,56.0,2264.315959273183
2,71.0,2114.4018006902525,52.0,2097.8668909454
3,85.0,1996.9460084023403,62.0,2064.349127742059
4,79.0,2076.514412536413,45.0,2062.2499897546545
5,85.0,2139.338449630566,62.0,2056.3134409041986
6,73.0,1950.539718576159,59.0,2106.551559886784
7,76.0,1988.9517497387155,53.0,2039.9764525122605
8,91.0,2093.843852553552,56.0,2133.755099377123
9,91.0,2032.4452796362195,63.0,2062.9416690951316
10,74.0,2028.3878959125757,64.0,2081.766130303053
11,88.0,2083.824247596811,54.0,2175.687818403747
12,75.0,2021.890904143221,54.0,2071.1751189771358
13,74.0,2055.56508544184,53.0,2013.7532651582142
14,78.0,1917.1182793116802,41.0,2035.5598153528429
15,76.0,2062.1723619821746,54.0,2192.6722514362964
16,78.0,2058.839165684895,56.0,2179.3982377461207
17,76.0,1982.6669349048982,56.0,2229.87586253504
18,77.0,2044.5692372271365,58.0,2138.0924194699987
19,65.0,2016.1690903437132,52.0,2110.74077001717
20,72.0,1901.3743581568085,64.0,2147.6970872915017
21,69.0,1875.6933414439004,51.0,2017.442468629127
22,83.0,2055.1858610671848,49.0,2043.5238477563641
23,69.0,1938.706559221721,68.0,2240.396620312197
24,77.0,2023.3880690174024,55.0,2095.8634118796317
25,67.0,2007.9111762123755,57.0,2065.051093383601
26,64.0,1987.8182434503658,60.0,2116.9260455540943
27,86.0,2029.0460590958346,48.0,2070.326753913982
28,56.0,1976.5259295661351,46.0,2133.4247634969356
29,78.0,2003.519108408297,54.0,2046.9503126985776
30,65.0,1909.198610008999,47.0,1971.2135627924436
31,73.0,2071.941045913529,52.0,2039.275691338005
32,79.0,2018.7396449310331,56.0,2058.184442899473
33,68.0,2046.3149209554135,61.0,2209.7914289433797
34,80.0,2004.8411669882803,45.0,2075.229980309482
35,73.0,2124.4387329922824,46.0,2155.0005611664105
36,68.0,1984.8185825592027,51.0,2110.0906415396166
37,62.0,2003.8663740400857,53.0,2079.874291631394
38,64.0,1944.9687556869796,46.0,1983.1435696970066
39,65.0,2074.4812530289164,54.0,1992.2711862149538
40,69.0,1946.2679901139588,51.0,2040.0077506475125
41,82.0,2090.0694934555736,61.0,2059.1361765978027
42,88.0,2063.954017177252,57.0,2157.31258090905
43,62.0,1949.6551601117205,54.0,2125.1732110655066
44,67.0,2037.4149159790156,48.0,2074.067970696991
45,65.0,2123.9620131588676,60.0,2124.8573012189736
46,85.0,2019.0345101546955,47.0,2145.8689882812846
47,65.0,1979.5677679304479,58.0,2225.2866330459797
48,63.0,1993.4142146842212,53.0,2075.420749375663
49,76.0,2026.8557765633732,60.0,2207.366072128161
50,70.0,2105.498234924244,57.0,2031.5937257752034
51,82.0,2076.986335110616,54.0,2121.8748457443567
52,74.0,1910.1670336596903,66.0,2193.4208332512494
53,68.0,2153.2054164255487,55.0,2062.45096643353
54,59.0,1937.0784533762555,52.0,2044.3508746259613
55,81.0,2260.3846801296695,61.0,2193.0161298887306
56,66.0,1996.4556468028757,54.0,2065.1989275662877
57,77.0,2150.263505073021,63.0,2223.6309733975168
58,80.0,2000.676679749175,46.0,1998.537623687769
59,76.0,2020.0266525642103,52.0,2052.688131959645
60,80.0,1992.0610669142968,64.0,2167.5315178318647
61,68.0,1950.8766066270111,58.0,2149.031390493045
62,67.0,1988.3719971798064,49.0,2026.460689591746
63,76.0,2184.233475292481,63.0,2124.693966021518
64,62.0,1882.1809043563603,55.0,2145.8232875405615
65,65.0,1922.7981803466816,58.0,2026.7017797074068
66,82.0,2141.4246172645458,52.0,2088.5736668253962
67,84.0,2248.572343719957,62.0,2049.0624445172307
68,76.0,2011.3511449421596,63.0,2083.1046127778477
69,87.0,2015.2624436582987,61.0,2093.1328024434083
70,63.0,1984.8557138537499,59.0,2106.6121435812993
71,83.0,2107.2792723909124,58.0,2286.7423179410926
72,67.0,1908.1019974596768,55.0,2108.8959883730327
73,76.0,2051.0873198780223,46.0,1993.4627239669092
74,87.0,1950.9771631584524,48.0,2086.3825914480203
75,83.0,2123.2573370770074,40.0,1974.6108696638223
76,82.0,2040.0939889035521,55.0,2029.126088096569
77,71.0,2045.5427991428846,57.0,2038.3763214030257
78,70.0,1976.5128097705165,58.0,2170.7774120275544
79,65.0,1977.0922919474808,60.0,2055.063229987967
80,63.0,1871.5865493370652,58.0,2083.0760128664915
81,65.0,1895.5823282859456,49.0,2019.7460732783982
82,64.0,1955.5811207561658,64.0,2149.154346881675
83,87.0,2165.3581321821166,52.0,2063.429161753761
84,81.0,1941.9471305621826,53.0,2048.986105692807
85,60.0,2023.8034689520123,74.0,2143.026573895606
86,75.0,2109.08473160179,63.0,2178.1609860153108
87,79.0,2016.1337085363748,56.0,2066.122640891914
88,67.0,2070.075533273518,65.0,2212.2489696565726
89,66.0,1925.6706918503417,48.0,2164.5388503917566
90,74.0,1931.4970470066871,72.0,2201.934754731482
91,72.0,2134.2746150640896,49.0,2099.075281968911
92,73.0,2050.6292672560658,63.0,2080.8691672572577
93,61.0,1864.3727401303636,58.0,1983.658866721978
94,60.0,2025.659218629831,61.0,2195.931355969113
95,72.0,2074.8717134656467,48.0,2121.837985331073
96,75.0,1935.4691501934267,55.0,2085.8344543714784
97,80.0,2037.430550653484,47.0,2112.8509778346156
98,67.0,2036.48965011067,53.0,2286.6909179890667
99,68.0,2046.1923142321386,62.0,2041.7272286415596
100,74.0,2021.966547622546,56.0,2074.115928129584
101,70.0,1903.8453791256345,47.0,1976.0869621092643
102,64.0,1917.4848516516379,51.0,2086.9518740016106
103,76.0,2130.122106333368,50.0,2023.118432904995
104,66.0,2048.2180235862697,65.0,2007.7903048292635
105,64.0,1994.679768604846,51.0,2041.6271075458076
106,75.0,1946.961515768326,58.0,2057.9289978624824
107,73.0,1999.916270124434,63.0,2148.434007933
108,79.0,2078.786917667589,49.0,2028.3497818209269
109,61.0,2008.8780097859917,72.0,2313.432024910773
110,74.0,1889.3516409510178,62.0,2081.7744551066485
111,64.0,1909.5027446387303,40.0,2087.561551132907
112,73.0,1968.2899423970175,47.0,2263.672257922018
113,81.0,2016.5679054051145,56.0,2132.0557744729313
114,88.0,2364.8433684265487,57.0,2146.598219436001
115,69.0,1927.0553720233627,57.0,2044.4045032387291
116,67.0,1962.4425572818623,56.0,2102.8476848978403
117,72.0,2238.1141731462317,40.0,2081.331042037807
118,69.0,1995.181435845804,50.0,2043.327330499971
119,87.0,2034.4024125425478,46.0,2014.0884057369942
120,75.0,1996.9163783569181,57.0,2062.5700942615617
121,85.0,2085.772023076433,64.0,2084.0607945709035
122,73.0,1965.994373164753,56.0,2300.6287049782086
123,81.0,2148.7550548327167,62.0,2195.462610582033
124,71.0,2120.7578314066363,68.0,2030.6910746805008
125,58.0,2077.2022202851003,56.0,2026.6091623587213
126,79.0,1991.7417984765898,54.0,2066.686901399957
127,62.0,2023.1037558407602,49.0,2207.9787694418287
128,78.0,2066.564174067377,50.0,2053.3958253059145
129,85.0,2059.3045341501224,56.0,2137.9190615150364
130,76.0,1953.5053642473074,57.0,2306.298882490286
131,64.0,1970.0090152159166,57.0,2196.978071792156
132,70.0,2100.893206143576,51.0,2008.3339290344754
133,78.0,2099.328419908971,60.0,2255.903970443046
134,81.0,1972.5698466909862,53.0,2043.8039030292364
135,74.0,1927.7507916160025,59.0,2160.4427584932782
136,80.0,2082.3603213957026,66.0,2114.5819315982912
137,77.0,1894.7273231048166,52.0,2085.377693495843
138,84.0,2060.394609424115,64.0,2080.422530518288
139,68.0,2002.4783677486314,65.0,2167.1154591733866
140,83.0,2065.6936454953784,60.0,2106.686325193517
141,77.0,1976.29948769005,50.0,2049.5200243867744
142,92.0,2004.147624746052,62.0,2200.04745491644
143,77.0,1989.6718434166903,55.0,2024.637973010396
144,67.0,1987.9891784734675,53.0,2009.5679927158496
145,60.0,1989.9573290069122,59.0,2138.798557719574
146,74.0,1961.5272523643553,47.0,2000.4772954169903
147,82.0,2156.970593516159,56.0,1988.4384907686413
148,75.0,1935.772187300199,63.0,2144.545689147448
149,72.0,2074.8017820398104,57.0,2147.5963141337947
150,73.0,2033.0761080496338,61.0,2277.475590967687
151,82.0,2024.2129752040992,61.0,2111.1670751097527
152,76.0,1968.3918864463246,66.0,2224.9887098641775
153,79.0,2049.512336440247,56.0,2130.0081603234285
154,78.0,2155.667787926068,59.0,2087.017163440518
155,72.0,1963.5072611895744,52.0,2080.2905303150123
156,70.0,1905.4366978033179,60.0,2167.2457113564
157,84.0,1998.6741175805594,47.0,2032.8697824276605
158,68.0,1982.8995779092863,51.0,2071.1264863086135
159,86.0,2124.3740053886904,49.0,2063.1077633217515
160,65.0,1875.0658271084799,68.0,2092.9241917630575
161,78.0,1901.4022509532483,53.0,2123.9319092242185
162,83.0,2094.5569221415612,50.0,2023.5543758036367
163,82.0,2074.03273680683,56.0,2128.8789073403404
164,65.0,1962.065989866348,53.0,2112.9707674627057
165,58.0,1864.9737808075065,46.0,2123.823858989075
166,70.0,2029.5344731672521,52.0,2118.79177815036
167,92.0,2117.9464329649413,46.0,2100.9961783468016
168,84.0,2235.304668781736,52.0,2120.0002769129587
169,62.0,2020.649222360522,58.0,2234.593055868414
170,77.0,2002.7390617551546,55.0,2163.43760816653
171,83.0,2067.336360154522,56.0,2079.295609626008
172,79.0,2162.105517227692,52.0,2069.951290411822
173,63.0,1959.8214227927972,44.0,1961.6938600580781
174,75.0,2231.474248956067,49.0,2098.5036720993953
175,86.0,2127.9325664767885,51.0,2084.9741967768487
176,67.0,1887.9347875382753,45.0,1973.612176962687
177,67.0,2182.4272089228825,53.0,2130.5343819965974
178,78.0,2131.314673810852,55.0,2182.622890575579
179,85.0,1970.1591480583427,58.0,2086.649423902362
180,66.0,2002.8955846057324,53.0,2017.2689237141692
181,67.0,1928.227714762526,59.0,2128.0369192728463
182,58.0,1987.9884268147744,65.0,2151.398826265289
183,65.0,2098.97687773856,49.0,2139.0620348452308
184,68.0,1873.9425222468092,52.0,2125.9715189930585
185,69.0,1884.3679300865306,47.0,2216.5627072052175
186,75.0,2073.877112465113,56.0,1995.7586461928831
187,63.0,2009.801783819852,53.0,2058.384888124055
188,75.0,1984.722183277914,49.0,2028.8685520310235
189,70.0,1952.381667618281,47.0,2066.135066452215
190,61.0,2004.316251325311,59.0,2106.8220205348644
191,66.0,1897.313241600956,50.0,2074.5088380197903
192,70.0,1942.113705154522,64.0,2236.856521051696
193,64.0,1985.4154521187409,43.0,2084.0536797329914
194,83.0,1863.0995186115742,66.0,2090.7467426587114
195,60.0,2025.8252839107288,45.0,2048.816981902058
196,90.0,2131.909108592861,56.0,2091.424058600748
197,68.0,1875.2322141984812,61.0,2092.4941452505395
198,67.0,1884.940176895644,46.0,2142.6523704028377
199,66.0,1908.927804899899,53.0,2040.3885385030449
200,68.0,2058.481294952689,55.0,2116.311403735574
201,72.0,1977.640684175022,62.0,2259.175448274553
202,74.0,2060.955220297084,60.0,2082.646987377492
203,75.0,1983.387235228599,48.0,1996.9852971585813
204,71.0,2124.264953236134,54.0,2164.057916666907
205,66.0,1964.1174282629393,61.0,2182.9521417879528
206,68.0,1915.6595477365004,57.0,2144.974902353162
207,75.0,2073.892411113668,46.0,2098.654543881216
208,83.0,2152.4144172563083,62.0,2182.338779004123
209,63.0,1847.0218108156716,48.0,2076.549850203016
210,78.0,1935.4120375069676,47.0,2135.5470090462763
211,69.0,2095.947662806353,48.0,2071.2235645541855
212,77.0,2083.013643888922,52.0,2076.7460301691535
213,81.0,2040.745538004329,52.0,2206.5181110312597
214,76.0,1988.7048214501963,64.0,2176.828586562729
215,70.0,2020.6720718414924,56.0,2046.6582493888443
216,75.0,2037.2444880208902,58.0,2144.8199029482366
217,74.0,1957.867079089466,57.0,2217.8109397461326
218,67.0,1982.4736035636947,51.0,2049.326223108017
219,75.0,1982.4518882259883,62.0,2178.6106684978545
220,77.0,2047.2825788027856,49.0,2004.105934300398
221,66.0,1988.3409487267181,65.0,2200.36018309456
222,78.0,2160.9052185849623,54.0,2033.8638054398382
223,69.0,1969.527826927644,51.0,2029.6866084522183
224,79.0,1986.7103610246875,57.0,2025.6508504507829
225,78.0,2007.6930255501895,57.0,2184.3189952212983
226,77.0,1937.2484328232579,55.0,2038.5380484319667
227,72.0,2010.3419126043868,57.0,2027.7695380033445
228,74.0,2064.0816293313596,64.0,2118.911384223676
229,65.0,2020.5628368298383,50.0,2256.1917947532293
230,69.0,2002.653772363387,44.0,1986.0052970967506
231,65.0,1930.2855750886442,59.0,2099.083952827632
232,73.0,1942.3545164035659,50.0,2063.1680790875603
233,69.0,2118.9557602262266,57.0,2216.4414640082578
234,77.0,1854.6851300342519,53.0,2065.671586803298
235,79.0,2070.88313283924,48.0,2053.8560734561474
236,71.0,2212.1792546907027,57.0,2151.665105247086
237,94.0,2198.375239649204,47.0,2035.4979168751877
238,78.0,2024.4447879801323,69.0,2174.65175942674
239,74.0,2082.1918034213977,39.0,1978.416878433398
240,95.0,2073.7292371291915,60.0,2087.5761377453478
241,76.0,2125.8176768285493,40.0,2049.8955259246427
242,58.0,1975.2638336019613,51.0,2153.393545701905
243,58.0,1964.8214691331943,59.0,2174.63193334757
244,84.0,1942.6377353171706,73.0,2093.6134307566795
245,64.0,1889.0705698932002,54.0,2175.9628697042986
246,72.0,1918.0818209442095,51.0,1979.5895489767422
247,68.0,1961.7949914751293,55.0,2085.1049534229196
248,68.0,2139.3705079479932,55.0,2087.0342357543213
249,68.0,1941.1414666527924,54.0,2042.678256553511
250,76.0,1993.546576341773,58.0,2062.020608436085
251,74.0,1971.476265143576,64.0,2104.1365268755053
252,78.0,2128.4098581563694,47.0,2023.5238256293826
253,76.0,2010.0564975187158,56.0,2094.366785527771
254,78.0,2054.1784928790553,69.0,2084.7052184461704
255,58.0,1821.7046545860435,64.0,2272.8254154524793
256,70.0,2071.4258671617195,56.0,2074.4455280069033
257,67.0,2163.303598788835,60.0,2147.2825318367104
258,69.0,1941.946373735896,46.0,2217.734752565393
259,84.0,2037.0947034672572,70.0,2178.539563069237
260,74.0,1859.9428809053377,47.0,1987.7033485222582
261,73.0,1952.9405876862954,66.0,2149.1745290094564
262,67.0,1908.979704423816,47.0,2113.2637568497134
263,67.0,2133.153258917698,53.0,2163.1980296065763
264,77.0,2055.978846026653,63.0,2143.7157416755736
265,71.0,1893.0869317601591,66.0,2179.6930859216122
266,77.0,1943.5777310407161,67.0,2173.2277496548495
267,77.0,1940.320843550151,61.0,2046.0982329013123
268,72.0,1968.9606499422189,51.0,2111.9897847775856
269,76.0,2093.9594480374612,50.0,2035.2886533343249
270,72.0,1935.1147557446789,55.0,2095.0855609431114
271,72.0,1955.243359418693,52.0,2089.0639891954406
272,71.0,1964.6181622922727,67.0,2049.4529149158443
273,67.0,2003.5431467638714,60.0,2079.0997393351386
274,83.0,2039.604952716268,55.0,2041.8606011585484
275,62.0,1965.2775974020144,52.0,2096.362322638429
276,83.0,2026.516496068761,49.0,2008.589469851259
277,72.0,1988.5238897041124,60.0,2090.5365636708184
278,68.0,1962.352519523418,61.0,2080.0996097908824
279,62.0,1920.8634611316509,58.0,2017.0069305548516
280,80.0,2215.388200084842,61.0,2154.9753382197546
281,72.0,1947.3259786320114,37.0,2014.4346169722544
282,81.0,1991.3399808168463,47.0,2142.8286813023324
283,75.0,2076.74715943911,63.0,2287.9718632795657
284,71.0,1973.1997208574298,55.0,2105.4704485888674
285,85.0,1945.660470007348,47.0,2004.2030406083356
286,75.0,1984.310497532406,49.0,2012.9583414945764
287,81.0,2194.4698715768764,58.0,2117.1877725732106
288,61.0,2203.2016765815397,71.0,2137.29092362287
289,56.0,1966.4976829579493,52.0,2098.1820555202407
290,70.0,2072.9127025663165,57.0,2088.208194475756
291,61.0,2052.6068814921837,49.0,2100.981798907539
292,87.0,2169.172537244119,61.0,2054.8715768823417
293,65.0,1925.65458728625,52.0,2107.9877275312956
294,68.0,2076.3845594930863,57.0,2072.8660837935763
295,75.0,1916.4564195433684,53.0,2072.46910814423
296,67.0,2147.5993515161954,57.0,2037.9735179501922
297,73.0,1993.6053050756327,52.0,2039.341778888243
298,83.0,2012.7000083015173,64.0,2294.8878009455025
299,77.0,1972.416648549635,61.0,2062.091544165535
300,59.0,1811.6412725882044,58.0,2125.8923160880727
301,82.0,1988.756196000176,58.0,2095.151287368548
302,66.0,1917.723115137666,59.0,2013.6476206308546
303,64.0,2031.3681302885057,57.0,1989.7880893447839
304,64.0,1979.6121253252613,63.0,2123.22376455804
305,86.0,2089.2868571394197,58.0,2170.2223953297157
306,75.0,2072.7255033472698,59.0,2103.0680376355526
307,74.0,2058.9227818228287,48.0,2080.0519172998784
308,89.0,2054.209573635866,59.0,2082.379159242298
309,74.0,1921.1167616609994,62.0,2103.9245177666057
310,76.0,2031.040673275584,55.0,2040.1290464757392
311,68.0,2028.83288137355,67.0,2139.732471647288
312,68.0,2037.8481893153817,69.0,2254.4539785033035
313,89.0,1999.5648889528622,47.0,2071.133868281368
314,74.0,1980.2640535306884,52.0,2067.042044768329
315,77.0,1971.1508600177478,58.0,2126.2434024354907
316,61.0,1944.6871597488987,61.0,2162.837701741697
317,57.0,1922.8172012747107,47.0,2117.6667289338952
318,74.0,1980.1356080188723,85.0,2382.392435389093
319,69.0,1952.921142004982,57.0,2052.929892041549
320,80.0,2109.198158326219,58.0,2092.023263876705
321,77.0,2029.8151393242833,66.0,2152.961525476052
322,68.0,1945.7034277892435,64.0,2057.7294361199174
323,65.0,2034.2687336762945,47.0,2080.43553221547
324,62.0,1977.8450963252978,55.0,2084.2094916485808
325,73.0,1957.2702464163688,63.0,2174.0589452558625
326,71.0,1943.9998642904322,61.0,2195.4341387047534
327,59.0,1913.7835177023671,57.0,2158.0397735629626
328,78.0,1964.271685676826,49.0,2034.3959658240205
329,86.0,2125.3009396878288,45.0,2029.8229346616663
330,74.0,2014.8927427267706,59.0,2082.429060284892
331,80.0,1962.020449457747,54.0,2141.396915339046
332,63.0,1998.7874066216139,61.0,2213.625578149919
333,79.0,2018.9022251053927,50.0,2237.784912193744
334,85.0,2113.9943866081812,63.0,2170.0950695132287
335,75.0,2086.887389175589,59.0,2116.201540902343
336,64.0,1867.007661700866,48.0,2022.5531727070863
337,81.0,1982.8828425763577,52.0,2069.436821677417
338,68.0,1985.1766716193467,58.0,2041.7583443665158
339,74.0,1939.539994731958,63.0,2130.054826655058
340,80.0,2134.4601979095432,51.0,2123.1006328437834
341,82.0,1979.5069558059909,60.0,2266.3344920705913
342,69.0,2040.5339427960066,52.0,2183.4657591618584
343,84.0,2012.0922840551507,65.0,2145.157863044216
344,74.0,2035.8913561103172,54.0,2035.3322661438417
345,63.0,1917.2666835543823,44.0,1985.198486787258
346,85.0,2048.3641445658786,57.0,2087.829362186605
347,66.0,1947.0412600579887,51.0,2095.2759933448215
348,79.0,2104.7833002941643,62.0,2210.4216155163867
349,76.0,2112.338941215718,62.0,2063.256390347985
350,69.0,1941.5268849690015,61.0,2089.7410927972433
351,71.0,2013.554344236873,62.0,2066.835471188471
352,57.0,1986.152601500806,60.0,2106.274595549972
353,84.0,1984.477800333206,56.0,2039.783469219777
354,77.0,1951.1934802593828,49.0,2107.4747707106217
355,80.0,2005.223531962084,61.0,2164.9368204991233
356,74.0,1963.7364854625505,45.0,1964.152154130241
357,76.0,2069.7565654479527,58.0,2184.040909209534
358,85.0,2112.860744186107,65.0,2158.593409390045
359,73.0,2130.61956282833,53.0,2051.1963790758937
360,66.0,1981.8806424583497,59.0,2097.144229552777
361,60.0,1878.9923793042442,50.0,2155.0431734660915
362,55.0,1901.5414994835,63.0,2220.1789158860934
363,77.0,1980.8369188413185,56.0,2108.712762062529
364,75.0,2159.0352083272674,61.0,2036.2376574545424
365,77.0,1914.4611833685099,43.0,2021.3722549108404
366,67.0,1864.422782283533,67.0,2138.5599922093365
367,67.0,2149.5608847141043,63.0,2056.5492186568245
368,67.0,1903.0619224446352,56.0,1981.4475594530186
369,85.0,2083.988165767029,57.0,2210.9205290729496
370,74.0,2107.9766620210576,60.0,2018.0026748024345
371,68.0,1900.3057663986333,49.0,2009.086667022531
372,90.0,2239.161352266184,47.0,2033.6722504342138
373,85.0,2103.96206783657,58.0,2126.5620475707265
374,84.0,2041.082062430721,56.0,2116.2419215830814
375,81.0,1914.3160141789049,62.0,2350.104267859707
376,75.0,1950.148926013028,62.0,2164.815555039753
377,71.0,1937.2721572127896,62.0,2168.175713854021
378,55.0,1949.1033851543434,49.0,2084.261443896984
379,74.0,1999.6233022776191,64.0,2193.4187978840505
380,69.0,1943.8795438934146,53.0,2162.095389555898
381,85.0,2026.399428195722,55.0,2067.712419037979
382,66.0,1989.2751312707892,59.0,2031.648353138289
383,77.0,2024.3231368649624,62.0,2159.2471477486697
384,71.0,1911.3715644920321,53.0,2132.620938493119
385,85.0,2138.5180165611805,56.0,2078.51847386775
386,77.0,1998.687359774817,44.0,2051.0716325655076
387,68.0,1989.5396585228573,63.0,2123.256216830265
388,71.0,2053.6343756572815,60.0,2108.231238270744
389,69.0,1954.6960455039189,50.0,2142.1617904271066
390,69.0,2070.242059482942,52.0,2195.235384636675
391,85.0,2080.7497090992124,60.0,2080.4165467912812
392,90.0,2097.4933229724593,39.0,2072.9414904835644
393,72.0,1951.8132142941686,59.0,2091.08597241493
394,65.0,1922.835332161732,59.0,2022.9272654112694
395,85.0,1951.5653196848555,68.0,2261.1067072422197
396,69.0,1970.828205496678,50.0,2137.577610669507
397,84.0,1996.0604025624173,53.0,2094.040797605648
398,63.0,1975.8448366831442,57.0,2112.197095428937
399,80.0,2077.500589809631,54.0,2203.11052215122
400,61.0,2156.0839901488453,52.0,2150.4861275940157
401,76.0,2134.8357131711464,54.0,2057.5977617672947
402,78.0,2027.892216438036,48.0,1990.14532892766
403,64.0,2078.333175863096,43.0,1971.2361871596665
404,60.0,1868.6503338596601,52.0,2012.4984233295763
405,85.0,2020.9751707654307,59.0,2203.346796070145
406,55.0,1868.997831541548,52.0,2167.0875272576313
407,75.0,2291.839673612924,61.0,2071.0154791215555
408,75.0,2009.9917195342252,52.0,2039.891248745676
409,64.0,2141.8296968601444,58.0,2128.354691065642
410,67.0,1890.9120958135197,56.0,2004.114579416938
411,83.0,2002.661093010179,63.0,2187.0124375859436
412,69.0,2081.4467762509857,58.0,2082.0873386122835
413,74.0,2086.591708951878,63.0,2011.6007404023258
414,81.0,2035.7144420351347,70.0,2156.488161579059
415,71.0,1942.7167480633973,68.0,2248.9670630452442
416,68.0,2017.3403426766934,56.0,2092.1844846896165
417,77.0,2005.9568082866658,53.0,2057.4198381128117
418,82.0,1933.5438539260963,53.0,2150.1402904445004
419,79.0,2044.266828421803,55.0,2138.796031735724
420,72.0,2032.6345835120544,63.0,2108.0862670225797
421,78.0,1910.8078683661074,54.0,2085.25945061934
422,82.0,2034.6350201581147,58.0,2033.702659336922
423,77.0,2104.286389121526,45.0,2070.835781112823
424,78.0,2029.724278551179,66.0,2069.6225095536247
425,84.0,1954.8510548728216,66.0,2227.9862602890257
426,66.0,2025.0068945030762,53.0,2051.635711175706
427,61.0,2028.9917224556436,55.0,1995.0493036850723
428,65.0,1878.2873363124133,60.0,2103.403655142147
429,73.0,2003.6907029561933,60.0,2132.0022036688392
430,79.0,2037.550699301311,49.0,2113.409549522939
431,67.0,2026.5952104534858,56.0,2125.3558322186905
432,59.0,1979.5243793443008,56.0,2106.5688942715933
433,74.0,1993.5941297274946,58.0,2142.9067206288173
434,80.0,1970.6360136660062,53.0,2059.2805294795294
435,82.0,2175.877217332918,59.0,2090.9063683918216
436,90.0,1977.3345154916926,55.0,2127.783070236314
437,73.0,2001.1021685792364,54.0,2146.404236803588
438,80.0,1930.7099209789617,57.0,2141.6779711990966
439,65.0,2012.5111052923123,54.0,2115.7248104184664
440,77.0,2001.4389383435584,62.0,2225.4631595148653
441,70.0,1900.012385471596,49.0,2061.05430351301
442,77.0,2143.4167758037597,59.0,2178.2818116910207
443,72.0,2050.271067439465,53.0,2096.4544083521714
444,79.0,2148.9714856274973,50.0,1958.88385211936
445,80.0,2043.138135504558,40.0,2007.289136926104
446,75.0,2045.8975352626187,65.0,2151.4742648395786
447,66.0,1970.2933495636114,53.0,2046.1436569600182
448,65.0,2061.9672337527722,62.0,2079.9638171738575
449,66.0,1891.971979270314,67.0,2073.947407737218
450,82.0,2036.2972788292618,68.0,2195.0020157893177
451,80.0,2099.837407455851,53.0,2056.839205567466
452,69.0,1884.3183522585941,57.0,2257.6519593681787
453,50.0,1959.9013526862946,54.0,2066.8533542562964
454,78.0,2120.168374873716,60.0,2111.9249833859203
455,91.0,2250.9461399902502,69.0,2199.740313337394
456,60.0,1930.8390474051305,59.0,2318.568492781496
457,65.0,1992.5121144162326,62.0,2053.1154551088844
458,58.0,1968.5672399219352,50.0,2051.5980264709065
459,85.0,2036.9389586304947,53.0,2162.0188171680093
460,60.0,1944.174548262663,58.0,1996.2845006790126
461,83.0,2053.9466395979553,65.0,2346.8034935485607
462,78.0,2043.9378541828748,63.0,2075.1687961658677
463,87.0,1922.2142240108378,44.0,2049.267432537332
464,57.0,1981.267936740491,50.0,2010.0859570802402
465,90.0,2378.988655111857,52.0,2082.8411692371396
466,73.0,1948.9278949401976,49.0,1978.7268830475336
467,80.0,1923.1240450410558,57.0,2047.681897869469
468,82.0,2048.8723618649165,59.0,2115.757438078247
469,82.0,2013.7638816964666,44.0,2073.0360119888783
470,71.0,2023.9569953405087,57.0,2054.4440476150235
471,66.0,1974.0952739856832,65.0,2130.1925116478424
472,83.0,2070.4835475711952,56.0,2059.542986281347
473,79.0,1912.2339352109034,72.0,2251.2923077854903
474,75.0,2082.261510401105,54.0,2172.0766621224343
475,60.0,1873.1244117589122,66.0,2107.4251523046087
476,74.0,2091.608933794364,61.0,2215.971099876173
477,75.0,1947.6660509862136,39.0,2026.8872883451727
478,67.0,1859.2698971778198,54.0,2154.8013047540817
479,77.0,1999.6590440141601,50.0,2136.4236855635404
480,70.0,2053.12565350857,58.0,2195.553215867427
481,71.0,1918.4184934361358,63.0,2069.92678644134
482,77.0,2117.744915728392,34.0,1913.5521487860342
483,78.0,2101.998497520108,65.0,2054.1468413703
484,70.0,2092.523017541179,46.0,2008.9484308876524
485,68.0,1977.5503117431635,43.0,2091.757038851796
486,75.0,1974.445270355939,58.0,2095.537890784627
487,85.0,2059.8956806902484,65.0,2123.5452460922
488,76.0,1960.8047369742335,45.0,2160.1994136869034
489,81.0,2096.9498064193654,58.0,2087.849000706767
490,78.0,2038.5639816224045,49.0,2049.8892207114677
491,75.0,2038.6944912776312,65.0,2087.9341122087963
492,68.0,1906.7534390165763,48.0,1995.5586860333872
493,59.0,2019.295774408636,58.0,2040.9949163809133
494,75.0,1864.8859990920434,58.0,2084.1365809481977
495,66.0,1974.9320937966122,63.0,2279.691294645304
496,75.0,2056.6531941064454,65.0,2198.495334580564
497,66.0,1908.6157376098731,51.0,2061.395527380037
498,85.0,2008.4460052937136,47.0,2105.9688502135423
499,74.0,1918.2401757809164,50.0,2161.9229628021326
500,61.0,1999.9839465171092,65.0,2263.1582553130784
501,85.0,1964.4420800764856,56.0,1987.2795975911897
502,73.0,1922.5110192223367,47.0,2130.758476366832
503,87.0,2037.9042011993533,52.0,2113.883034006571
504,71.0,2115.7929438679107,77.0,2225.4057111521324
505,74.0,1961.4382771253577,60.0,2145.943279908524
506,66.0,1891.5467031255098,73.0,2032.2580778647425
507,77.0,2032.1827489636848,57.0,2106.962779184689
508,71.0,1919.0060097057403,48.0,2118.5487385699666
509,63.0,1940.8328464554177,48.0,2051.399359808897
510,61.0,1906.2699662777684,55.0,2169.3125792156875
511,69.0,2005.824278204026,67.0,2250.985891474909
512,68.0,2097.3601093048387,65.0,2067.584798050398
513,71.0,1955.3452222162077,61.0,2101.4554504376306
514,74.0,1983.9348344400184,66.0,2192.019364561437
515,85.0,2170.212573409967,67.0,2073.282199471551
516,70.0,1935.141650741563,54.0,2176.06607060255
517,76.0,2002.3134176974797,45.0,2082.4132686745156
518,77.0,1929.8108219026049,53.0,2139.3288709185595
519,63.0,2029.0452170847975,49.0,1977.942000005887
520,69.0,1947.6040496641494,56.0,2192.641276852501
521,72.0,1932.9207742046178,47.0,2031.8516930536043
522,69.0,1935.9253085391674,54.0,2168.2590358647867
523,66.0,1953.7426115925707,47.0,2081.362624458773
524,75.0,2036.144958539657,53.0,2152.4203214006975
525,77.0,2002.9476251351296,60.0,2182.505906211807
526,88.0,2022.9212473271837,54.0,2080.9288043914385
527,67.0,1938.2390617953986,48.0,2005.2333462166998
528,77.0,1984.259041542354,57.0,2082.2896085709867
529,80.0,1947.1890347690562,62.0,1987.0051404472558
530,64.0,2011.2576181786296,54.0,2098.62792632394
531,70.0,2089.712774255861,49.0,2017.5947558513774
532,72.0,2029.581263185329,54.0,2124.987603516411
533,80.0,2175.1765453863186,65.0,2108.5568146930887
534,63.0,1820.248121935002,54.0,2088.300248631557
535,85.0,1943.0844868561226,50.0,2133.3620812889335
536,89.0,2114.6263983455456,55.0,2048.2131158655848
537,76.0,2044.5716700298442,54.0,2093.340807369847
538,87.0,2063.383741647074,76.0,2161.343967847131
539,77.0,2066.939914885544,58.0,2147.701004038764
540,72.0,2069.073313610365,58.0,2083.6737123926914
541,72.0,1946.5778498334546,54.0,2016.923681239322
542,58.0,1857.7772599994198,63.0,2154.386581492523
543,77.0,2155.5230292947167,63.0,2252.5085746821755
544,72.0,2106.7319673359757,50.0,2105.277878645892
545,75.0,1919.3699327031375,52.0,2120.288896350353
546,67.0,1961.7392627268453,55.0,2078.7105837260515
547,64.0,2029.2392991185761,59.0,2142.226597929208
548,78.0,2002.023547652548,54.0,2120.5428540817325
549,64.0,2095.9395330212596,54.0,2197.141225778589
550,72.0,1947.5055254261515,59.0,2244.853348698362
551,78.0,1976.3543332563731,50.0,2081.7999541156455
552,77.0,1956.9723942001363,59.0,2151.872347892182
553,74.0,2053.1608599857022,59.0,2078.526845568765
554,78.0,1972.4760299182046,51.0,2063.9219283592065
555,72.0,2043.9681636035878,58.0,2145.263354272448
556,76.0,1989.1786394120352,61.0,2123.016749174994
557,68.0,1877.897598216665,63.0,2053.991481563198
558,78.0,2087.915387205504,56.0,2107.545178263926
559,62.0,1864.8877164598296,63.0,2108.2211484898726
560,79.0,2020.114067038689,56.0,2061.5683330237753
561,74.0,2015.8707005031554,53.0,2148.19242762829
562,88.0,2070.657077091704,61.0,2357.8702700362937
563,80.0,2061.9421770616086,53.0,2167.374353565441
564,73.0,1955.9957070230691,58.0,2165.0143559744424
565,67.0,1968.2746422914756,51.0,2081.452691231092
566,70.0,1969.4014730896106,50.0,1982.867476062632
567,87.0,1979.7265996261424,48.0,2043.836189139131
568,74.0,1997.296939729567,65.0,2266.991505434618
569,72.0,1894.4666308414319,47.0,2074.5186675698824
570,67.0,1967.3896423828794,48.0,2038.7784369914086
571,77.0,2062.00124529259,53.0,2355.2997894572086
572,63.0,1977.595180377675,57.0,2154.467546706264
573,70.0,2141.9145814025464,64.0,2088.201369908634
574,70.0,2000.8033587075104,52.0,2106.7620056694686
575,78.0,2060.1433345170058,44.0,2032.0443727755608
576,85.0,2123.723489746091,65.0,2073.0746589683063
577,77.0,1923.396684147608,55.0,2194.128832390872
578,66.0,2106.232087493333,44.0,2047.618484973203
579,69.0,2020.7923488238634,54.0,2014.3911706909635
580,74.0,2028.5690455412162,70.0,2193.1039665857984
581,64.0,1914.6632482787838,53.0,1964.8445466172595
582,83.0,2055.6749499536445,41.0,2033.5713611906394
583,76.0,2096.6305957859317,52.0,2204.478684234325
584,79.0,2055.638677438491,58.0,2135.938291456236
585,73.0,1978.1877555482638,48.0,2139.9898892898564
586,82.0,2072.4670199737784,51.0,2271.7701304011075
587,82.0,2196.584237756054,52.0,2015.2253140102578
588,64.0,1868.2963263152005,61.0,2196.0569728839205
589,58.0,1963.412475155573,54.0,2132.563233965323
590,65.0,1998.4701792435787,56.0,2051.6550978791297
591,66.0,2015.3089144304245,64.0,2153.2546068527854
592,64.0,2046.6794104067708,48.0,2069.9226796374633
593,82.0,1987.7870202855368,62.0,2082.962870190293
594,82.0,2098.287731301673,50.0,2129.693793084089
595,56.0,1890.148407421802,61.0,2202.198672390913
596,81.0,1978.1890371230322,55.0,2135.526506978166
597,68.0,1919.6093337547711,58.0,2072.6909860148185
598,64.0,1848.0565195886595,50.0,2081.9537112163525
599,74.0,2073.1775917571435,46.0,2038.0034754834012
600,73.0,1928.05467560475,49.0,1974.6444088296028
601,81.0,2211.7315388291245,59.0,2141.5096271312514
602,86.0,2081.6407218875506,47.0,2162.7585836025223
603,60.0,1876.449289201704,45.0,2111.6082001242994
604,72.0,1970.262112845759,55.0,2154.132228798176
605,77.0,1976.0861240661975,50.0,2062.467925726793
606,59.0,1956.9976039581773,48.0,2040.1981435110565
607,75.0,2078.6120460367274,54.0,2100.8684783908084
608,74.0,2111.398011706088,45.0,2294.382028993251
609,78.0,2068.436863285448,46.0,2106.4121064210094
610,56.0,1916.6716852757602,60.0,2093.3764884352495
611,76.0,1976.5142460319933,62.0,2086.8541121042936
612,74.0,1944.4631064217954,60.0,2126.8336114029967
613,83.0,2009.987585475321,53.0,2141.7290351153615
614,90.0,1973.816139987726,57.0,2157.787707005301
615,73.0,1893.2635566110728,57.0,2114.8796286700895
616,82.0,2149.385250719354,58.0,2072.5635099777305
617,76.0,1946.975168984589,48.0,2086.800806308626
618,84.0,2005.7537035206153,70.0,2160.9282295343623
619,71.0,1967.6567428021258,53.0,2145.654538281371
620,73.0,2072.072617181104,59.0,2091.526661701295
621,76.0,1936.6399173776242,51.0,2019.5538061122677
622,63.0,1897.4275138737055,67.0,2220.9984850413016
623,75.0,2020.794355798998,59.0,2174.73390814495
624,82.0,2049.1261095944005,50.0,1993.609595483775
625,80.0,1988.178660613247,56.0,2233.994715286848
626,69.0,1918.7691391685707,52.0,1991.3731522432845
627,79.0,2031.1822800949972,56.0,2154.296249671878
628,74.0,2130.8856670740465,62.0,2273.5040899366404
629,68.0,1917.3457629014465,54.0,2058.4608974490484
630,58.0,2050.51743227865,56.0,2186.5802473856606
631,59.0,1980.917861934072,62.0,2306.037158049823
632,82.0,2036.5596145232971,51.0,2006.6522059793547
633,74.0,1942.96378720255,54.0,2162.359169342329
634,64.0,1860.8357495427979,63.0,2102.2120990646813
635,71.0,1945.6579016756598,53.0,2100.544854217351
636,72.0,2042.572094932203,55.0,2128.408645912911
637,60.0,1965.777161719104,48.0,2122.733298066153
638,65.0,1998.2758993469783,57.0,2038.3664238746833
639,77.0,1984.3854146653573,56.0,2126.0073978414907
640,66.0,2042.7479413031995,44.0,2126.8350669643087
641,77.0,2177.743633593658,50.0,2008.568227975099
642,78.0,2146.3133387402127,63.0,2157.501737751088
643,88.0,2076.508092618822,55.0,2059.340740870833
644,83.0,2039.6830010349393,55.0,2168.2937902708063
645,74.0,2024.8498283066986,59.0,2047.167571750521
646,84.0,2010.8146599694442,45.0,1996.078619994449
647,65.0,2023.9100174155299,53.0,2064.2578804112877
648,95.0,2003.617091562217,48.0,2089.563982586794
649,62.0,1879.5756820447812,52.0,2046.3880691717907
650,68.0,1959.6423305665874,56.0,2098.8372014625047
651,69.0,2149.9793134662145,54.0,2197.4234037005062
652,87.0,2118.663781902363,57.0,2016.8108867410117
653,70.0,2029.9420747340682,44.0,2156.311878023358
654,85.0,2061.258373033813,45.0,2229.5973011601995
655,58.0,1865.6228073510295,60.0,2064.243654691284
656,88.0,2160.59021362285,39.0,2006.175893639483
657,67.0,2112.8228832004675,41.0,2119.4135431395944
658,84.0,2158.229121541521,44.0,2127.3797458991066
659,77.0,1860.7699737668188,48.0,2160.5414349853468
660,67.0,1976.6167676853886,49.0,2160.3442037449513
661,75.0,2012.3059253444894,63.0,2183.0128706630603
662,77.0,2027.9162831706292,57.0,2139.873859907471
663,68.0,2151.951591662623,58.0,2084.45059218889
664,75.0,1991.2598118535363,64.0,2093.6163570679814
665,88.0,2273.3358363556476,55.0,2076.1093831661537
666,72.0,2022.2393124261425,58.0,2091.2580138800586
667,86.0,2136.3913094080813,54.0,2155.2104305182843
668,67.0,2023.4530794938314,52.0,2017.2542136624436
669,72.0,2066.7735013426545,51.0,2018.1513379387159
670,74.0,2073.850430208543,52.0,2109.1704315633897
671,72.0,1999.887037576416,51.0,1937.2278027972113
672,73.0,1832.6866270195462,54.0,2016.5053810185307
673,78.0,1972.111515148241,65.0,2277.185408964363
674,70.0,2089.6427053194525,67.0,2092.2136069385033
675,68.0,1942.1281822840317,62.0,2065.8324369332854
676,68.0,2006.89618501898,56.0,2071.617409320934
677,88.0,2113.973359108707,56.0,2228.4361447320452
678,63.0,1919.1908302638292,45.0,2162.2396044235984
679,74.0,2044.3633503661215,57.0,2109.7153074897187
680,75.0,2017.4458861878857,55.0,2159.5277415415535
681,89.0,2018.759848727539,55.0,2125.6919906704
682,87.0,1998.1682657833346,54.0,2025.4698626438767
683,85.0,1988.7305355404706,57.0,2122.3410961517325
684,77.0,1989.0164975261423,54.0,2202.078139932961
685,77.0,2012.532243266957,49.0,2090.082794702546
686,82.0,2014.2930799910744,56.0,2052.114140053956
687,64.0,1912.4077439829273,50.0,2219.8776876719926
688,62.0,2033.5711237145206,55.0,2127.996210358021
689,69.0,1942.0112509905277,63.0,2217.0640163859935
690,73.0,1968.373524910687,57.0,2118.7980216156616
691,79.0,2081.626095272121,64.0,2072.6249082150407
692,90.0,2137.4540178303455,57.0,2162.691414196038
693,71.0,1919.0418438322213,59.0,2094.927999403472
694,75.0,2066.598957043121,57.0,2070.537602421167
695,87.0,1983.585696949341,45.0,2019.8348589796622
696,84.0,2014.9828700104708,57.0,2090.4609084423114
697,66.0,1929.5120027381954,54.0,2031.297742714935
698,65.0,1967.8332659702514,56.0,2109.1939952216026
699,67.0,2066.602028998212,55.0,2322.407184127926
700,64.0,2046.2054402026788,50.0,2049.2211773684903
701,65.0,1958.2585710842109,51.0,2040.6134581383094
702,71.0,2018.7965957283916,53.0,2220.0809131324113
703,71.0,1991.729097423109,55.0,2090.0778713813443
704,68.0,2036.3438524662354,58.0,2067.9005284229097
705,57.0,1974.591430098928,63.0,2094.127278534759
706,82.0,2080.727246693471,49.0,1990.5005554001634
707,67.0,1938.6087136351853,53.0,2033.108914933105
708,64.0,2001.0763263761212,60.0,2193.579179835409
709,75.0,2011.4445855966517,59.0,2080.6359866283883
710,78.0,2073.1711197041072,42.0,1979.1339972442795
711,71.0,1982.593935000703,50.0,2035.4886597044053
712,76.0,1992.7464074708705,60.0,2146.2927336098196
713,73.0,2034.7877745355217,65.0,2009.1929772615513
714,88.0,2255.655354295959,70.0,2220.203978236856
715,82.0,1987.8116360577121,58.0,2128.9515766433587
716,63.0,1892.6257739630366,57.0,2110.5801494379707
717,65.0,1875.2987428165677,42.0,2044.8949522668818
718,84.0,1997.7812707727053,65.0,2147.9000413393755
719,69.0,1990.4098263056694,50.0,2077.6509821424534
720,73.0,2088.7932848106107,54.0,2107.143688204047
721,75.0,1951.8401890022096,58.0,2011.6285596935147
722,62.0,2031.3886295541474,53.0,2117.216897563666
723,73.0,1916.8674390327203,58.0,1998.7772262166745
724,54.0,1876.3376064613433,62.0,2043.579896083307
725,83.0,2000.3745414908421,56.0,2144.6880186209214
726,99.0,2100.7332535407577,70.0,2048.3815242015608
727,68.0,1977.116829288239,66.0,2227.5836564195306
728,60.0,2014.7249713856565,57.0,2159.012811095578
729,57.0,1960.4762290637323,46.0,2133.953981790492
730,66.0,1918.99439586214,51.0,1987.0593674618299
731,88.0,2165.0340274387854,36.0,2076.0863879900853
732,58.0,1981.0557079063715,59.0,2116.4143739328915
733,83.0,2077.8263798845865,41.0,1949.839302080487
734,74.0,1969.778376003796,61.0,2127.063410617936
735,78.0,2046.9514049712513,62.0,2125.104062091871
736,69.0,1998.875040052119,55.0,2075.342794363675
737,82.0,2046.611658690737,56.0,2075.0321301649838
738,74.0,1963.0550312306386,60.0,2063.7537628144173
739,75.0,1955.0496992638648,60.0,2144.6627185371667
740,81.0,1913.66094325963,55.0,2052.214439984968
741,69.0,1977.0547337024116,52.0,2075.8794276943954
742,63.0,1994.3553322375703,57.0,2051.828694596861
743,61.0,2006.4676647616461,50.0,2028.7149304670988
744,76.0,2085.2031516768247,57.0,2137.855987815166
745,89.0,2090.99327720381,60.0,2245.3162041031383
746,71.0,1966.3320269039593,60.0,2177.039327185366
747,84.0,2097.3332262993886,57.0,2309.789067998517
748,67.0,2065.870067588607,42.0,1986.846333417597
749,52.0,1932.6201283767705,41.0,1994.5002642963298
750,60.0,2001.3264923489683,67.0,2228.1212326060263
751,72.0,2132.0860171118757,53.0,2116.330789896016
752,82.0,2160.901324277307,50.0,2060.555278047261
753,81.0,2059.083368995342,51.0,1987.948343287029
754,89.0,2025.7897930689142,55.0,2179.843369162648
755,76.0,2078.989528436436,69.0,2240.7500714052667
756,82.0,2096.6468631606413,68.0,2355.659348241382
757,62.0,1878.0158759175079,61.0,2147.2890145161923
758,90.0,2095.002732372419,70.0,2147.3598816966983
759,72.0,1930.5184778244723,59.0,2059.5199325453955
760,78.0,2007.3816122726807,47.0,2048.7914618366212
761,61.0,2087.9916194965867,44.0,2014.581756097874
762,64.0,2072.9883283108775,50.0,2044.5677347006647
763,64.0,1919.492521719751,60.0,2181.808242079478
764,70.0,1957.6704592120618,71.0,2064.3055518759456
765,65.0,1884.473713430744,58.0,2153.39407010976
766,86.0,2093.584605410169,67.0,2084.3150292315026
767,80.0,2052.5148498682524,62.0,2017.887588990635
768,64.0,1899.2302284267205,47.0,2024.5224330451463
769,75.0,1987.6533901768407,51.0,2017.503622046808
770,64.0,1964.385472881613,56.0,2080.0027976997358
771,81.0,2020.2152149733797,44.0,2035.7310862885136
772,79.0,2089.5954902661265,51.0,2118.47739630811
773,67.0,1981.5324637971094,52.0,2001.5145994731567
774,64.0,2130.2908226052527,61.0,2138.2704623485774
775,73.0,1927.4277286463255,45.0,2147.6867267925845
776,77.0,2027.3561026259788,57.0,2136.082469383825
777,69.0,1942.9950412265785,54.0,2160.741406506625
778,80.0,2000.1797638938233,64.0,2152.6254952747013
779,86.0,2078.8956898291362,51.0,2092.7537035490777
780,90.0,2053.379691720447,50.0,2088.3975680813305
781,80.0,2034.4248597779651,57.0,2063.5776637302356
782,84.0,2065.7590599916703,51.0,2120.272325744184
783,67.0,1933.892389663862,40.0,2024.1809998821352
784,71.0,2027.5887498556967,42.0,2081.9185808941634
785,79.0,1959.274963590538,61.0,2102.109934346986
786,76.0,2127.46834159788,52.0,2075.281846120683
787,74.0,1929.8472048504084,46.0,2071.0843860681207
788,74.0,1957.0253960342923,58.0,2303.3857905418977
789,68.0,1952.6071692587009,66.0,2119.8773959179143
790,66.0,2095.0456848605613,54.0,2235.087912195678
791,71.0,2001.9739136435614,59.0,2069.4466821652472
792,78.0,2030.3459358522255,65.0,2041.4399202275238
793,95.0,2140.4970820163358,62.0,2271.9515651043957
794,94.0,2101.7568195050626,65.0,2111.234808168502
795,69.0,2121.949235244303,48.0,2067.4183449322377
796,73.0,2081.018727528318,48.0,2123.960012436266
797,77.0,2014.8524954750987,60.0,2053.688272345474
798,74.0,2002.5963678153273,52.0,2165.603322202704
799,74.0,2185.6331387344558,58.0,2332.1230050597765
800,60.0,1972.6832719193198,54.0,2052.592768648202
801,84.0,2198.534753385565,48.0,2080.5634703993383
802,67.0,1936.0875876516675,59.0,2117.9943270819317
803,67.0,1944.4435247243905,63.0,2082.0294430185395
804,73.0,2033.1932250200812,49.0,2079.611232241186
805,78.0,2003.4695546770376,64.0,2074.054287537327
806,73.0,1996.032046109248,66.0,2071.60104582184
807,64.0,2080.473217582286,63.0,2111.469618964258
808,74.0,2013.7126471447089,65.0,2273.7545344668215
809,74.0,1996.6783696950124,61.0,2146.069398363895
810,72.0,1912.8393831074343,60.0,2295.901944467964
811,75.0,1993.3192513620752,71.0,2270.951972099087
812,89.0,2007.3825508275809,51.0,1959.8852603543844
813,78.0,2059.807173102215,56.0,2083.9243660838265
814,65.0,1963.2825183716263,48.0,2038.9642983454671
815,62.0,1994.9839265355517,56.0,2146.674596588087
816,84.0,2022.3668734071607,47.0,2113.1050736903885
817,88.0,2177.3939389907846,48.0,2035.3343120084583
818,78.0,2132.243822700584,50.0,2128.054088356666
819,72.0,1933.04089223163,51.0,2196.5437817523807
820,71.0,1923.589230754744,52.0,2023.640078698597
821,77.0,2022.599513726225,58.0,2061.9950609106836
822,70.0,1954.7791227158611,55.0,2128.3814011303734
823,62.0,1916.0902130640447,50.0,2097.4238450630805
824,56.0,1864.4061880452746,53.0,2026.5395577900779
825,71.0,2130.195976664388,60.0,2164.2253557381728
826,62.0,1928.2186961615625,69.0,2195.378663111152
827,61.0,1932.152078023463,61.0,2265.866499564562
828,64.0,1908.6820116176568,55.0,2115.8344468181344
829,72.0,1934.1832629260325,61.0,2174.7019351383055
830,74.0,2136.631719701709,48.0,2007.3810259620911
831,74.0,1995.4768825358528,57.0,2130.567873319651
832,67.0,2121.846911454986,55.0,2166.789575417321
833,79.0,2166.706372074282,56.0,2189.334912225162
834,80.0,1929.533187722688,64.0,2171.5380616239727
835,78.0,1992.9145307389608,53.0,2116.7098074484434
836,75.0,2019.778059837529,63.0,2075.8186227486003
837,66.0,2083.862653403234,57.0,2097.0029580956125
838,71.0,1934.4278846890636,57.0,2171.2350352998687
839,76.0,2071.6760463280784,51.0,2099.0006710453367
840,83.0,2026.3977039644578,55.0,2117.5358051536855
841,83.0,2029.3628513641422,54.0,2129.2484826312257
842,58.0,2066.685820339088,52.0,2028.4804988494386
843,85.0,2142.5201686862924,50.0,2003.592309801854
844,82.0,1914.4279512074459,61.0,2130.6956286922323
845,76.0,2063.1397864560363,72.0,2230.8660831536927
846,88.0,2054.389945238167,56.0,2173.5748160251587
847,82.0,2135.7970671948265,62.0,2104.8162921407306
848,62.0,2129.9880303756013,50.0,2006.2520681043547
849,75.0,1973.0072166890766,56.0,2049.352485819739
850,67.0,1986.913205054593,58.0,2044.2870566928011
851,63.0,1844.095772165761,55.0,2124.4669219833536
852,62.0,1994.3877826471933,53.0,2077.3659732604583
853,72.0,2072.4877735704167,59.0,2334.137631306664
854,81.0,2030.5884137596593,64.0,2114.809556027528
855,80.0,2075.7777713410246,60.0,2011.8219162901469
856,73.0,2212.2064989642613,72.0,2118.3158682547446
857,64.0,1923.8327388245286,43.0,2086.8606448895307
858,74.0,1983.6794023872708,67.0,2068.315175739788
859,86.0,2091.0032817664587,55.0,2090.669013430279
860,71.0,2082.9968400687003,51.0,1969.3704907097904
861,73.0,2117.1205962434037,73.0,2189.0228314728784
862,69.0,1962.6761808986366,64.0,2137.245213765663
863,78.0,1901.3272777551413,52.0,2135.2483334635854
864,68.0,2009.2924649433069,55.0,2136.356698723519
865,77.0,2118.52083823969,49.0,2106.6560841325054
866,57.0,1923.018306495086,54.0,2161.0674121828893
867,77.0,2012.0234494365907,60.0,2103.1120761292
868,71.0,1973.7036175554651,54.0,2148.804939449645
869,72.0,2029.4053368475256,44.0,2063.682777421644
870,66.0,1932.76433771391,54.0,2143.609450245187
871,74.0,1999.3069099230554,48.0,2035.9764443038157
872,77.0,2035.6620364473115,58.0,2036.961209744314
873,77.0,1992.143779719619,57.0,2040.690550620273
874,78.0,1956.1954608361448,69.0,2106.674134108507
875,74.0,2110.906416995437,52.0,2008.8057820790686
876,62.0,1893.1538237770703,61.0,2093.169835641217
877,58.0,1907.7651227908057,65.0,2196.447663116239
878,64.0,1952.1434383114567,44.0,2063.2742735281463
879,78.0,1941.0700711420607,67.0,2210.3744430835677
880,66.0,1996.7556308353148,64.0,2085.1405301135187
881,70.0,1945.811874538773,58.0,2136.690334505656
882,63.0,2017.707469796562,45.0,2048.4086083160755
883,73.0,2008.6579775395708,56.0,2040.180634004605
884,67.0,2014.86539867641,47.0,2314.057726595934
885,95.0,1988.2299942640047,54.0,1986.3056491637083
886,77.0,2089.963489225496,66.0,2163.7608646625813
887,79.0,1957.056525752635,49.0,1980.8613658513077
888,89.0,2050.151593570495,58.0,2003.1212517218767
889,80.0,2077.5193672882165,56.0,2091.89856759288
890,69.0,1916.534624609231,56.0,2076.0781933136195
891,81.0,2104.5062080154526,57.0,2058.034524293504
892,81.0,1979.0687756053076,36.0,1985.0489086768343
893,90.0,2072.4391409398345,70.0,2101.482479156901
894,89.0,2146.058083930183,52.0,2152.4439449218644
895,91.0,2172.2208456253848,47.0,2099.0956959954606
896,55.0,1997.5528909634888,57.0,2135.7921595578464
897,73.0,2259.202814753237,60.0,1942.7124095648617
898,77.0,2018.216004743306,57.0,2111.350227710047
899,66.0,1916.6352599265813,61.0,2235.715140675104
900,68.0,2001.40973119455,64.0,2236.0499122720007
901,49.0,1988.5881760662598,67.0,2131.7848747817193
902,77.0,2121.824797398271,57.0,2049.3764883235926
903,70.0,2035.7044801764691,55.0,1988.563953861284
904,71.0,2002.224111175859,54.0,2044.4842332333237
905,71.0,2022.5248110873506,62.0,2153.505596891875
906,60.0,1874.708728446738,68.0,2069.083687906744
907,72.0,2003.2061558541861,54.0,1963.227218042756
908,88.0,2277.2771278439022,44.0,2071.6104947115923
909,62.0,1942.7269339257002,51.0,2091.874764911734
910,69.0,2049.8444352908987,59.0,2045.5855680130016
911,56.0,1888.783306110495,49.0,2104.444879757109
912,75.0,2038.9753098149702,60.0,2061.2423663945447
913,63.0,2071.730974072907,60.0,2124.5885244447204
914,80.0,1976.7728156226792,56.0,2189.449812874962
915,77.0,2056.5032491063434,50.0,2080.8664567794062
916,71.0,2065.8477446269353,55.0,2099.8291254758183
917,73.0,1989.9853802621315,54.0,2018.2523815332402
918,71.0,1996.6055190746536,54.0,2216.3327635310384
919,80.0,2039.914562647815,62.0,2100.198166944957
920,73.0,2004.9822474318728,55.0,2051.5286410647054
921,71.0,1875.1744867069767,48.0,2066.8632931538928
922,61.0,1944.6671170290622,46.0,2013.237961777432
923,86.0,1965.9713636567474,55.0,2093.0600220125984
924,69.0,2020.2030228362412,62.0,2254.927590408686
925,73.0,2024.916789878761,60.0,2070.8879554727723
926,77.0,1932.9185754851862,56.0,2064.956887321977
927,86.0,2084.5825820056793,61.0,2174.4608687595
928,67.0,1969.0962678194114,60.0,2314.2365960115058
929,70.0,1920.775216773068,60.0,2137.546775779719
930,71.0,2033.9506930253458,60.0,2148.6069876463253
931,80.0,1998.0583117002948,45.0,2020.573543777664
932,71.0,2085.7433055679194,50.0,2118.1658347748144
933,83.0,2214.2985427422727,46.0,2059.5647752043337
934,79.0,2202.2008971417426,60.0,2149.7288654216077
935,88.0,2065.961446706203,65.0,2300.527666521157
936,83.0,1943.1210128537439,49.0,2014.2376783612267
937,80.0,1948.442100852515,62.0,2159.8828817336707
938,73.0,1992.5630079458654,72.0,2146.9951974499086
939,74.0,1920.3067832650818,47.0,2001.5928028835515
940,84.0,2127.711784127632,59.0,2068.7180370449373
941,69.0,1977.3099879003234,61.0,2053.337630922131
942,58.0,2030.1328096134657,47.0,2056.444374242642
943,69.0,2082.6235235760923,61.0,2122.17644867982
944,58.0,1991.8903824411466,54.0,2073.7932024021775
945,78.0,1905.3228658278722,56.0,2018.1017370400862
946,77.0,1871.3018861117712,62.0,2167.5247481588326
947,80.0,1931.8680795613423,58.0,2178.0800167985058
948,72.0,1899.4916913121629,53.0,2114.4596499515487
949,73.0,1959.0771231311228,50.0,2142.5332607485525
950,75.0,1985.4922549774346,60.0,2074.934900410137
951,64.0,1961.9580472487091,47.0,1996.5647468392049
952,63.0,2090.2249200607284,54.0,2084.2110193043177
953,75.0,2034.5159214163534,36.0,1998.7043408793627
954,69.0,1979.1496323573278,57.0,1990.2976469339048
955,76.0,2225.794722448154,57.0,2046.9732214861217
956,84.0,1989.282971587766,58.0,2083.2863806370815
957,80.0,2002.6913515584386,61.0,2181.2089034032506
958,66.0,1855.2183599668422,56.0,2070.2518736739917
959,65.0,1892.786912628824,60.0,2087.1648636296836
960,83.0,2175.532451013551,52.0,2163.906971904992
961,73.0,2026.198053211782,66.0,2089.968492042845
962,68.0,1884.155616035442,44.0,2144.6541708603004
963,77.0,1867.89052765143,43.0,1961.2618327499597
964,80.0,2131.6864321079174,50.0,2128.8169658915785
965,69.0,1946.1312821328956,52.0,2058.8959829059318
966,73.0,1932.5944274475348,51.0,2087.223000300598
967,64.0,2009.7565337927367,49.0,2121.1182480426683
968,70.0,1995.4539182728338,53.0,2067.5111178136367
969,66.0,2046.784065278989,53.0,2060.4010295367384
970,86.0,2067.77964015281,59.0,2101.0391252772692
971,76.0,2014.105528990498,51.0,2226.2753037406983
972,72.0,1951.0958845932266,55.0,2187.9395572502103
973,69.0,2108.7033883382746,60.0,2191.179852918417
974,66.0,1939.4618395973976,63.0,2089.2906943351445
975,73.0,1915.409359545151,64.0,2121.445033942425
976,78.0,2181.326787121696,56.0,2164.618990401888
977,73.0,2031.9086465495036,50.0,2041.4630292445534
978,67.0,1879.956089232238,51.0,2068.3228240966064
979,85.0,2132.721153196566,59.0,2154.94982297135
980,59.0,1876.1832794571335,51.0,2011.7741525927033
981,84.0,1975.981061848028,52.0,2130.428785661324
982,73.0,2109.1378546183073,73.0,2253.6292123867647
983,89.0,2095.1619764005773,63.0,2151.5370750737948
984,74.0,2078.6513480113435,55.0,2231.5736506793223
985,65.0,1979.6251955039997,41.0,2072.2338759551
986,79.0,2082.221512750644,59.0,2041.6844816496762
987,62.0,1896.3692782074575,50.0,1958.1086293898293
988,76.0,1957.1294817664254,63.0,2189.3981440169127
989,80.0,2068.5007520571676,54.0,2104.3816394857686
990,75.0,2021.4176029519738,56.0,2055.7680747963004
991,76.0,2068.5771759214404,68.0,2091.0687693509294
992,74.0,2148.1650976466576,47.0,2044.885621199069
993,83.0,2018.8068186955045,62.0,2043.4117756363642
994,73.0,1960.5961944672604,58.0,2251.1508515013184
995,69.0,1986.4900822460108,66.0,2175.2651679886367
996,76.0,2155.597628414623,65.0,2152.4388815960747
997,72.0,1981.3435664532426,37.0,2032.5853649790654
998,82.0,1990.8481070116538,66.0,2103.933236442588
999,55.0,1982.9841518127253,51.0,2132.8751580632047
1000,73.0,1981.9315812053055,46.0,1966.82026220252
1001,63.0,1964.868644231957,57.0,2164.672445796929
1002,76.0,2094.9749454411053,51.0,2066.649201988659
1003,72.0,1919.2262620189854,46.0,2096.765427981989
1004,76.0,2023.3238219284917,57.0,2049.48290433875
1005,77.0,2018.3059093484392,49.0,2076.9381857261096
1006,81.0,2118.4034254436106,53.0,2087.0067539286515
1007,76.0,2020.776050179016,58.0,2043.5256472396536
1008,81.0,1976.6150514639178,49.0,2066.8846037920157
1009,86.0,2134.9875916974465,44.0,1955.2335211352154
1010,72.0,1886.3443518595689,46.0,2070.8017048440674
1011,90.0,2203.5592028632186,62.0,2141.4375396058263
1012,76.0,2062.6822117912934,54.0,2132.9632674935315
1013,84.0,2133.336489635001,55.0,2062.3201459956003
1014,66.0,1930.1312826535807,68.0,2125.4540538432975
1015,66.0,1872.8236025775439,47.0,2070.5703350889994
1016,72.0,1991.2655928540826,77.0,2155.635946109791
1017,61.0,1968.7820509716562,49.0,2073.7636858475344
1018,72.0,1904.7222998753152,60.0,2107.766089158556
1019,88.0,2010.0034985620875,64.0,2089.933178889024
1020,76.0,2013.2840763459612,60.0,2078.4287008681895
1021,74.0,2040.0895339108588,62.0,2044.8497593403617
1022,75.0,1986.0473617657724,66.0,2078.819653775062
1023,86.0,2041.4397989814142,56.0,2192.121673430647
1024,93.0,2093.255750374328,59.0,2072.2280613874
1025,79.0,2058.9818628032244,52.0,2163.421568244008
1026,64.0,2121.6605903017107,68.0,2127.0050562080187
1027,73.0,2034.99584170773,48.0,2023.4167877866137
1028,82.0,2031.9971333459125,59.0,2003.4884052174039
1029,74.0,2004.162399838321,57.0,2094.582781034273
1030,74.0,1994.5457268528812,65.0,2149.0363989401867
1031,60.0,1914.8063780044392,55.0,2042.9737164559217
1032,70.0,2052.265242149892,53.0,2079.9059160120605
1033,81.0,2093.262194827512,57.0,2092.410065492401
1034,68.0,2026.211647420029,60.0,2015.4833270910765
1035,66.0,1982.365369701886,54.0,2062.139911322647
1036,71.0,2040.5759877585003,55.0,2112.6261289294825
1037,75.0,2044.2149691958612,58.0,2108.524087856602
1038,85.0,2136.261242717109,45.0,2060.8808033343503
1039,81.0,2095.2000714814712,66.0,2242.590734874984
1040,76.0,2057.4446660953545,57.0,2124.012275115975
1041,74.0,2022.3042696907337,50.0,2024.976185274175
1042,77.0,2012.9498917805108,51.0,2018.730194122195
1043,72.0,2104.34681783023,52.0,2162.500617987918
1044,81.0,2190.727402960002,63.0,2056.6206096300966
1045,72.0,1982.7707117369955,51.0,2034.9201753873238
1046,77.0,1917.865429246451,41.0,2011.98399281966
1047,81.0,2072.8293360229527,59.0,2144.3522292747343
1048,64.0,1906.8786746997696,54.0,2157.1992753460336
1049,93.0,2063.749274485629,55.0,2083.792997296111
1050,73.0,2000.9417802871606,58.0,2169.9636885787604
1051,65.0,2050.1452504817034,51.0,2131.1782752253807
1052,70.0,1991.8713284181763,52.0,2024.2092781245308
1053,84.0,2037.0334010055005,58.0,2105.6887080550587
1054,82.0,1990.3765497782972,64.0,2221.8796589836575
1055,76.0,2014.4231949636178,53.0,2065.859340171053
1056,68.0,2032.3868638530807,63.0,2164.482147778168
1057,76.0,1988.9992722397342,61.0,2253.425813070561
1058,65.0,2005.1479061196992,49.0,2022.5562231206943
1059,66.0,1946.877425542352,49.0,2013.9385120196555
1060,69.0,2124.0680647273084,53.0,2246.0311399928855
1061,69.0,2001.4752568472602,55.0,2119.237506927272
1062,77.0,2058.5233897951466,50.0,2121.917641585383
1063,75.0,2246.954287070694,67.0,2187.983276096392
1064,65.0,1877.012614247736,45.0,2047.4237633531707
1065,81.0,2185.0867967842714,50.0,2012.0402211700687
1066,65.0,2010.9237632864674,62.0,2163.5984047850334
1067,71.0,1902.4461355584074,53.0,2079.6985204394946
1068,87.0,1966.0599706845987,66.0,2069.130143263356
1069,71.0,2081.1573052939575,49.0,2149.47587805489
1070,72.0,2005.8515625810041,57.0,2116.0294842960375
1071,86.0,2009.1400954453725,44.0,2021.3752527399097
1072,78.0,2054.127464426791,61.0,2285.9817349012287
1073,55.0,1906.878188285679,58.0,2055.688483728904
1074,80.0,1909.086906805685,60.0,2088.8581025232984
1075,83.0,1992.5777048885295,61.0,2174.5056583093806
1076,66.0,2006.4616009601891,52.0,2098.788955409524
1077,75.0,2098.2752146937714,73.0,2351.7611562061993
1078,79.0,2118.0080003660823,51.0,2121.5845321791653
1079,67.0,1910.3249468336267,59.0,2096.017371922161
1080,78.0,2017.4897367136737,63.0,2265.0776607755665
1081,77.0,2008.1968894032611,74.0,2174.424864730937
1082,62.0,2062.901533541463,55.0,2119.8581601436963
1083,64.0,1922.1234042703015,53.0,2104.2583635567385
1084,80.0,2076.990878688015,40.0,2068.662616616469
1085,67.0,1935.7129285784715,57.0,2060.233118320469
1086,84.0,2053.7173247761925,47.0,2084.7511904928797
1087,87.0,2126.316551493367,74.0,2249.9223609236788
1088,69.0,1917.1862362877134,55.0,1986.2279449213042
1089,78.0,2066.9071718518794,57.0,2088.142718461132
1090,70.0,2000.7388370411657,58.0,2229.5937781451903
1091,75.0,1973.8023435165235,54.0,2081.3850086284447
1092,86.0,2252.9389778705545,70.0,2266.5998211369106
1093,77.0,2107.087827285897,57.0,2095.2833233463593
1094,67.0,1955.4740066434301,49.0,2193.075717279166
1095,79.0,1997.9418959117838,57.0,2045.5706206177185
1096,79.0,2143.993046881984,59.0,2092.889046050103
1097,72.0,2026.842141860059,56.0,2123.682189883977
1098,73.0,1969.429854145486,57.0,2198.910330701184
1099,71.0,2056.8528103506746,54.0,1993.083974634616
1100,70.0,1907.8979119232,48.0,1987.7003148368615
1101,66.0,1906.4038294607858,57.0,2048.456142104736
1102,95.0,2064.571065286955,60.0,2079.676603099983
1103,77.0,1982.446491835384,54.0,2114.37432468195
1104,82.0,1980.4486521903123,57.0,2073.86904115275
1105,83.0,2351.2952424728023,56.0,2144.734928744466
1106,85.0,2016.9348290494909,54.0,2031.899842707468
1107,83.0,2022.3061458247669,69.0,2204.385502845203
1108,55.0,2006.0346332278589,58.0,2140.1653004979744
1109,60.0,1959.9777420627447,55.0,2014.8026184288958
1110,86.0,2168.9577034191248,49.0,2138.536555861085
1111,82.0,2050.010171947253,42.0,1974.4214949838702
1112,57.0,1997.2245887552924,53.0,2028.9333656190747
1113,65.0,1884.335694627443,59.0,2317.132741236774
1114,74.0,1920.5997419713763,55.0,2253.2192268091776
1115,65.0,2182.982912180732,65.0,2176.577802192457
1116,75.0,2021.6494709609228,45.0,2094.918555240493
1117,72.0,1982.1101209216922,64.0,2212.433184862584
1118,72.0,1974.197688652379,47.0,2077.102495349611
1119,75.0,1963.5354258747727,70.0,2176.7686700620457
1120,90.0,1943.411449225101,50.0,2055.7482300685833
1121,73.0,1919.894569005718,62.0,2214.132613997778
1122,59.0,1986.0743057448926,50.0,2085.3578375288853
1123,73.0,1919.8711066479516,70.0,2181.440322130971
1124,67.0,1884.2434983859766,53.0,2062.2749762149692
1125,71.0,2036.4073730438784,57.0,2036.9864620004325
1126,71.0,2179.9625475904927,45.0,2047.6757738839808
1127,69.0,2054.9424374707637,62.0,2059.095246606369
1128,80.0,2112.7133377739096,58.0,2140.7223083648214
1129,71.0,2154.2142311435864,54.0,2032.3826675979778
1130,80.0,2163.039728990024,67.0,2250.212137773769
1131,79.0,1991.4985912755765,54.0,2036.519517370172
1132,74.0,2135.6859762530166,54.0,2051.7194393548866
1133,78.0,2017.0422287365975,57.0,2063.4275663879957
1134,62.0,2042.022610417269,63.0,2135.3557592028246
1135,85.0,2373.318752377442,50.0,2091.2584440629334
1136,73.0,1939.3754424779017,49.0,1969.286509742954
1137,72.0,2069.3884798164427,51.0,2049.962961354526
1138,65.0,1878.1896236616303,49.0,1966.7199759419987
1139,59.0,1958.0420759160331,61.0,2171.9138291055247
1140,69.0,2163.6326246493268,53.0,2053.25257486757
1141,86.0,2234.0864451762877,73.0,2262.0214930313646
1142,64.0,1945.3685026101728,59.0,2201.696483568522
1143,82.0,2104.145911194858,63.0,2167.37565378344
1144,76.0,1967.6311989387293,58.0,2146.837368821308
1145,74.0,1937.6207140082888,52.0,2027.7511761924547
1146,80.0,2074.744595111681,49.0,2024.0982045854466
1147,73.0,1958.4359650546821,53.0,2061.836941948057
1148,83.0,2040.3637668861836,63.0,2344.542572032993
1149,64.0,1938.7024665432218,62.0,2217.565261201874
1150,78.0,2069.3174133810467,59.0,2158.941810108664
1151,67.0,1942.1093923392582,58.0,2026.8475021061995
1152,77.0,1948.2127130609124,54.0,2004.4728751973437
1153,70.0,1976.6575972343285,55.0,2147.367244734732
1154,86.0,2001.5622444790108,42.0,1997.191999280555
1155,77.0,1971.632202298504,70.0,2089.7818632511653
1156,60.0,1959.318069269327,46.0,1958.8282744319092
1157,64.0,1890.3838512318564,58.0,2045.081929268445
1158,71.0,1893.2687871846472,59.0,2096.659088485459
1159,88.0,2134.514169808448,63.0,2033.2394783814796
1160,71.0,1962.5867151502573,42.0,1973.0422821810132
1161,72.0,1917.205689639218,56.0,2184.5686705026046
1162,71.0,2013.0167134181597,59.0,2238.2457690277192
1163,72.0,2023.2038291928359,55.0,2111.9930123119398
1164,76.0,2178.320254397233,52.0,2028.0245955645953
1165,90.0,2015.208589966854,35.0,2048.950104425473
1166,69.0,1865.9353809518343,48.0,2081.3659337872614
1167,71.0,1922.5915812025735,55.0,2149.5122187980924
1168,74.0,1961.3807622583074,37.0,2025.7879293450642
1169,82.0,2141.481974391567,56.0,2169.485901568158
1170,73.0,1944.0999364727309,46.0,2048.5345552032345
1171,73.0,2108.3615389830193,50.0,2007.1696920989568
1172,70.0,2119.6941957105973,54.0,2009.7008519668273
1173,65.0,2310.3206464696655,53.0,2151.259797533972
1174,91.0,2129.913727346893,69.0,2169.8176297279156
1175,85.0,2028.532102491119,60.0,2041.96221662346
1176,80.0,1962.6236369995934,52.0,2262.9624342864126
1177,69.0,2019.4526574985553,41.0,2145.344047194052
1178,73.0,1975.3045949159762,54.0,2003.5342425680305
1179,78.0,2020.5824127693465,60.0,2148.9215659281704
1180,72.0,1953.7507738771703,53.0,2250.7765368071678
1181,79.0,2256.6558119554165,63.0,2061.979229656829
1182,81.0,2058.1929930550396,60.0,2131.333427973421
1183,82.0,2153.2781776805464,59.0,2155.088074337866
1184,80.0,1921.8465774630292,58.0,2092.3377186425755
1185,71.0,1983.5627702977415,40.0,2177.967504719874
1186,78.0,2133.8366334994835,58.0,2027.6601886828273
1187,78.0,2000.7547287693299,61.0,2154.071663801356
1188,57.0,2050.028162915343,48.0,2026.2694420021253
1189,86.0,1954.6942756702238,64.0,2033.6911393351836
1190,85.0,2069.0877891913196,56.0,2032.4146116284014
1191,77.0,2019.8962964590398,53.0,2095.0307279507438
1192,80.0,2029.0261494625615,50.0,2091.1862448429433
1193,69.0,2077.9721647035385,61.0,2073.8635937969075
1194,81.0,2195.3645776709523,66.0,2133.863719982863
1195,93.0,2188.695752238019,57.0,2173.2379290277104
1196,67.0,1896.1147273643007,56.0,2181.7378560954767
1197,67.0,1846.9771955816436,56.0,2119.9431006830896
1198,59.0,1961.6396366567697,52.0,2157.683748339663
1199,79.0,2044.2044497389068,48.0,2114.8215582384155
1200,80.0,2084.7363802254304,58.0,2154.4856540774886
1201,77.0,1986.301560412277,58.0,2215.9661103654016
1202,80.0,2116.9068522947837,43.0,1996.239373583478
1203,85.0,2009.2400432236761,61.0,2085.122511166334
1204,71.0,1928.0301705399922,60.0,2301.9498917029246
1205,74.0,1945.6860801654543,54.0,2071.9257013184415
1206,72.0,1926.0942441864581,57.0,2211.8899430805263
1207,72.0,1905.8781877242789,57.0,2137.121720621404
1208,83.0,1983.3126609428698,56.0,2098.970683995486
1209,84.0,1924.5182071046395,65.0,2152.9672535538693
1210,67.0,1936.3934264791847,61.0,2115.064554799969
1211,70.0,1869.4996257342245,51.0,2045.1186975358992
1212,68.0,1938.2251154968073,54.0,2082.0600589949295
1213,65.0,2152.3354143267015,63.0,2151.359639643391
1214,92.0,2334.5874380864916,55.0,2154.5158604555522
1215,92.0,2126.2609403830365,52.0,2042.3354745336103
1216,66.0,1996.0724618227296,66.0,2108.2151062392095
1217,78.0,2057.0492713667086,59.0,2255.6040888871617
1218,69.0,2048.0905347803323,76.0,2212.931183004625
1219,75.0,2070.944825869802,57.0,2210.9289956519738
1220,70.0,2096.0025135812953,53.0,2122.122284756341
1221,74.0,1985.9971066738183,67.0,2132.000500925315
1222,68.0,1916.7340951961094,61.0,2095.8966458346817
1223,80.0,1940.179088683875,54.0,2042.4683588146722
1224,66.0,1931.3761729880855,56.0,2062.3172172028667
1225,68.0,2078.423024407369,70.0,2210.567603627447
1226,74.0,1898.8845826794748,47.0,2057.338601391782
1227,81.0,2002.6748300915526,54.0,2067.3659445434255
1228,73.0,2116.9327546929408,67.0,2150.987546701166
1229,63.0,2025.827981126411,54.0,2225.133942286652
1230,72.0,1951.1191645972538,58.0,2084.40114902378
1231,81.0,2092.899590099712,45.0,2044.4136350492622
1232,66.0,2044.0965636296185,59.0,2064.0577930621052
1233,75.0,1901.6843035167767,49.0,1986.8077587536989
1234,67.0,2047.5668366463458,60.0,2096.7276275024437
1235,87.0,2181.6414889573907,51.0,2116.1257864212826
1236,68.0,2005.7623336270574,60.0,2129.5238957066563
1237,70.0,2109.0850652715403,56.0,2163.527477698023
1238,64.0,1964.0545278954646,52.0,2022.2575327085112
1239,77.0,2002.4295050798498,63.0,2054.0744280294834
1240,74.0,2007.0776931888222,64.0,2078.5638511156453
1241,77.0,2112.3953085389226,75.0,2355.844580653962
1242,68.0,1942.7919834034406,55.0,2192.855356846702
1243,54.0,2037.0402249361075,54.0,2193.3766250668627
1244,60.0,2028.4690883364963,60.0,2137.7454703668996
1245,67.0,1934.5501653793244,62.0,2099.7242766777745
1246,68.0,1936.8872547445828,48.0,2100.202009520046
1247,64.0,1906.0685305236066,45.0,2064.764672129701
1248,71.0,1852.2098127953743,55.0,2037.8289050346023
1249,87.0,2046.7652945307068,65.0,2119.9608216645383
1250,92.0,2050.424220858207,60.0,2143.531191346023
1251,75.0,2079.2475310931486,63.0,2121.154200250428
1252,56.0,1915.5439026126603,58.0,2131.002805348064
1253,73.0,2046.6591736984121,51.0,2055.0572151285396
1254,83.0,1933.0283178151135,55.0,2126.1048276358506
1255,78.0,1910.177400464626,56.0,2170.847947518747
1256,63.0,1917.5263502654582,74.0,2098.369063696651
1257,66.0,1926.1810093143156,52.0,2117.774887488046
1258,72.0,2101.6621195093103,53.0,2090.915433782389
1259,82.0,2129.2781473783166,64.0,2119.2418034972325
1260,74.0,2016.3796136063638,51.0,2140.3151817285893
1261,80.0,2033.654630888543,54.0,2047.350386553653
1262,78.0,2043.6362035501843,53.0,2006.9744067679333
1263,77.0,2174.4954417774034,60.0,2158.5442104349227
1264,70.0,1984.4206737351358,49.0,2086.5319391594126
1265,74.0,2087.221024840589,54.0,2210.925143395211
1266,80.0,2206.8276324448734,48.0,2089.127524957983
1267,90.0,2158.1959369761707,55.0,2092.8057611721115
1268,68.0,2070.0935241181232,56.0,2056.7582377475337
1269,81.0,2049.122542679784,54.0,2054.1124288613228
1270,85.0,2006.4638133123406,58.0,2052.3557260696716
1271,67.0,1929.4270772255795,58.0,2150.759944276697
1272,60.0,2005.7908792179464,64.0,2281.588790253267
1273,79.0,1876.9399820961119,67.0,2239.152893340431
1274,76.0,2004.182193838163,45.0,2144.0886216589433
1275,64.0,2029.8386319209837,56.0,1995.3922668581392
1276,72.0,2014.7310751806094,59.0,2221.534236619569
1277,69.0,2106.2682896423803,69.0,2086.247060731886
1278,65.0,1968.340844327931,61.0,2141.60218834514
1279,69.0,1950.9974400117565,62.0,2108.095097696819
1280,78.0,1893.46228859052,54.0,2000.6852343904786
1281,64.0,2075.404141592189,40.0,2027.2475371490973
1282,65.0,1986.0270843335893,59.0,2055.703240115377
1283,67.0,1920.4717871385058,53.0,2063.7179176289105
1284,82.0,2115.2776075516313,54.0,2065.1765856153283
1285,75.0,2223.4404117337363,55.0,2163.6894042784224
1286,87.0,2061.968109868039,47.0,2049.8867320129466
1287,80.0,2022.2205557929221,63.0,2285.6244036777716
1288,72.0,1958.127871722707,46.0,1976.3469016157549
1289,84.0,1988.7817365163307,56.0,2144.1680628071704
1290,67.0,2005.482289120931,59.0,2057.7000548971528
1291,68.0,2004.5534502198675,60.0,2151.570081396774
1292,65.0,2043.530650973477,53.0,2118.830306057637
1293,75.0,2038.2481065713325,64.0,2211.3536886220345
1294,75.0,1970.1528331225868,45.0,2000.8676076718464
1295,79.0,1994.4674403399524,49.0,2062.17784048144
1296,71.0,1955.0262134010911,54.0,1990.5687267154165
1297,71.0,1929.7441569965795,63.0,2180.844330816134
1298,76.0,1926.9259723842442,61.0,2116.200483231961
1299,70.0,1931.2414944530854,53.0,2147.16435073151
1300,74.0,2143.659347796355,47.0,2072.982902361793
1301,63.0,2003.604704032069,60.0,2149.8380055722187
1302,71.0,2021.162314120578,59.0,2074.3167106113287
1303,80.0,2057.6241857417676,61.0,2197.8133538963903
1304,74.0,1975.8905863480118,60.0,2178.7737560626897
1305,84.0,2016.2988452764375,62.0,2179.415105239566
1306,75.0,2171.540066765193,61.0,2068.594639443637
1307,73.0,2057.7564405423254,45.0,2015.2936292389543
1308,82.0,1908.5410265541996,54.0,2124.467759188117
1309,90.0,2154.7601971433123,49.0,2322.727235453835
1310,83.0,2056.628025666208,59.0,2054.147720314128
1311,72.0,2080.8166271823593,54.0,2052.247583171991
1312,65.0,1865.688815655498,60.0,2060.0993815931884
1313,86.0,2142.4493136566202,60.0,2077.3718105618696
1314,67.0,2018.4932968137662,63.0,2058.107215065446
1315,85.0,2108.7840325707366,56.0,2009.6852743372644
1316,66.0,1959.648506266671,51.0,2050.2812871217925
1317,83.0,2163.5302806458512,57.0,2137.957203986663
1318,68.0,1980.3219926096733,38.0,2091.565119885509
1319,72.0,1907.7067869914677,45.0,2205.950744863753
1320,70.0,2002.1683444828207,62.0,2062.461141529264
1321,72.0,2001.99875999371,38.0,2035.6972648219667
1322,70.0,1939.1000350414174,52.0,2090.5346334107844
1323,74.0,1989.5167584735675,57.0,2089.260864514972
1324,83.0,2017.6130855828262,56.0,2047.6288480008923
1325,62.0,1846.3786977116424,47.0,2038.8992946834721
1326,83.0,2052.4165049407125,61.0,2166.311656064874
1327,58.0,1894.6169519966647,49.0,2028.2878362094145
1328,81.0,1988.3806093885373,60.0,2101.0315149017065
1329,92.0,2103.0362219856984,45.0,2073.34698001867
1330,79.0,1916.7691222452179,61.0,2160.9582373877865
1331,71.0,1983.9353707803452,59.0,2074.3923975795547
1332,86.0,2004.6571852595569,50.0,2093.329647550908
1333,66.0,2056.321484660042,66.0,2342.7585691922645
1334,61.0,1893.9243196173957,59.0,2102.5189628734006
1335,73.0,2071.8703593550867,57.0,2185.1519045219216
1336,84.0,2045.8872126360307,52.0,2012.6182838083998
1337,71.0,1992.4543085646367,61.0,2062.219265686598
1338,73.0,1983.1615086726824,49.0,2093.905281480501
1339,70.0,2080.5318890489416,50.0,2162.827056690735
1340,71.0,2122.6595778298156,53.0,2140.8266744222256
1341,70.0,1982.5207669141073,54.0,2082.698212529117
1342,78.0,2039.886047702573,56.0,2017.348993144003
1343,86.0,1969.3074098287816,55.0,2087.875813395088
1344,76.0,1905.4310516649007,45.0,2237.206715719163
1345,77.0,2042.5180066669234,49.0,2119.2972734698933
1346,69.0,2071.846085685312,44.0,2034.2619740434832
1347,80.0,2055.204263435625,58.0,2209.0082102826195
1348,65.0,2124.3078910669874,59.0,2139.8001888836116
1349,76.0,2192.1051684537433,52.0,2060.703316848926
1350,76.0,2053.021259502569,66.0,2175.1553821149464
1351,76.0,1994.5314567514185,58.0,2120.2596361176184
1352,86.0,2046.9882352024117,52.0,2119.758683529525
1353,72.0,2158.6876455265988,55.0,1998.948349623389
1354,69.0,2095.5920561431076,57.0,2124.3805285923563
1355,73.0,1914.150611071253,54.0,2100.7981898582693
1356,65.0,1883.3267290524875,61.0,2139.876900995806
1357,73.0,1879.4612661203614,58.0,2238.6245951792976
1358,72.0,2203.6890795014137,54.0,2104.051461205035
1359,73.0,1911.8785666497731,52.0,2058.4345458730354
1360,71.0,2061.8879123941156,55.0,2074.2537201314863
1361,80.0,2014.5766488801871,46.0,2119.2601382252797
1362,57.0,1834.957077434122,60.0,2280.5343510164244
1363,63.0,1939.6743302616917,62.0,2034.8790441126598
1364,84.0,2115.237059121979,56.0,2000.1833343759777
1365,61.0,1933.368997959186,57.0,2282.5604603818097
1366,72.0,2145.7482363770164,47.0,2139.175833792079
1367,74.0,2017.6112749853335,65.0,2083.1922481397532
1368,77.0,2000.3227396564882,48.0,2024.8009098536681
1369,88.0,1891.6964922546945,55.0,2034.8886489785414
1370,69.0,2072.862782760743,57.0,2097.3755696465487
1371,76.0,1950.9628189302541,58.0,2074.891301391801
1372,69.0,1965.4140577089856,58.0,2121.0676123539015
1373,72.0,2040.3540200762332,67.0,2165.051131190712
1374,63.0,1957.7710985516724,48.0,2122.4030938416286
1375,83.0,2053.6941402806383,70.0,2159.1229852067295
1376,76.0,2048.1882180043704,67.0,2081.891378859737
1377,72.0,2048.7102213411235,69.0,2270.7299316957665
1378,79.0,2093.7001251436714,62.0,2124.438175207563
1379,88.0,2192.2450314932785,55.0,2004.8152124072906
1380,86.0,1915.1035313957034,59.0,2088.4105528834275
1381,77.0,2095.531720850972,58.0,2108.053236677732
1382,71.0,1933.2331078479556,54.0,2059.7980170519327
1383,83.0,1997.8585572067905,50.0,2072.5751541933596
1384,65.0,2019.844079333995,49.0,2034.8366336564595
1385,74.0,2074.5245367643142,74.0,2248.388983745626
1386,75.0,1936.286391935834,57.0,2054.0849612979637
1387,82.0,2007.5088748961753,56.0,2148.212329190086
1388,78.0,2062.752456403467,52.0,2024.459157960498
1389,71.0,2048.7931049623317,55.0,2142.313948813664
1390,73.0,1929.346781160654,55.0,2053.335419729025
1391,64.0,1890.2744348253448,64.0,2114.3240373603903
1392,75.0,2044.5476507942808,55.0,2042.6908754295548
1393,66.0,1920.009275373585,47.0,2053.5859913663203
1394,74.0,1962.4335976060227,54.0,2031.8017022913496
1395,85.0,2001.5319499140041,61.0,2395.7294494751795
1396,62.0,1944.660533850258,51.0,2111.1498162665116
1397,66.0,1978.4613928429346,58.0,2061.9247716374975
1398,66.0,2027.4479506379798,59.0,2056.936583015917
1399,84.0,1997.8219417674807,52.0,2071.4444753125886
1400,79.0,1966.2780328569918,67.0,2166.4151048440654
1401,72.0,1953.5574984824289,52.0,2055.7630758721757
1402,76.0,2068.8980116669027,61.0,2195.215039669313
1403,72.0,1956.743067094665,67.0,2165.723480662486
1404,70.0,1968.116101977464,51.0,2078.6394163123928
1405,80.0,1960.154117749083,59.0,2181.1645314229786
1406,85.0,2069.7037221314936,46.0,1987.1556665192809
1407,68.0,2064.0286298658993,51.0,2065.797142796439
1408,75.0,2003.9405267718773,61.0,2110.1474419588226
1409,88.0,2147.231226659709,59.0,2222.9561662820292
1410,73.0,2094.8018654916623,48.0,2187.9781708540327
1411,59.0,2050.634481488256,55.0,2097.3156630025096
1412,84.0,2101.625215744828,53.0,1976.355697396523
1413,81.0,1977.888545826574,56.0,2068.461555321587
1414,75.0,2083.544314922607,51.0,2044.9983184327668
1415,68.0,1910.7402442818272,49.0,2027.1463778748591
1416,53.0,1877.3556407217102,46.0,2109.287243465222
1417,74.0,2139.203553668304,56.0,2181.517677510553
1418,64.0,1877.9855160192096,52.0,2089.2552985403277
1419,90.0,2032.151272998471,48.0,2012.3351194975119
1420,73.0,1943.3747391020713,63.0,2061.7363105710288
1421,84.0,2018.1853911511241,58.0,2060.5155617398955
1422,75.0,2062.901478623473,58.0,2058.795730002971
1423,66.0,1901.0394785597184,60.0,2305.72329523442
1424,71.0,2049.159908840296,54.0,2135.725199911816
1425,74.0,1893.6490491213954,46.0,2002.4966488065932
1426,78.0,2078.7634456951328,47.0,1949.693373230963
1427,80.0,2186.506488622681,55.0,2344.93458005491
1428,64.0,1943.7950647906766,65.0,2042.5398124490964
1429,78.0,2027.3797796048143,56.0,2025.6792956232412
1430,77.0,2060.5603901326663,60.0,2037.0531524860833
1431,77.0,1964.9478794867252,61.0,2160.385981714043
1432,74.0,1955.9865043137975,63.0,2084.8055220850083
1433,65.0,1915.7451634377871,62.0,2110.156326941826
1434,56.0,1945.0314015353385,71.0,2196.676592556352
1435,87.0,2032.6096524318727,57.0,2072.244166204763
1436,75.0,2129.711799789905,67.0,2133.778661399655
1437,66.0,1917.7618553587613,57.0,2109.0054051498096
1438,76.0,2033.5199621124764,62.0,2040.1360650679067
1439,70.0,2025.4926459778883,51.0,2044.5516893423564
1440,61.0,1875.04246323858,48.0,2066.0415712329072
1441,75.0,2109.619450645188,40.0,1957.1005419780795
1442,80.0,1985.7515996865382,67.0,2156.371224045895
1443,84.0,2173.83642810119,69.0,2198.8631722079963
1444,84.0,1974.5113220689736,56.0,2133.6540574070073
1445,62.0,1988.5162640601,51.0,1983.7336279552358
1446,68.0,1920.3270101880012,61.0,2162.383979314704
1447,82.0,2140.7046254208412,45.0,2127.056763574451
1448,62.0,1965.4797884185664,64.0,2221.7189688771728
1449,78.0,2041.7986192163373,53.0,2072.1892201867636
1450,75.0,1963.382233943644,52.0,2117.870481742113
1451,73.0,2043.1646606633299,52.0,2041.9145712689408
1452,91.0,2211.4336042927425,67.0,2280.579921755546
1453,89.0,2003.119707072996,41.0,2083.9028098049876
1454,69.0,2026.5061526506756,49.0,2102.82319283007
1455,73.0,2010.1369976328099,64.0,2108.1624541352203
1456,77.0,2043.991318985917,48.0,2104.7392328589667
1457,79.0,1968.3976948498887,65.0,2106.5184125697183
1458,62.0,1928.358552690171,61.0,2084.3810322935174
1459,76.0,1935.2148481644674,62.0,2122.2916148144004
1460,66.0,1950.8467157271323,60.0,2032.3628574949848
1461,77.0,2105.6050312475427,62.0,2066.731057362519
1462,77.0,1902.4523344338397,54.0,2120.7661441842656
1463,82.0,2003.5507175952616,47.0,2126.7302574068376
1464,80.0,1987.015800991722,53.0,1962.1699671701692
1465,76.0,2065.82671287589,62.0,2179.0151159708125
1466,77.0,2100.9785205893013,54.0,2089.1929875714136
1467,57.0,1819.6015387354194,59.0,2177.7650844161058
1468,75.0,2103.5755666308996,59.0,2077.831848549141
1469,67.0,1919.0454389454055,48.0,1982.3931932462935
1470,62.0,1863.6741445461198,51.0,2046.9373526813492
1471,73.0,2014.7501640088271,61.0,2136.17712074255
1472,69.0,1952.3316108009305,55.0,2104.979051624029
1473,76.0,2134.549264658367,52.0,2140.3348013870477
1474,65.0,2011.539418686434,55.0,2052.412279648352
1475,77.0,2008.9063296567597,56.0,2071.1277540416877
1476,82.0,1967.4727292669616,69.0,2173.145217908885
1477,90.0,2332.706798814912,53.0,2133.7172067773404
1478,87.0,2098.117381785781,49.0,2082.3287786035826
1479,77.0,2038.388620491909,53.0,2134.350454114844
1480,89.0,2028.7514288577663,55.0,2248.8367586847994
1481,67.0,2003.8705986349903,53.0,2004.4150322447508
1482,63.0,1820.1781924953086,48.0,2117.002513752049
1483,83.0,2081.3358020391875,55.0,2105.2033827702426
1484,77.0,1946.5329787143598,60.0,2090.3421916368643
1485,76.0,1990.2913727830921,46.0,2071.3011883066206
1486,85.0,2266.7518442717374,66.0,2027.1382067630989
1487,63.0,1947.6636583965071,66.0,2159.437050980521
1488,60.0,1935.3019139117735,59.0,2110.725311545365
1489,62.0,2014.8712274721463,59.0,2107.8636604751414
1490,72.0,2082.988394218208,61.0,2124.326015842707
1491,68.0,2005.937880071768,56.0,2129.938712308368
1492,75.0,2056.4238556115506,66.0,2121.4270469460275
1493,73.0,1969.1600037257147,52.0,1976.9269707548717
1494,86.0,2099.794246713074,60.0,2066.8375271179834
1495,88.0,2044.7901339822165,62.0,2065.912458740572
1496,71.0,1875.6580003733752,53.0,2014.318277097909
1497,82.0,2051.2130965852607,56.0,2103.9599567412442
1498,65.0,1943.4072509120547,62.0,2110.732823069609
1499,72.0,1902.1951775373145,60.0,2123.5529111082774
1500,83.0,2105.0257946397473,64.0,2122.562625950806
1501,66.0,1981.3583924002614,60.0,2121.494690979249
1502,87.0,2127.465713368819,55.0,2055.234459546074
1503,70.0,2026.6945421919247,52.0,2001.2336248838412
1504,87.0,2104.4412255060706,48.0,2135.4612521466847
1505,70.0,2012.4640833770154,60.0,2098.179220906018
1506,83.0,1952.2066826407865,53.0,2010.5944550351608
1507,86.0,2123.395780537408,64.0,2129.533940046733
1508,66.0,1933.1175786646093,67.0,2274.057054646762
1509,77.0,1988.3313000095427,60.0,2101.806072142362
1510,78.0,2133.7808274689496,54.0,2079.306089129338
1511,79.0,2142.382842014917,48.0,2083.700361208352
1512,70.0,1964.0831660191623,64.0,2103.3403192359474
1513,90.0,2196.643920686355,52.0,2161.3998270745265
1514,78.0,1962.0169772942959,50.0,2016.9075803329583
1515,77.0,2198.942543406936,53.0,2031.3148912078022
1516,72.0,2021.8577564586083,49.0,2139.212503817469
1517,67.0,1985.462664198078,50.0,2061.1982000454627
1518,71.0,1962.2815626822285,46.0,2033.790971685312
1519,78.0,1961.1776925777197,57.0,2041.3690157417689
1520,63.0,1977.0113649937914,54.0,2091.0331630395553
1521,72.0,2067.851984208947,67.0,2134.697917131864
1522,69.0,1944.7806225092222,61.0,2209.6470117858807
1523,73.0,2159.891950174991,52.0,2013.8957943797739
1524,68.0,1930.2708424644977,53.0,2107.2261806203346
1525,78.0,1955.2500855113965,58.0,2176.718438561221
1526,78.0,2116.895287647512,65.0,2208.014756093999
1527,58.0,1975.9670728713095,54.0,2029.202767503222
1528,78.0,2133.597220118251,64.0,2253.8370914700417
1529,73.0,2003.200060248576,52.0,2047.1320524820935
1530,76.0,2183.4231174260203,58.0,2227.2433859291264
1531,55.0,1865.447772681518,60.0,2124.2069460693892
1532,65.0,1930.1454428848824,55.0,2281.558146114879
1533,56.0,1948.8478525893079,51.0,2029.814098019743
1534,75.0,1976.932114248525,73.0,2084.5765345405125
1535,75.0,1942.3741928633685,60.0,2118.4442245492237
1536,76.0,1955.6215990827352,42.0,2037.368627884309
1537,84.0,2089.307684220439,48.0,2133.0999911175863
1538,77.0,2094.3072406366914,45.0,2083.7084528785904
1539,83.0,2195.741961173829,47.0,2167.1802254364598
1540,53.0,2001.2012792145756,48.0,2054.2532901980003
1541,84.0,2012.635034409406,53.0,2171.0117734881705
1542,71.0,2004.3384425871996,58.0,2241.4030039073696
1543,76.0,2066.805130739077,49.0,2033.4627769599308
1544,70.0,1974.3255284347774,60.0,2140.8310194527103
1545,82.0,2100.834996728487,52.0,2147.9229115697044
1546,72.0,2029.143711732385,45.0,2076.658005565551
1547,73.0,1965.4211621191341,50.0,2113.8443197113124
1548,77.0,2140.175064634942,65.0,2058.447632464052
1549,69.0,1960.6600713090247,53.0,2063.4950118074635
1550,71.0,2013.3010172320596,66.0,2292.4582727457273
1551,77.0,1959.5545051894296,44.0,2008.015691933927
1552,78.0,2048.100008563934,67.0,2116.7326517059582
1553,91.0,1942.2131501416793,57.0,2147.1252678575033
1554,71.0,1960.5902860722088,56.0,2039.7585097198403
1555,76.0,2156.412060891755,60.0,2097.662450404425
1556,83.0,2106.4917425578587,59.0,2204.0714151920783
1557,73.0,2102.6215165283984,57.0,2059.5523291343693
1558,73.0,2027.2288883906938,56.0,2244.8096562228725
1559,78.0,2049.445715804451,63.0,2151.670068676851
1560,69.0,2039.164187166269,52.0,2077.1983444595494
1561,70.0,2087.731869298198,47.0,2045.8077788183118
1562,91.0,2020.9509905349316,43.0,1992.545497255095
1563,62.0,1987.1565162901331,59.0,2194.5827116031046
1564,72.0,1886.400163102775,48.0,2032.1626883882113
1565,86.0,2090.329454516001,62.0,2074.694808770787
1566,84.0,2022.5867165139607,61.0,2077.094108485053
1567,83.0,2097.852613305681,66.0,2264.210590159027
1568,83.0,2189.3999821447433,44.0,2091.360276645391
1569,80.0,2091.323924055191,56.0,2118.327100158696
1570,68.0,1967.944503426074,52.0,2055.692472074329
1571,65.0,1898.3974192826183,49.0,2093.551063069063
1572,74.0,2158.163342480629,57.0,2077.272468431304
1573,62.0,1909.1794148858771,51.0,2060.9571580444153
1574,82.0,2057.818344034817,50.0,2105.1677705086095
1575,82.0,2071.388626138089,42.0,2060.6426379005184
1576,68.0,2122.483643534084,49.0,2094.5736669477033
1577,64.0,1859.3515416951363,62.0,2153.9560940370793
1578,77.0,1930.1371802379556,49.0,2041.3457366769937
1579,63.0,1958.9835149750193,53.0,2042.7063181463664
1580,78.0,1938.9644426148789,48.0,1999.4823665564145
1581,75.0,2005.8620714736076,63.0,2096.984958235806
1582,80.0,2060.933528713568,46.0,2008.3176044280267
1583,70.0,1945.1704227923117,63.0,2210.7776173187526
1584,78.0,2159.5967435344314,55.0,2010.776626520077
1585,78.0,1917.7804169528833,53.0,2006.6395725352902
1586,82.0,2150.3676952575165,56.0,2102.265688056719
1587,71.0,2146.4110408539277,53.0,2039.6532977484537
1588,81.0,2136.8700827805524,61.0,2133.1102546424004
1589,85.0,2139.4086643448077,45.0,2056.874840350872
1590,62.0,2041.577630045972,42.0,1984.3989940584015
1591,77.0,2183.032526494341,64.0,2118.4920654985895
1592,81.0,1968.1907634835281,47.0,2136.8868257429667
1593,68.0,1949.34387432613,50.0,1969.2480062657808
1594,76.0,2163.6265476545827,55.0,2074.573684001387
1595,80.0,1968.1967952358425,61.0,2123.0218365417386
1596,72.0,1986.3125195033729,61.0,2019.774327044292
1597,74.0,2043.4953413659039,50.0,2048.723720264056
1598,70.0,2013.6343818776188,56.0,2040.8766602152139
1599,76.0,2063.9669367148913,55.0,2215.6569053451553
1600,84.0,2125.899992092816,50.0,2048.641003033402
1601,78.0,2067.2205833030853,70.0,2256.427298639131
1602,71.0,2018.9881263173852,55.0,2101.344150921134
1603,78.0,2103.3609803707586,59.0,2099.799853337566
1604,70.0,2204.8465885066944,58.0,2081.4139366326635
1605,70.0,1945.2600911258628,63.0,2238.9267735655517
1606,71.0,2003.735330330972,45.0,2078.1003641813077
1607,62.0,1954.8035970095023,68.0,2150.4960408557176
1608,64.0,1908.5595068605178,54.0,2308.892464635295
1609,84.0,2009.0559794503838,50.0,2096.0998777620016
1610,82.0,1980.9493177229083,62.0,2065.924304169004
1611,64.0,1972.500895919995,61.0,2041.8293931044664
1612,78.0,2021.1099897473791,53.0,2098.8502023526344
1613,74.0,2119.423726104736,65.0,2071.5891926436775
1614,86.0,2007.2379576138085,57.0,2149.553909964638
1615,75.0,1997.8657938666806,60.0,2051.456937093373
1616,73.0,2004.4094872353674,53.0,2134.533548012816
1617,70.0,2122.9146228549357,51.0,2078.8908870996934
1618,69.0,2010.151824999342,45.0,2055.477117817049
1619,70.0,2108.891298552785,60.0,2215.058198447933
1620,61.0,1905.6415922804813,56.0,2260.3118882345325
1621,63.0,1938.7872730667932,66.0,2351.612373670707
1622,75.0,1984.4018348922489,56.0,2068.9297135158595
1623,85.0,2111.0751194911195,49.0,2082.665187201936
1624,77.0,2034.154846289263,56.0,2190.8255982925048
1625,76.0,1998.3104029256942,56.0,2133.756593857243
1626,72.0,1941.572892617419,59.0,2124.768173242062
1627,77.0,1955.342365238252,48.0,2015.976205794554
1628,85.0,2068.59295730176,64.0,2146.9879722025985
1629,73.0,2031.0606426684894,68.0,2107.268320515856
1630,64.0,1959.1681542108495,44.0,2020.0569166172377
1631,89.0,2094.1907776992216,57.0,2111.8278904284875
1632,71.0,1931.2027998379813,55.0,2097.610644963739
1633,80.0,2138.9182191024047,58.0,2076.7711332918766
1634,74.0,1962.105938761061,57.0,2136.8932262666126
1635,72.0,2062.5790423084145,60.0,2181.633990520468
1636,73.0,1911.3768636979798,65.0,2111.3044261583905
1637,53.0,1998.4596707262954,45.0,2129.0047020760953
1638,84.0,2019.3809430022593,59.0,2015.854113949929
1639,61.0,1968.2441227271759,57.0,2010.4093538387847
1640,76.0,1984.167104464154,57.0,2121.729942735232
1641,79.0,2137.705607143337,67.0,2083.555658823764
1642,78.0,1987.2272800816404,50.0,2109.614676997577
1643,73.0,2071.6581056045625,64.0,2095.63281472074
1644,83.0,2115.1996165961127,65.0,2183.0164003512327
1645,68.0,1941.7385670435579,62.0,2190.4166095776486
1646,58.0,1927.8528407962315,52.0,2262.189820188277
1647,76.0,1959.8609244103197,62.0,2109.1495621529934
1648,73.0,1945.4004037755453,49.0,2122.713151587188
1649,63.0,2073.9369484214353,51.0,2148.681159440425
1650,80.0,2005.5566708394933,47.0,2132.879869864805
1651,67.0,1942.7997948453954,54.0,2089.18499336976
1652,80.0,2189.0043064442793,63.0,2068.116362279215
1653,70.0,2023.707889557573,51.0,1993.555680514837
1654,86.0,1983.2127154857772,67.0,2153.5334522771554
1655,51.0,1827.9332830018636,75.0,2121.387178348375
1656,63.0,2146.0963838339394,55.0,2087.34286538139
1657,82.0,1921.9331981949674,58.0,2150.447229311689
1658,76.0,1985.277616447587,54.0,2107.277240798867
1659,69.0,2107.7470392204755,46.0,2091.545112052742
1660,80.0,1971.4712899547826,56.0,2004.5910296074194
1661,73.0,2060.2238669938315,57.0,1981.9417357078637
1662,77.0,2007.379265419067,48.0,2054.435973309877
1663,59.0,2033.9509868383993,61.0,2296.842989548852
1664,67.0,1970.3050165829616,69.0,2162.9411214821066
1665,73.0,1868.3632069680823,58.0,2166.1781190095644
1666,74.0,2030.8161484585542,59.0,2314.0929927860907
1667,74.0,1926.897423807484,55.0,2084.069625697967
1668,85.0,2145.535708727747,57.0,2076.8669473891396
1669,77.0,1998.3145640824096,65.0,2122.0303028788803
1670,75.0,2098.866893813871,62.0,2077.038101074362
1671,57.0,1950.6333421829504,76.0,2205.0571269281677
1672,72.0,2037.3302082268146,51.0,2066.7303063966624
1673,81.0,2027.0926921938033,41.0,2105.266274160233
1674,84.0,2149.3636650818466,50.0,2032.8794758910115
1675,73.0,2020.8328604119997,53.0,2079.351354434389
1676,82.0,1930.1101662409633,53.0,2109.382739495759
1677,82.0,1914.700220077115,47.0,2031.078545767105
1678,69.0,2011.1216477812518,42.0,2007.8511858737108
1679,74.0,1881.8404249111443,63.0,2144.1949048069173
1680,80.0,2177.501488879804,67.0,2040.8548466814705
1681,80.0,1993.2405982595305,67.0,2145.3713987925275
1682,89.0,1940.0363471708922,53.0,2110.2236049990634
1683,69.0,2052.6759377789103,48.0,2106.6728453775145
1684,86.0,2121.455886329834,66.0,2142.3318574470813
1685,78.0,2233.8615785762804,54.0,2056.1345258320775
1686,87.0,2083.049719921526,57.0,2033.4730867890205
1687,78.0,1995.092566326032,58.0,2067.0392198413538
1688,85.0,2119.0465859672004,59.0,2173.23821498916
1689,62.0,2020.4771052659444,54.0,2060.910671226947
1690,73.0,1950.1729026567398,71.0,2228.782239778877
1691,84.0,2073.1631433930056,53.0,1984.0021771546092
1692,83.0,2012.3230434715288,49.0,2112.331636802397
1693,72.0,2026.0609899227265,57.0,2051.1584803500878
1694,78.0,2127.5018514790195,63.0,2118.5579392978593
1695,71.0,1891.6975056122544,62.0,2055.761312203082
1696,86.0,2090.5192898098435,53.0,2165.414376573975
1697,75.0,1947.6737876545374,63.0,2068.825594338355
1698,65.0,1953.3993488821525,54.0,2087.7165920242032
1699,90.0,2179.8644066890674,61.0,2161.982353614037
1700,76.0,1968.0670004431277,49.0,2095.1013690315212
1701,80.0,2089.691992835947,55.0,2121.8638620061197
1702,69.0,2076.383606446546,55.0,2051.068111842195
1703,79.0,1992.7463116656218,47.0,2028.973305189033
1704,67.0,1990.813361201318,55.0,2037.92512577938
1705,73.0,2003.0374218626973,53.0,2004.729394355314
1706,83.0,1997.0489731726386,63.0,2282.0902191395276
1707,68.0,1958.1052454587025,70.0,2137.7958302328907
1708,69.0,1973.3278067775452,54.0,1991.574878301842
1709,63.0,1947.3880063470265,58.0,2042.3650466147485
1710,86.0,2048.346363170459,64.0,2117.758357579219
1711,68.0,2144.7399744082536,71.0,2194.250413765514
1712,72.0,2029.9514227504494,55.0,2072.3654828102044
1713,73.0,2116.776344788904,60.0,2159.0450325514057
1714,71.0,2067.148405781738,63.0,2293.7409958513235
1715,76.0,1981.2187738070522,55.0,2107.5277333669937
1716,63.0,1901.7211075291052,55.0,2098.2963632177425
1717,82.0,2044.8317575459944,59.0,2185.3972545067622
1718,90.0,2067.1680998753113,53.0,2152.43835538188
1719,75.0,2078.6517521282603,58.0,2048.255115565452
1720,69.0,2033.4598572781879,54.0,2096.88546345228
1721,82.0,1881.529960889401,53.0,2167.0764007421685
1722,75.0,1963.1263494542986,60.0,2155.5542739598923
1723,71.0,1877.1355438456453,57.0,2134.9828464511597
1724,77.0,1916.4303607214995,50.0,2031.519553276474
1725,80.0,1963.5145838396668,72.0,2201.846405091351
1726,83.0,1978.9060532715237,51.0,2105.933577412028
1727,67.0,2130.733878111605,53.0,2088.9437848470357
1728,78.0,1961.5830525258552,58.0,2085.114069291397
1729,73.0,2021.53147278656,61.0,2066.9605121672694
1730,71.0,1874.697714977322,58.0,2087.3245838629077
1731,81.0,2030.866178103147,55.0,2178.4613493341985
1732,53.0,1872.35596203133,55.0,2044.00315768022
1733,72.0,1948.4680943737608,63.0,2119.8848215121047
1734,78.0,1973.088319267816,64.0,2234.518032708541
1735,73.0,2105.7836423415115,48.0,2053.6552942645694
1736,68.0,2097.055578404682,62.0,2073.8254657355997
1737,65.0,2027.039186893737,67.0,2162.994689490433
1738,70.0,2002.5792056342796,71.0,2169.678171170336
1739,69.0,2022.3990890483967,61.0,2028.3721534279941
1740,94.0,2267.6068816279876,61.0,2116.648073517934
1741,77.0,2042.1371467480294,61.0,2044.4104930474882
1742,74.0,1979.510214054374,67.0,2039.7935499972752
1743,69.0,1939.4393435171849,54.0,2117.0716145971655
1744,84.0,2044.961338865088,50.0,2119.8914314855983
1745,66.0,1912.9124528585107,46.0,2022.82107957855
1746,77.0,2036.2136146913379,61.0,2075.919655714454
1747,75.0,1910.078119460271,54.0,2075.1584186212513
1748,70.0,1934.2262286198938,49.0,2024.538806890125
1749,75.0,1999.9558119345104,57.0,2196.6565806470776
1750,73.0,2155.674052945391,57.0,2206.693633966345
1751,83.0,1965.2745349971135,62.0,2076.3659206079924
1752,75.0,2116.216320759303,63.0,2211.338358192481
1753,84.0,1975.7387372141752,72.0,2216.5678062986203
1754,68.0,2034.1042745941559,57.0,2074.1811297695217
1755,62.0,1892.751227223109,63.0,2036.3472275420093
1756,65.0,1968.167987591456,55.0,2065.0936296430464
1757,71.0,2021.2630983261536,62.0,2158.4990294561912
1758,78.0,2090.346311189973,58.0,2102.835221970211
1759,68.0,1968.3708589382852,55.0,1990.0939729963288
1760,72.0,1954.380542801882,46.0,2050.311780956295
1761,72.0,2010.2343439078156,55.0,2074.049949033836
1762,88.0,2098.464392409618,59.0,2187.408883425333
1763,72.0,1914.9315001432967,56.0,2278.509264467917
1764,64.0,1978.3931589533852,59.0,2088.804717362292
1765,78.0,1991.782631291074,57.0,2217.9066934777306
1766,82.0,2093.931699312248,55.0,2011.1662978540953
1767,67.0,2042.4753686821855,53.0,2070.8730577770043
1768,64.0,2059.25316425596,40.0,2026.4729285595386
1769,68.0,2024.578962095818,59.0,2070.7900101744012
1770,74.0,1990.1105795858036,67.0,2079.2323480224404
1771,77.0,2122.699767582226,57.0,1989.6200996939053
1772,57.0,2105.9661759431947,44.0,1961.6011630443195
1773,79.0,2023.5035786207038,69.0,2035.6723084320417
1774,66.0,2017.702943697535,50.0,2085.4186536074794
1775,74.0,2012.1063925342808,57.0,2125.1016011610072
1776,87.0,2179.8296147070996,44.0,1962.7691589517965
1777,88.0,2043.0032772729744,55.0,2176.1890034644503
1778,74.0,2096.8391339469395,50.0,1987.328290690903
1779,73.0,1989.7533204194556,61.0,2062.228421388533
1780,74.0,1978.3304292640728,49.0,1953.4232383249084
1781,62.0,2050.6339288344666,55.0,2142.1813021956727
1782,80.0,1901.166082224313,49.0,2019.8105871844946
1783,61.0,1927.5693336747265,49.0,2052.4871005798104
1784,77.0,1996.270173354822,55.0,2259.268490513502
1785,71.0,2023.0321838394234,56.0,2188.2151792538357
1786,62.0,2061.1562076199857,50.0,2054.8212159948694
1787,65.0,2075.1916853613284,63.0,2158.78638743174
1788,66.0,1975.0307356652368,61.0,2057.64011292663
1789,76.0,2111.049963925821,54.0,2140.3038377701923
1790,83.0,2118.3110026106106,43.0,2071.4150144674577
1791,76.0,2062.3604517225763,68.0,2059.9728526385816
1792,66.0,2010.4731067999387,57.0,2024.0459977056412
1793,78.0,2166.366647519788,60.0,2127.6959005113063
1794,76.0,2020.1124597686867,53.0,2156.7167181537347
1795,72.0,1967.2332762046512,59.0,2127.205347248401
1796,73.0,1978.6592540779468,62.0,2157.515375210732
1797,60.0,1922.3098456386863,69.0,2048.8205303487507
1798,79.0,2075.4351083739175,64.0,2115.8576874802957
1799,74.0,1973.8727117933581,57.0,2004.465701934195
1800,71.0,1937.620744421863,57.0,2248.5643330724215
1801,67.0,1953.3947024355805,57.0,2117.8172502909756
1802,64.0,1998.646450550796,62.0,2163.9925453510928
1803,63.0,2096.778636384807,55.0,2055.2105756683654
1804,85.0,2237.210415806008,44.0,2070.955235077759
1805,76.0,1952.9402529843446,62.0,2256.3415943136642
1806,80.0,2015.8515377556541,48.0,2012.195473370113
1807,68.0,1903.8961281315958,49.0,2108.8622200500968
1808,67.0,1905.555135162684,56.0,2112.2693372324197
1809,70.0,1977.6712520271587,55.0,2019.901494926499
1810,74.0,1987.0559199320992,47.0,1971.1757683983508
1811,86.0,2031.9129251565284,55.0,2204.718152182974
1812,76.0,2078.189937228352,70.0,2219.260148554883
1813,77.0,2114.638096549515,64.0,2044.043230662021
1814,63.0,2014.5692253058194,54.0,2056.7326107279346
1815,74.0,1968.2248883253033,42.0,2172.8797061301066
1816,80.0,2087.1157451207764,49.0,2060.527100493431
1817,75.0,2013.5491033381093,61.0,2030.3397988385864
1818,77.0,2065.8793162294683,47.0,2029.5253805099942
1819,66.0,2010.1077887594893,56.0,2150.682984525516
1820,78.0,2014.6849562687162,69.0,2050.253300842321
1821,69.0,2199.911146057891,58.0,1977.1756578421048
1822,62.0,1934.3034781104352,52.0,2126.9307227105833
1823,64.0,1960.686187136668,61.0,2154.7384299225064
1824,65.0,1899.547535940023,51.0,2055.033955909303
1825,87.0,1986.4323754116417,66.0,2077.312164944035
1826,87.0,2320.3087948060597,41.0,2119.889696140269
1827,71.0,2029.6810460408221,57.0,2027.9325660175098
1828,78.0,1928.2633631125236,50.0,2027.5387333631143
1829,70.0,2035.4944811878056,47.0,2091.6308294063433
1830,80.0,2021.4025282930993,53.0,2012.9275733185068
1831,65.0,1961.0537661477124,54.0,2007.2824085276732
1832,81.0,2062.7971773464938,73.0,2411.4318524374235
1833,63.0,2083.199991377683,57.0,2049.5212350255733
1834,79.0,2049.3437962563216,54.0,2189.936824251478
1835,77.0,2023.0101410601976,58.0,2146.3536380001638
1836,89.0,1965.151688447359,52.0,2089.805510198917
1837,69.0,1904.1685520654619,47.0,2002.139072887432
1838,77.0,2087.4155763651474,47.0,2002.3763514187413
1839,70.0,1976.6913654240143,48.0,2010.5623766808133
1840,63.0,1858.3707264938132,62.0,2048.6534533490067
1841,65.0,1820.1550291567378,53.0,2076.923910206187
1842,65.0,2012.8879210016805,38.0,1930.8901528622907
1843,92.0,2140.233158416184,50.0,2071.79677298299
1844,80.0,2062.0966479312224,48.0,2178.1628257176526
1845,64.0,1975.9006194076933,52.0,2158.3885638564657
1846,77.0,1983.7079764892967,54.0,2017.661723756256
1847,73.0,2008.0525077804768,48.0,2042.2756917514384
1848,70.0,1949.3102322174798,49.0,2073.4937203541076
1849,91.0,1951.9662270317638,50.0,2062.5396024319957
1850,82.0,2053.468402552761,59.0,2186.222656057892
1851,81.0,2096.714171504231,64.0,2159.0173614343385
1852,65.0,1938.5082684772224,46.0,2086.4352208575206
1853,77.0,2153.6388037603447,57.0,2037.1351468400728
1854,67.0,1978.7575414885766,55.0,2197.7230437604494
1855,85.0,2110.2738613278634,57.0,2150.5619034439715
1856,71.0,2006.4594443784636,53.0,2082.4887958966656
1857,68.0,2161.0538545521727,53.0,2042.252654160036
1858,79.0,2073.7872051229924,43.0,2039.4891441902416
1859,81.0,2111.2752559966593,43.0,2156.692767487993
1860,55.0,1890.57657302323,58.0,2074.349777780152
1861,77.0,2075.007508645547,58.0,2039.4889205076815
1862,75.0,1962.7518920856228,52.0,2063.2820655790183
1863,67.0,1965.6903334353408,54.0,2086.5779692785313
1864,76.0,1998.4129047563706,60.0,2031.747197703307
1865,62.0,1879.6506493402487,49.0,2040.62412599933
1866,77.0,1983.883808147355,57.0,2039.2806570925895
1867,80.0,2017.0948781745399,56.0,2050.5779529059923
1868,75.0,1991.5553304135972,61.0,2160.764567737019
1869,81.0,1967.3660385757048,56.0,2003.4159470212544
1870,85.0,2151.374785485029,51.0,2136.6316302005803
1871,68.0,2094.6277948748507,51.0,2208.6332553197526
1872,88.0,2055.7614962625366,60.0,2064.807923420753
1873,81.0,2169.128636429675,61.0,2147.7954787736753
1874,76.0,2161.721636568921,61.0,2024.8471227628238
1875,60.0,1872.9743016263567,37.0,2064.901584597365
1876,73.0,1984.3186757496928,61.0,2106.568472066474
1877,73.0,1965.525361086716,58.0,2061.9295471874298
1878,95.0,2125.872538523223,63.0,2140.046362792559
1879,72.0,2145.9633810985215,51.0,2075.2491380094643
1880,76.0,1951.0973034178044,59.0,2089.1877386280094
1881,70.0,2248.4754335362018,52.0,2076.7086334471187
1882,81.0,2017.850847575451,56.0,2223.1617052777724
1883,61.0,2042.9637034352656,66.0,2237.952821830256
1884,74.0,2000.4868642581046,51.0,2040.5963045386018
1885,70.0,2116.3389042837825,45.0,2069.605418211347
1886,43.0,1826.6986842858046,62.0,2079.6930648886496
1887,65.0,1970.9239661646116,51.0,2071.3621551036567
1888,72.0,2128.399971625068,58.0,2066.9047424399027
1889,72.0,2006.5066213743423,67.0,2105.856233422103
1890,72.0,2051.4404925507515,59.0,2133.489540190107
1891,66.0,1964.8674181684894,61.0,2124.8274946333613
1892,71.0,1937.5251461197722,45.0,2057.0712182771676
1893,52.0,2014.5794721080224,59.0,2203.7787397168913
1894,74.0,1982.2442883589679,73.0,2167.7332088084804
1895,76.0,1941.8160981275175,54.0,2380.6550429774843
1896,73.0,1952.2168119107134,39.0,2066.2666344026966
1897,78.0,2017.5150269056169,49.0,2092.746007804145
1898,73.0,1992.6897365184334,68.0,2147.5854103714764
1899,79.0,2024.7866506896214,53.0,2086.7382842482016
1900,78.0,2021.62679962194,59.0,2123.8472528662305
1901,69.0,2118.681891329195,52.0,2121.955625976977
1902,72.0,1926.4252296376822,60.0,2190.9691136399438
1903,88.0,2044.4975647539168,62.0,2085.5112373049774
1904,73.0,2042.1240909020055,49.0,2034.5460772176114
1905,72.0,2116.8778391122414,41.0,2056.392006402182
1906,69.0,1976.3517930524301,50.0,2000.4992948308645
1907,79.0,1950.4626132999567,60.0,2200.583819189598
1908,68.0,1825.5771543003468,48.0,2091.5136115441187
1909,79.0,2048.102289827172,61.0,2195.9097050484143
1910,71.0,1978.8699807719477,55.0,2082.4905070566265
1911,73.0,2091.897396318828,54.0,2008.6878638430574
1912,73.0,2048.512659750117,50.0,2108.765993640307
1913,61.0,1876.9510275396378,71.0,2230.6696666150774
1914,72.0,2041.2105267333336,60.0,2222.5522056793675
1915,59.0,1864.026055537642,56.0,2267.103721167552
1916,68.0,2064.746381600326,55.0,2158.312900121382
1917,76.0,2004.4644521226799,56.0,2209.105858020479
1918,61.0,1920.1723182406697,61.0,2131.768734429277
1919,71.0,1920.9942659565547,63.0,2068.935681046752
1920,76.0,1969.9025105883945,68.0,2180.862538640634
1921,69.0,2029.805617473351,41.0,1973.7005902863307
1922,68.0,1969.5524948601635,50.0,2152.6201182926857
1923,80.0,2134.4556536957757,52.0,2145.4330341795353
1924,80.0,2042.9123741873818,51.0,2028.6941858799396
1925,56.0,1883.6706192867177,68.0,2166.229578323637
1926,73.0,1916.99551396082,43.0,2011.3741538984125
1927,68.0,2166.441253100802,42.0,2018.677554210476
1928,77.0,1961.547472038384,50.0,2033.362738802936
1929,85.0,1891.2267918844361,54.0,2136.4915972897857
1930,76.0,2105.876490389362,61.0,2105.756622180578
1931,67.0,2152.7356188158483,46.0,1991.5895471745366
1932,91.0,2211.193419651039,61.0,2103.708426024697
1933,75.0,2032.1714708295883,49.0,2037.1415106948143
1934,72.0,2034.0718611699824,74.0,2149.606702559583
1935,67.0,2016.9032912584323,51.0,2049.699696275748
1936,80.0,1917.3147106875892,44.0,2013.5061121657789
1937,84.0,2120.3381007446965,42.0,2008.3544302988298
1938,81.0,2112.1997476929255,62.0,2016.9013279283702
1939,83.0,2125.645777019303,46.0,2133.3356884908285
1940,80.0,2001.0499125698773,60.0,2135.0662289700367
1941,68.0,2000.420312162481,75.0,2012.3659500480899
1942,74.0,2007.3981633794488,61.0,2137.836321431228
1943,70.0,2070.108962923673,48.0,2036.3207771443717
1944,70.0,1967.4928000748282,55.0,2045.092830116241
1945,80.0,2055.799424352612,52.0,2052.715204949259
1946,81.0,1991.662741030922,69.0,2216.39881257435
1947,74.0,1997.2663098517296,55.0,2040.1837048770865
1948,84.0,1979.9541313666223,57.0,2067.869989192651
1949,71.0,2005.694569435226,60.0,2042.4811368247058
1950,80.0,1932.841028929645,52.0,2016.5317304953712
1951,72.0,2055.048146499292,59.0,2264.1291594567315
1952,67.0,1992.3035048012678,51.0,2114.5236532765066
1953,85.0,2141.88657007388,49.0,1993.4429661987822
1954,71.0,2121.1784145052975,55.0,2265.7642823741294
1955,83.0,2061.79605707377,51.0,2083.6300028486517
1956,66.0,2024.108115529615,56.0,2093.3560780373437
1957,86.0,2171.1850669899577,55.0,2112.1530208664362
1958,83.0,2070.8155954929025,49.0,2046.870944435231
1959,83.0,1988.763766738039,48.0,2094.385337864955
1960,80.0,2048.13865874845,52.0,2145.301861236548
1961,74.0,2161.0136939094455,46.0,2112.2252096882
1962,75.0,2131.5208262972938,58.0,2115.613955213513
1963,60.0,1888.5879262882536,56.0,2116.508353746216
1964,74.0,1947.1691711413891,55.0,2043.55936505442
1965,74.0,2093.381937920786,47.0,1997.757125613324
1966,89.0,2100.6606098251727,65.0,2132.080032459148
1967,74.0,1940.9368013776589,62.0,2230.483532309974
1968,70.0,1938.7780986642492,60.0,2154.7089565071537
1969,73.0,2045.6289237472151,60.0,2079.174763601669
1970,80.0,1886.1155274007247,60.0,2014.0871285221838
1971,71.0,1858.4877288297855,53.0,2038.6054203330525
1972,70.0,2196.019556861702,48.0,2026.977823544766
1973,66.0,2013.241449259622,48.0,2108.3572644843894
1974,80.0,1985.79672427497,54.0,2043.7812649011246
1975,72.0,2089.2546590295233,55.0,2092.2481889964224
1976,78.0,2051.7415931055157,46.0,2078.3578356115277
1977,73.0,1879.2379546606305,54.0,2190.065616411537
1978,85.0,2141.8622373242715,55.0,2187.0969202937454
1979,71.0,2213.3191451260686,54.0,1975.6254942158762
1980,81.0,2201.8864033254267,68.0,2097.4224656869446
1981,70.0,2034.0160522225024,71.0,2122.492714954177
1982,69.0,2055.332553143926,59.0,2036.6107532118135
1983,85.0,2115.372642519209,48.0,2017.8717639300137
1984,82.0,2249.377161096382,49.0,2016.36275528841
1985,83.0,2126.886555552394,57.0,2084.7734239276324
1986,65.0,1913.805404652433,60.0,2034.809641293921
1987,68.0,2075.9314611631485,55.0,2110.857164381121
1988,88.0,2009.374578810885,53.0,2124.9099133641334
1989,76.0,2027.298086429702,60.0,2143.8437826976046
1990,72.0,1946.1017111207257,52.0,2092.2515847382406
1991,72.0,1921.9536535467569,46.0,2073.2686692618618
1992,85.0,2197.750816009858,53.0,2176.34422159006
1993,67.0,2027.1950874180966,58.0,2172.6949968593117
1994,74.0,1944.968860751409,55.0,2029.1395601143652
1995,69.0,1923.084915606039,51.0,2016.7405833579573
1996,89.0,2170.11864476651,65.0,2175.3669073629067
1997,81.0,2110.454288025161,50.0,2067.9244849787383
1998,78.0,2051.7988976565553,62.0,2176.39187996233
1999,67.0,1885.348970834064,57.0,2173.774026732992
2000,80.0,2201.8440130352424,51.0,2109.1080772503774
2001,74.0,1962.9287466952978,62.0,2150.9134728511494
2002,65.0,2032.2428185776396,50.0,2120.94445270771
2003,70.0,1966.092757056374,38.0,2028.6957118345783
2004,73.0,1963.1199580358505,62.0,2159.977345017669
2005,70.0,1915.8740649015097,51.0,2199.94992095876
2006,81.0,1940.2612131564545,49.0,2104.087782344562
2007,75.0,2000.9376715042881,64.0,2198.6315711723128
2008,66.0,1922.9157042738234,56.0,2016.7913938568186
2009,73.0,1996.6402391338072,55.0,2040.588690963664
2010,73.0,1942.528337026653,47.0,2045.8590487168663
2011,83.0,2015.5890892113166,46.0,2040.27532749611
2012,83.0,2128.648137926292,63.0,2204.2735167489645
2013,72.0,1856.7080808222408,58.0,2044.420700899013
2014,79.0,2039.2121517573414,66.0,2106.3457639016406
2015,75.0,2137.896092758462,68.0,2099.508002130707
2016,64.0,1914.6883622026958,54.0,2135.422753222834
2017,77.0,2127.5000158192406,59.0,2068.4440644679435
2018,70.0,2038.579569659026,58.0,2284.9427583510305
2019,84.0,1914.7533455348362,55.0,2087.601611883318
2020,84.0,2047.8561383827823,53.0,2078.0043905710677
2021,77.0,2054.878712951565,58.0,2199.914507493593
2022,81.0,2079.6685937816455,50.0,2079.7507070025727
2023,72.0,1963.0942526987687,57.0,2073.4829435895954
2024,77.0,2089.459955971715,54.0,2108.0061454487195
2025,64.0,2130.759385442307,63.0,2054.3993147265232
2026,73.0,2005.900819139457,51.0,2069.0631795772842
2027,72.0,2065.1790668637664,60.0,2309.2200973144377
2028,80.0,2047.5472500019732,51.0,2008.6114266033217
2029,53.0,1846.3741608936193,50.0,2003.9299033052241
2030,71.0,1930.394362919769,53.0,2077.556675601283
2031,77.0,2019.2279603088016,42.0,2207.1951797767915
2032,71.0,1997.1225058485447,46.0,2069.9519336392104
2033,78.0,2075.463582192834,65.0,2108.491735551947
2034,82.0,2104.164288211959,45.0,2097.0081881895508
2035,71.0,2125.027467536381,50.0,1959.1577207138184
2036,71.0,1963.621534799417,49.0,2030.2524003229032
2037,68.0,1944.8625447331865,43.0,2029.6216395001775
2038,75.0,1988.0031118718664,51.0,2075.717325706804
2039,86.0,2059.1335513112044,62.0,2075.6783043655487
2040,59.0,2004.2525068224506,50.0,2041.314969870324
2041,70.0,2079.765509889975,50.0,2101.5888327031844
2042,74.0,1990.1031871537184,58.0,2029.9532682453842
2043,81.0,2013.637117410167,56.0,2122.720429779874
2044,76.0,1945.3579314542337,47.0,1998.1940807446247
2045,67.0,1936.7630308256141,58.0,1998.454776615712
2046,75.0,1942.936745859278,51.0,2082.477810636199
2047,78.0,2064.4786722471313,59.0,2034.8146766730183
2048,80.0,2057.620936050808,59.0,2141.5335716586933
2049,76.0,2008.249589774028,56.0,2025.765157823617
2050,72.0,2044.944809195861,57.0,2078.7163990409695
2051,72.0,2082.891742145979,58.0,2104.8680964661794
2052,80.0,2016.430503278039,51.0,2197.334127826071
2053,79.0,1931.5688734576154,59.0,2204.7837365825785
2054,72.0,2094.2116432577486,61.0,2109.5199376679084
2055,71.0,1994.0868936824488,48.0,2035.282125677762
2056,75.0,2027.943609592478,65.0,2289.4519420077245
2057,79.0,2041.8741358587547,60.0,2135.229500316654
2058,71.0,2042.1197381263896,44.0,2040.83057632573
2059,66.0,2006.2629271010899,71.0,2080.0060091108257
2060,90.0,2021.9719776531924,45.0,2224.8526095352754
2061,70.0,2024.7362387932828,65.0,2112.862573597246
2062,79.0,2081.079274035472,41.0,2007.793055452331
2063,77.0,1949.6870810359,44.0,1971.0900674853744
2064,64.0,2062.8699790644896,56.0,2134.7129387188415
2065,65.0,1941.9374947165984,56.0,2015.5857695734076
2066,69.0,2024.8000277891874,50.0,2107.1855151584314
2067,66.0,1901.6049597191748,47.0,2076.7960747086586
2068,77.0,1996.425244912486,64.0,2098.3128580385496
2069,73.0,2286.3848891258845,61.0,2077.768760015279
2070,70.0,2091.1222463319996,53.0,2020.0331795430807
2071,73.0,2075.163811916759,47.0,2130.0299602958803
2072,63.0,2022.0240630658432,50.0,2186.899876453374
2073,72.0,2011.3380712566884,55.0,2137.7819463073574
2074,88.0,2014.4384809989142,69.0,2087.101696749086
2075,70.0,2071.104503641975,63.0,2147.670064494604
2076,84.0,2085.010541073651,59.0,2105.0427231441686
2077,80.0,2061.8546764574394,77.0,2150.908392902112
2078,67.0,1875.8573859093735,52.0,1988.6108364940867
2079,81.0,2073.6146984471943,56.0,2070.6092199184263
2080,81.0,2019.137985102199,46.0,2060.643652692408
2081,76.0,1928.261020071075,65.0,2050.1782172147387
2082,69.0,1960.5403058059803,49.0,2056.9849596688737
2083,74.0,1912.547551717075,52.0,2042.5814683902886
2084,71.0,1969.6241044906933,61.0,1973.3450999520528
2085,74.0,1947.8377415286254,44.0,2070.013117401541
2086,74.0,1991.028889124435,62.0,2212.015646399976
2087,65.0,1955.09578451918,58.0,2061.3134340778292
2088,74.0,2029.8465555645282,56.0,2157.486381737563
2089,85.0,2048.377053561259,52.0,2102.710353475115
2090,73.0,2074.9506411752327,52.0,2115.750718334427
2091,85.0,2117.3283238703602,63.0,2074.892401517259
2092,62.0,1887.7846410414802,55.0,2124.2539659264617
2093,76.0,2064.3508354149944,61.0,2228.754536600966
2094,71.0,2080.900352288153,50.0,2065.0537672596834
2095,72.0,1957.2930922707571,54.0,2006.3313766221968
2096,86.0,2004.74018617836,49.0,1999.1095039045917
2097,79.0,2102.312602514932,62.0,2236.0030979291996
2098,83.0,1992.132107463806,50.0,2107.0394215563415
2099,70.0,2001.9088607094127,58.0,2155.3537131303497
2100,67.0,2015.449358955922,61.0,2197.097756294941
2101,77.0,1955.3279889799435,50.0,2049.6337002540977
2102,83.0,1939.309613688194,54.0,2065.0739688603085
2103,71.0,1979.3117912022512,67.0,2024.0099501978596
2104,70.0,2069.7254900874113,55.0,2052.6943165599614
2105,66.0,1945.8104046168971,67.0,2134.7094340023873
2106,78.0,2061.240495174192,49.0,2111.606963991706
2107,62.0,1951.1651802675722,58.0,2175.3920852583437
2108,68.0,2139.6423434965727,44.0,2141.9301703531355
2109,79.0,2070.092981833681,54.0,2100.1088572044246
2110,69.0,2048.8172518040083,38.0,2039.7954223814356
2111,70.0,1908.2325459286267,68.0,2250.848116984702
2112,73.0,1869.1172916244702,51.0,2000.9371353007652
2113,67.0,1959.65114097299,44.0,1962.049458128956
2114,84.0,2040.150605784591,62.0,2231.2558742728265
2115,65.0,1980.2021954098627,53.0,2163.3258435986554
2116,73.0,2057.7253904811196,59.0,2182.295782086646
2117,78.0,1929.9294141254368,60.0,2013.1664922051234
2118,60.0,2006.2047502135551,55.0,2107.3758011192717
2119,73.0,1922.9645657354347,48.0,2070.5232966981644
2120,95.0,2029.0062220794669,56.0,2048.480446276007
2121,75.0,1992.815970154328,59.0,2006.398203254734
2122,54.0,1829.8086762382245,62.0,2164.4612701595647
2123,70.0,1978.0165108772455,65.0,2138.5901302597335
2124,58.0,1997.015094332702,57.0,1990.661628863286
2125,68.0,1856.2721162539979,44.0,1970.2923207377885
2126,70.0,1981.2084146817463,59.0,2169.6168050761516
2127,72.0,1867.8077865548921,48.0,2068.623364729255
2128,74.0,2015.4976447931956,47.0,2034.6288640141672
2129,57.0,1816.1259156818346,55.0,2061.492838626257
2130,75.0,1922.4382663660685,56.0,2211.7006401440076
2131,77.0,2104.5644678653557,59.0,2159.3166349420417
2132,72.0,2036.6241661888673,56.0,2141.640311160667
2133,85.0,2113.1933758258388,52.0,2078.6175165807085
2134,75.0,2037.0830631122058,43.0,2054.0334254997533
2135,84.0,2118.0504944574427,68.0,2165.2196260114088
2136,74.0,1972.1320887891054,60.0,2239.4473471001625
2137,70.0,2086.876413940862,55.0,2206.0984463601967
2138,65.0,1869.8309907486964,41.0,2036.2370169669364
2139,59.0,2107.214393389902,60.0,2129.1097112467146
2140,76.0,2066.125104516682,53.0,2076.253442341096
2141,68.0,2044.9712447830377,54.0,2099.6516891633787
2142,89.0,2006.0569117577684,66.0,2201.904409310966
2143,67.0,2016.8502548802096,54.0,1987.5431673469202
2144,66.0,1962.7737886086259,59.0,2106.149404453199
2145,79.0,1976.1513199738229,50.0,2151.6202303082573
2146,75.0,2135.28308647036,56.0,2185.0658354076368
2147,61.0,1929.5729684034538,53.0,2183.704297598632
2148,71.0,1977.1553783617276,60.0,2170.5153152338253
2149,69.0,1952.999595112315,57.0,2056.6309940371398
2150,58.0,1918.1488451040136,49.0,2070.722782568497
2151,68.0,1888.312862302216,50.0,1998.4668537506698
2152,73.0,1945.0678118709927,51.0,2107.5273632219823
2153,73.0,1925.9176900060133,50.0,2101.5288667727787
2154,84.0,2040.8871045421558,84.0,2215.2906491118015
2155,66.0,2092.6048886649073,62.0,2130.2484870139315
2156,88.0,2059.388188339544,51.0,2084.489232831508
2157,75.0,1922.1666419981266,55.0,2087.3185046104445
2158,84.0,2061.429056704835,61.0,2116.776007748666
2159,71.0,2062.1232792812966,43.0,2116.4250504429965
2160,73.0,2047.6840633466593,66.0,2046.1058897288633
2161,69.0,2122.8847124154686,39.0,2068.695901858784
2162,77.0,1918.32065999008,47.0,2081.2188541600735
2163,77.0,1980.6837264214566,65.0,2190.4471956455354
2164,72.0,2018.9628429102374,51.0,2058.598005906612
2165,63.0,1888.9087346193799,47.0,2024.9437792835017
2166,78.0,1959.8606370816642,63.0,2186.1179735386095
2167,82.0,1964.0651892501437,57.0,2063.028714007479
2168,68.0,2000.7394705943186,62.0,2188.9518305370984
2169,65.0,1918.982640793911,51.0,2000.8650405144683
2170,91.0,2092.7898470212476,47.0,2117.8911049909348
2171,74.0,2144.791986561689,51.0,2062.528271994862
2172,74.0,1938.487742955198,52.0,2143.511667210989
2173,69.0,1988.0745419480197,56.0,2130.677054113509
2174,75.0,2195.8935248758294,67.0,2195.517245486775
2175,90.0,2176.9487351856133,56.0,2175.449753048328
2176,68.0,1889.3222651850067,47.0,1990.2449658008911
2177,76.0,2016.1050815724723,57.0,2209.5469795415684
2178,77.0,1921.9638279694357,65.0,2142.4354360031566
2179,68.0,1975.0114847539442,54.0,2194.2726708218815
2180,63.0,1977.16112552421,58.0,2062.921774056639
2181,74.0,2126.0628361932927,47.0,2058.479589271244
2182,78.0,2019.4947017299544,59.0,2077.6289225969526
2183,84.0,2120.5134043564935,56.0,2150.1128967542722
2184,62.0,1938.2410350136304,58.0,2192.137498805517
2185,73.0,2012.10714935921,67.0,2220.7864671725583
2186,58.0,1932.4263820766903,65.0,2110.8076149241438
2187,80.0,2182.423248643044,66.0,2154.7892544145493
2188,67.0,2056.8430395025166,62.0,2191.8377264133737
2189,82.0,1975.1942899465764,55.0,2188.8734136086764
2190,83.0,1985.8878330990565,52.0,2131.745047385482
2191,83.0,2082.6483084035226,64.0,2088.9828060324357
2192,72.0,2146.922925757052,65.0,2101.884497622805
2193,68.0,1964.4123958632006,65.0,2218.0861024914684
2194,72.0,1915.4439019214992,55.0,2110.8587415744128
2195,65.0,2104.4796500269576,46.0,2161.2154254346
2196,65.0,2179.546385976684,53.0,2094.0808336160776
2197,76.0,2060.827606638227,60.0,2094.195821716587
2198,82.0,2194.078288545805,64.0,2139.822486145336
2199,79.0,2038.2927488000284,53.0,2050.2015440467717
2200,69.0,1929.5758711338135,62.0,2135.0796675602896
2201,76.0,2047.1951641654432,51.0,2093.4806304358917
2202,73.0,2177.9318003192625,70.0,2129.032600625038
2203,74.0,2093.9129060455416,72.0,2147.016085960144
2204,69.0,2016.1404440429988,62.0,2132.6995903863985
2205,82.0,2102.223736918565,47.0,2128.2411008068934
2206,74.0,2005.929565422478,53.0,2104.9273443434495
2207,69.0,1979.520141255532,45.0,2053.3583659913984
2208,69.0,1953.0034858350562,56.0,2118.3148468648833
2209,67.0,2040.6442536670631,55.0,2188.8168332268724
2210,69.0,2068.2315261464137,56.0,2024.235037084068
2211,74.0,2113.726173036919,66.0,2189.988408815145
2212,72.0,1944.973385495838,52.0,2035.298920166964
2213,63.0,1905.2017974693538,54.0,2023.9518153066874
2214,82.0,1971.0033784016425,55.0,2061.4269370227894
2215,65.0,2019.086315988547,46.0,2063.64137018297
2216,71.0,1939.6457356908782,62.0,2253.018090523484
2217,70.0,2063.6311529017553,46.0,2215.498471674317
2218,73.0,2026.3722049819162,59.0,2083.3229274021933
2219,78.0,1984.2536710194547,62.0,2148.641760973608
2220,85.0,2176.9056199919287,60.0,2093.7258073247494
2221,83.0,2070.711480350315,68.0,2195.06858177599
2222,71.0,2013.3985867751098,54.0,2014.8927537222369
2223,79.0,2062.3061007640367,66.0,2049.689715720987
2224,71.0,1945.2267422443097,53.0,2205.6760774367103
2225,68.0,1987.6192200346275,41.0,2013.2900128679753
2226,83.0,2067.7878244661056,64.0,2207.1572872817205
2227,81.0,2097.390638859054,60.0,2231.1014524042394
2228,74.0,1939.915260827062,42.0,2077.8476941003946
2229,75.0,2160.952014473532,61.0,2238.9557798153633
2230,81.0,2131.5277943122196,55.0,2024.928815141252
2231,87.0,2065.4448952925295,47.0,2028.4705309705907
2232,79.0,2013.9718538742447,49.0,2152.7600047403325
2233,55.0,1938.885949707032,57.0,2039.382474173967
2234,68.0,1946.3024047595613,64.0,2181.6790597941867
2235,70.0,2039.0132321145466,42.0,2124.2974443215476
2236,63.0,1900.4136778760835,65.0,2165.941668185967
2237,70.0,2076.3481974661695,45.0,2110.8561842727563
2238,92.0,2219.0148152791317,60.0,2035.3759405687024
2239,74.0,2046.9592629714969,58.0,2053.838595667369
2240,67.0,2032.864095612438,44.0,2014.312692935432
2241,75.0,1963.7069668887477,52.0,2035.224657737771
2242,86.0,2107.6092650990117,67.0,2210.0323004435904
2243,78.0,1976.5314542796048,64.0,2063.675773012739
2244,68.0,1990.4196700759098,42.0,1996.80049793086
2245,85.0,2080.2212095569303,52.0,2116.1027073147484
2246,74.0,1953.5302837754884,71.0,2163.3550847128845
2247,66.0,1954.6869697582117,52.0,2203.618770454217
2248,76.0,1997.5939751083274,53.0,2070.898656676611
2249,65.0,1870.1724955652483,63.0,2027.2057802405177
2250,72.0,1944.5136711654404,55.0,2091.2059013501125
2251,69.0,1952.658072201538,59.0,2231.4218109538983
2252,75.0,1891.0668753644945,58.0,2266.1604480599226
2253,62.0,1902.0769384893786,58.0,2127.813958594255
2254,76.0,2089.168975707763,61.0,2228.381300073384
2255,74.0,1945.4245817668507,55.0,2073.3761703090245
2256,66.0,2163.2953537161984,47.0,2025.6024675360366
2257,74.0,1981.1629148754591,48.0,2158.3846187614986
2258,78.0,2122.7950081474023,56.0,2177.4739996036883
2259,72.0,1966.4446072544404,62.0,2159.3483777048395
2260,77.0,1931.0642794470498,59.0,2187.0467781224916
2261,77.0,2228.9240786105743,64.0,2332.1585852826142
2262,71.0,2015.7048522150135,66.0,2157.4498384455273
2263,77.0,1993.1789858503364,56.0,2123.7906311811585
2264,83.0,2165.405120262217,56.0,2046.8275364030892
2265,74.0,2058.278190800362,54.0,2151.972602972521
2266,75.0,1966.8184706300394,61.0,2265.155925122983
2267,76.0,2077.387774505632,60.0,2038.0779220526103
2268,67.0,1949.5829792168108,49.0,2270.135180978429
2269,74.0,2021.8637652498771,45.0,2006.2092557950912
2270,64.0,1961.8793624728632,57.0,2153.505714256508
2271,84.0,2132.715850651662,55.0,2013.1454495891287
2272,77.0,2087.350652901911,61.0,2220.3280218905434
2273,77.0,1926.3722303244774,63.0,2145.9311158794735
2274,66.0,2145.4775647361585,70.0,2189.7274379233
2275,61.0,1971.9453611325828,54.0,2050.6077186369694
2276,76.0,1933.866350909558,54.0,2060.2368683893815
2277,75.0,2006.274929148169,64.0,2039.4679507857875
2278,64.0,1888.5005987864524,57.0,2176.7728253957653
2279,72.0,2126.044372821499,66.0,2068.7363426289635
2280,61.0,1970.349218755929,51.0,2100.4254422570134
2281,70.0,1996.9424786974046,75.0,2190.6883355296563
2282,66.0,1976.6391111276894,64.0,2110.834609412233
2283,75.0,1927.3171055723901,53.0,2210.506815129843
2284,75.0,1955.782701498627,44.0,2042.2716898040717
2285,77.0,2010.0146439884238,52.0,2072.163837804451
2286,98.0,2042.6717614316465,52.0,2057.848436914029
2287,74.0,1997.5513625092537,53.0,2156.9923369444496
2288,72.0,2110.0697586692563,42.0,2092.2745901631442
2289,84.0,2130.3488336228625,54.0,2302.640698199696
2290,71.0,2061.240701731066,59.0,2186.6212388250583
2291,78.0,1966.2182930975105,71.0,2126.2949691751082
2292,71.0,1897.7317221249452,49.0,2009.2636983052203
2293,80.0,1952.4946439496546,51.0,2047.5287053850689
2294,66.0,1895.6641670752485,55.0,2123.756785376952
2295,79.0,1982.1863241827186,52.0,2041.2816079511067
2296,66.0,2015.34812829938,51.0,2066.669394050782
2297,65.0,1892.106342494273,52.0,2142.9016282178095
2298,73.0,2198.903825712904,57.0,2056.3245301964685
2299,73.0,1944.0620108064377,70.0,2257.4800472305833
2300,89.0,2127.631891856341,52.0,2084.2050913745115
2301,69.0,1917.9326762487042,47.0,2039.830922544326
2302,81.0,1945.0539676929047,51.0,2044.8268082786844
2303,63.0,2014.64288200415,52.0,2145.2185335400372
2304,54.0,2005.0695579451544,50.0,2105.670693006402
2305,68.0,2037.72717671578,58.0,2037.1075515808234
2306,74.0,1974.5418001324492,61.0,2216.619251022318
2307,75.0,1971.8977031390787,45.0,2059.0334310671847
2308,68.0,2041.8956160320138,52.0,2033.589297758194
2309,82.0,2032.7682183714214,59.0,2174.084671949444
2310,83.0,1971.3766642873816,56.0,2097.1527083225724
2311,80.0,2081.6313180980364,61.0,2061.247777393128
2312,60.0,1902.0083138596046,55.0,2145.8205839176603
2313,88.0,2274.6606783629504,58.0,2099.292916193623
2314,77.0,2024.2127444793796,59.0,2131.8539003985875
2315,78.0,2035.098258109178,56.0,2326.1086525574274
2316,80.0,2001.9643266860387,53.0,2150.655917305995
2317,56.0,1840.0156535004855,49.0,2011.1684605397256
2318,85.0,1976.6139909030253,53.0,2054.9904443424034
2319,82.0,2046.6899402399324,48.0,2009.7277907543019
2320,73.0,2208.4460829032505,62.0,2242.4301264261503
2321,76.0,2026.924986973617,48.0,2155.167328929528
2322,76.0,2102.6517721077266,57.0,2232.370095400507
2323,73.0,2002.6986960562383,50.0,2053.925430509823
2324,76.0,2048.2657942337337,52.0,2059.9107800489983
2325,66.0,1982.4181547637086,59.0,2124.9638225484646
2326,86.0,2142.261566890231,55.0,2166.598238786195
2327,83.0,2134.179123386053,65.0,2145.508747723857
2328,69.0,2040.7104593969318,50.0,2101.365443519788
2329,78.0,1978.8272357267401,73.0,2223.2139841721587
2330,64.0,2069.378513634958,54.0,2462.5429163890094
2331,69.0,1961.172591214359,46.0,2214.9877861436726
2332,69.0,1965.187218093752,55.0,2074.709936332946
2333,68.0,1936.452085565061,51.0,2024.1139742544294
2334,78.0,2131.9549458317524,52.0,2131.555543971463
2335,70.0,1983.1646205003244,58.0,2275.8469152331604
2336,75.0,1942.8926267322756,58.0,2187.1085415143602
2337,72.0,1912.4690140874488,56.0,2077.7376870557828
2338,64.0,1883.4629703071219,62.0,2249.8747954883024
2339,67.0,1924.577105045239,51.0,2054.7313378104827
2340,66.0,1960.559705524584,50.0,2006.3683472839198
2341,78.0,1997.6387180323356,52.0,2028.1002137592916
2342,60.0,1983.4733785058054,55.0,2081.578428785325
2343,71.0,2033.984900842141,69.0,2202.603168507089
2344,92.0,2123.5962494250016,50.0,1955.5679988643813
2345,73.0,1975.0211566187063,51.0,2315.3045518521462
2346,67.0,2006.169976669878,60.0,2155.668139093178
2347,60.0,1909.9113787759359,47.0,2060.4033957346114
2348,72.0,2065.7821382700085,49.0,1999.5104031372284
2349,62.0,1892.8514263857185,57.0,2275.160738426318
2350,76.0,1898.8102180831738,47.0,2047.17488548972
2351,81.0,2178.9346946088244,60.0,2218.009310111586
2352,76.0,2105.792964872723,63.0,1979.092379335989
2353,70.0,2047.8758345244305,56.0,2113.1674529583315
2354,82.0,2192.9444352722007,59.0,2286.5468133959216
2355,64.0,1978.2000354691768,61.0,2091.133126897369
2356,77.0,2054.7548153887374,52.0,2044.8919394900217
2357,87.0,2151.680636269456,47.0,2018.7949249503315
2358,76.0,2061.418608278738,54.0,2088.816857258355
2359,73.0,1914.5087645709452,47.0,2203.760401554092
2360,76.0,2153.8136278229395,54.0,2098.889757088916
2361,75.0,2053.7622771618794,50.0,2180.660007317856
2362,76.0,2078.501158712609,54.0,2369.4127239979007
2363,74.0,1871.7291636009977,60.0,2078.8823877392538
2364,61.0,1892.497423585976,46.0,2152.9304716648367
2365,78.0,2042.5643605704247,64.0,2137.212595967992
2366,66.0,1945.9655960512134,51.0,1999.425668721125
2367,69.0,1970.7523559198792,55.0,2093.7041591524403
2368,75.0,1984.450952548813,62.0,2192.241550223584
2369,67.0,2025.563940244476,50.0,2095.9431908465895
2370,56.0,1921.3104341839994,59.0,2145.9445066816293
2371,82.0,2082.2058776437902,42.0,2015.2509800606604
2372,64.0,2088.344039863997,55.0,2017.9206251419557
2373,67.0,1945.73529384945,51.0,2161.8435119338487
2374,79.0,2086.802797734908,46.0,2180.8352124591174
2375,77.0,1923.5534786599244,64.0,2138.870150068814
2376,66.0,1932.5847610778267,52.0,2155.3614290799687
2377,69.0,1969.1430189938173,59.0,2207.2714499732983
2378,59.0,1983.1905994154,55.0,2146.344937266196
2379,54.0,1838.8969177061358,54.0,2099.0067676340927
2380,67.0,2064.977336240449,57.0,2223.2340428398484
2381,57.0,1832.9165946713333,64.0,2237.7646848610134
2382,81.0,2017.2664531066212,47.0,2115.662610384357
2383,68.0,1994.767447033766,63.0,2093.59661381946
2384,78.0,2083.6473533544777,54.0,2040.9047487060484
2385,78.0,1969.2675015554698,62.0,2011.3592614175755
2386,91.0,2106.9936324084238,67.0,2290.6658764384156
2387,71.0,1921.6980109768965,49.0,2051.156613489055
2388,71.0,2031.4057646699853,57.0,2124.1739565111684
2389,78.0,1956.4854621737,60.0,2051.86517923909
2390,78.0,1955.9604863861575,53.0,2005.1274493719095
2391,73.0,1886.8127477440228,78.0,2228.724834494993
2392,73.0,1940.3748596359012,61.0,2215.22900565319
2393,78.0,2009.4789549649438,59.0,2076.9423323908372
2394,59.0,1950.9479450066901,54.0,2333.773980709683
2395,70.0,1936.914376387054,61.0,2117.7051893642515
2396,73.0,2105.0591544736144,39.0,2091.6048712485685
2397,65.0,1958.5232794576382,52.0,2234.2244129495707
2398,83.0,2334.2418973537992,51.0,2141.7945103218926
2399,64.0,1878.1771074720402,41.0,2082.9164415398077
2400,72.0,2027.1259083644572,53.0,2063.7793911372332
2401,76.0,2035.6264084671282,53.0,2044.9205630510503
2402,70.0,1971.8586335112275,54.0,1975.1666546892602
2403,67.0,2027.8264257175274,53.0,2157.7520035916027
2404,74.0,2019.4074938198614,54.0,2206.7414786608233
2405,67.0,1966.7592179638539,60.0,2145.1214103055795
2406,64.0,1918.574614313803,44.0,2082.632742595072
2407,76.0,2187.0776605841193,65.0,2167.283542437848
2408,60.0,2179.8632791373543,54.0,2102.4131882608094
2409,71.0,1931.9964654268624,56.0,2139.0409489698714
2410,70.0,2131.8596844143794,51.0,2027.4363378414307
2411,85.0,2068.627911426694,64.0,2079.024038343352
2412,87.0,1956.4424560940865,43.0,2100.363855756572
2413,71.0,1979.3972565363536,60.0,2099.6923144685334
2414,84.0,1938.007515569107,49.0,2100.963091378869
2415,79.0,2008.757933782495,54.0,2112.6160687326783
2416,65.0,2009.2762178636167,56.0,1982.6466219997897
2417,63.0,2099.183549514175,53.0,2097.878184670276
2418,89.0,1926.0080039121724,55.0,2069.0341971205403
2419,82.0,2016.36044889713,53.0,2023.016284186618
2420,68.0,1959.8819056536754,61.0,2222.6564171696627
2421,68.0,1985.9753792242554,65.0,2095.7483533749596
2422,66.0,1970.6088658661458,50.0,2019.8612499061592
2423,83.0,2197.975722031224,46.0,2119.5444078742094
2424,91.0,2121.609937758406,47.0,1991.1393380883922
2425,88.0,2006.7629742208364,66.0,2241.649216643228
2426,69.0,1995.8803266154684,45.0,2064.9317676199744
2427,78.0,2102.466593555863,50.0,1989.0633680764895
2428,75.0,2020.5681593238078,57.0,2118.3453993640987
2429,74.0,1946.819368656914,50.0,2020.1462921746572
2430,80.0,2139.581186342776,67.0,2235.578136271514
2431,66.0,1964.7987420310255,60.0,2242.4075222133706
2432,70.0,1962.2664453242135,50.0,2041.425077770944
2433,64.0,1963.490295207906,58.0,2110.8293292831518
2434,72.0,2074.6731169310087,63.0,2101.4487026535976
2435,66.0,2019.7224500803393,67.0,2050.0503828280935
2436,62.0,1881.46325723279,62.0,2066.3152238803846
2437,73.0,1860.1448735532979,58.0,2157.1968061582565
2438,73.0,1928.2876179923908,64.0,2269.048540568635
2439,73.0,2117.306563708885,54.0,2030.4015792239886
2440,76.0,1985.959704780917,59.0,2070.413626159741
2441,85.0,2115.812188516295,56.0,2147.5689549349154
2442,60.0,1868.469541806243,48.0,2049.782663974234
2443,71.0,1941.2651989545643,55.0,2057.023321788322
2444,77.0,2011.337208204832,55.0,2107.3011913530336
2445,72.0,2001.8622157850602,65.0,2205.5899442255954
2446,72.0,1908.183074233967,62.0,2224.653717436083
2447,77.0,2050.9390502170586,53.0,2183.0841062896384
2448,89.0,2013.2852945232823,51.0,2010.816120467523
2449,79.0,1959.4546758999195,56.0,2103.067526087572
2450,70.0,2041.7018924627314,47.0,2002.52628799878
2451,79.0,2211.478579131869,46.0,2011.14799861862
2452,60.0,1912.1676428148178,52.0,2293.0134284528262
2453,72.0,1952.622948343987,60.0,2190.041589946695
2454,79.0,2018.3601645969304,59.0,2159.1652004563744
2455,78.0,2000.1839518222398,51.0,2030.0431361860658
2456,63.0,1888.6126629834412,50.0,2187.2324438617775
2457,69.0,1945.213170495271,48.0,2194.3270999992146
2458,68.0,2031.2998649948938,57.0,2174.9013411631236
2459,63.0,2045.9185594902808,56.0,2044.12778493684
2460,61.0,1972.5430809024954,47.0,2012.9095470606776
2461,83.0,2113.622524907112,60.0,2137.4300086289577
2462,69.0,1990.8256627003243,55.0,2205.956939693152
2463,84.0,2149.4337357149325,61.0,2070.371350957493
2464,78.0,2086.9116374054443,62.0,2109.5110784573967
2465,80.0,2083.96831122977,68.0,2128.0561075571627
2466,86.0,2033.055556270614,56.0,2059.184639117812
2467,82.0,2081.164894247109,56.0,2158.632258199118
2468,72.0,1992.8746312158585,69.0,2186.6916130024147
2469,64.0,1927.19678750103,51.0,2043.2609949567461
2470,63.0,1989.8336705118036,57.0,2078.0376620724714
2471,85.0,1942.8097497000122,48.0,2182.5902048403095
2472,70.0,1884.4960151278724,64.0,2152.692573290894
2473,61.0,1910.1086048465345,63.0,2090.810820993429
2474,69.0,2006.2361609215507,77.0,2163.8357508190456
2475,68.0,1983.0724408692315,58.0,2125.301140592467
2476,69.0,1980.9276420559065,64.0,2218.397623377398
2477,71.0,1989.3351212645748,60.0,2146.88065759138
2478,73.0,1979.830263244106,65.0,2128.8487030454044
2479,66.0,1987.6478102203346,50.0,1994.4444384007877
2480,79.0,1962.493311240478,50.0,2052.6209455710964
2481,94.0,2175.8220956997234,53.0,2164.1349226707266
2482,90.0,2293.903979217977,47.0,2070.249986026952
2483,94.0,2146.1851635699277,62.0,2066.9743398753085
2484,73.0,2056.2471382300987,63.0,2154.9576870413252
2485,57.0,1915.928060805352,56.0,1986.7465084378207
2486,76.0,1962.2447802641723,53.0,2126.764052615296
2487,73.0,2022.3129596496087,47.0,2068.1071344789966
2488,84.0,2027.34281857702,48.0,2052.9223801411576
2489,79.0,2052.785992541469,49.0,2037.002240532027
2490,72.0,2060.4097831679987,44.0,2037.5298147138988
2491,76.0,2004.3476742564644,59.0,2103.746943348342
2492,66.0,1964.0055966261482,59.0,2080.562894651561
2493,65.0,2001.1371599824838,58.0,2136.118233570985
2494,56.0,1826.4587197453761,58.0,2030.3930841629083
2495,82.0,1984.7533397533682,55.0,2012.766367294682
2496,65.0,1914.3567968393706,66.0,2224.3170951526204
2497,73.0,1915.5978735836418,53.0,2135.3639802169414
2498,65.0,1985.8937845737296,54.0,2040.5829488598697
2499,88.0,2051.960889576981,60.0,2293.5671461286975
2500,71.0,2060.0781378079696,56.0,1990.1212855819108
2501,77.0,2016.850298496435,52.0,2069.918969257539
2502,65.0,2044.0844160310658,54.0,2097.3789774636207
2503,72.0,2076.353779352753,66.0,2281.381915430985
2504,58.0,1948.5143410862534,55.0,2108.907901790075
2505,85.0,2061.992166542933,70.0,2299.566664233122
2506,78.0,2154.093244173002,67.0,2174.355564248147
2507,79.0,1913.3183679087456,52.0,2077.8595079649726
2508,68.0,1896.0509511080097,60.0,2182.514701667222
2509,83.0,2144.6966949193406,58.0,2047.0383857005343
2510,86.0,1933.4574288397964,60.0,2116.917819138637
2511,82.0,1992.7121069348775,53.0,2175.190650472372
2512,80.0,2077.9046322144727,66.0,2080.481393562929
2513,75.0,1983.6225107278092,56.0,2099.4357798430624
2514,65.0,2054.4252006803654,65.0,2175.777946384824
2515,65.0,1967.0329857758209,57.0,2158.249617711464
2516,67.0,2001.9163781836144,44.0,1950.123251137841
2517,88.0,2130.0567087824593,51.0,2069.22055031057
2518,76.0,2096.6327424353844,59.0,2172.4872742739385
2519,64.0,1936.5159816034104,54.0,2085.285923748537
2520,70.0,1994.3828769523348,56.0,2034.3672484555166
2521,75.0,1932.8211124381644,45.0,2001.3040744399445
2522,74.0,1954.418551388104,59.0,2082.264493548877
2523,68.0,2010.4995219559794,48.0,2034.7762389989252
2524,71.0,2031.35805057144,50.0,2122.875043101286
2525,57.0,2019.0978789200383,59.0,2259.725467181705
2526,69.0,2133.156518727634,53.0,2058.7074193092853
2527,77.0,1995.828516686069,51.0,2106.2335864487845
2528,72.0,1978.489741492452,56.0,2173.58569355204
2529,93.0,2099.4272301107985,53.0,2053.8031787083146
2530,79.0,2149.9532263146652,58.0,2123.8005177021914
2531,65.0,2040.9447418071459,66.0,2309.770926737573
2532,87.0,2069.6861189265537,50.0,2149.4643823283786
2533,76.0,2164.386729141865,65.0,2142.1809652845172
2534,83.0,2173.941826877356,56.0,2123.821918679262
2535,73.0,2144.8810303535106,53.0,2145.0422776537484
2536,70.0,1917.5974500264015,51.0,2110.6736910174805
2537,70.0,1971.2894673422084,57.0,2171.42601809915
2538,66.0,1937.8945767698376,59.0,2000.087253300504
2539,73.0,2129.872314104424,65.0,2181.7633310107954
2540,66.0,1968.4963203205648,52.0,2036.7058923449251
2541,92.0,2135.728212634949,59.0,2227.576961540297
2542,83.0,2151.75433551134,57.0,2056.753861531754
2543,88.0,2203.126388706743,54.0,2129.693258132122
2544,77.0,1851.5226233564138,47.0,2239.854429048954
2545,71.0,1984.6739356055532,65.0,2096.605815457232
2546,84.0,2180.523903100892,45.0,2166.6407412441677
2547,68.0,2001.7264597046315,63.0,2130.7244740897536
2548,76.0,1967.4080239130444,68.0,2071.8062136133676
2549,63.0,1874.305113024111,57.0,2002.7763884696833
2550,61.0,1962.1486491418327,56.0,2040.201294119887
2551,85.0,2112.391090814384,51.0,2075.3839304288163
2552,86.0,2013.5848245170876,52.0,2188.3857250645638
2553,84.0,2001.7170636846483,51.0,2047.6603673403765
2554,89.0,2243.4401205586723,54.0,2095.4110615570103
2555,77.0,2238.4431472197916,69.0,2151.298287605253
2556,70.0,2047.0817608142104,51.0,2273.3896310432533
2557,69.0,1954.9466183645543,47.0,2150.170399651585
2558,74.0,1916.4623520204539,46.0,2090.3502372071102
2559,67.0,2023.937842351398,54.0,2017.4865768679524
2560,97.0,2095.978974343606,56.0,2077.255878625487
2561,67.0,2094.9666278286923,53.0,2163.498260290673
2562,73.0,2024.0599387079897,42.0,2015.0321320214182
2563,73.0,2036.1528762520093,51.0,2112.2348402901057
2564,77.0,2117.6710822744994,61.0,2092.8705944220023
2565,59.0,2056.63717019327,61.0,2156.468351717139
2566,69.0,2035.0714176503236,59.0,2030.224538240281
2567,71.0,2048.406576633427,53.0,2124.218347309047
2568,65.0,2062.075661410184,48.0,2094.6350723204123
2569,65.0,1951.405289141016,53.0,2031.0262217140148
2570,67.0,2113.795486447736,54.0,2061.637812776625
2571,82.0,1991.7377796682865,42.0,1957.6287424206173
2572,65.0,1913.5700155922418,50.0,2075.5504785530197
2573,79.0,2085.4283043341134,54.0,2277.745488589108
2574,72.0,2031.1386974539719,52.0,2119.7837734027257
2575,70.0,2024.3862199869957,60.0,2061.2147936799283
2576,86.0,2185.994526394729,48.0,2033.0499739205263
2577,77.0,2107.1484532502795,47.0,2036.7167928523302
2578,71.0,1959.0189538466238,58.0,2120.738781666862
2579,58.0,2121.6062691262723,46.0,2087.068615800156
2580,68.0,1946.2798007305753,56.0,2099.1353287721663
2581,69.0,2108.4521845392414,65.0,2045.3241547277253
2582,75.0,2000.3320366361481,46.0,2001.5181591363753
2583,85.0,2127.0565599235933,41.0,2048.3370910464573
2584,85.0,2081.8979419206253,61.0,2185.877105119605
2585,87.0,1970.5826061111204,62.0,2083.625327301636
2586,80.0,2093.0714628031214,59.0,2202.8607642785237
2587,56.0,2090.0453271356014,53.0,2047.5893148747812
2588,73.0,1948.0515079848774,56.0,2135.012111556756
2589,72.0,2011.6503801586687,58.0,2068.303998295969
2590,78.0,2105.381821988349,52.0,2173.756067883954
2591,79.0,2081.4672884789866,59.0,2000.3967646888145
2592,66.0,2023.0134337246295,53.0,2039.9132304061043
2593,64.0,1974.1373137784192,55.0,2034.5086439282468
2594,62.0,2006.834862515967,63.0,2089.9496289618337
2595,61.0,1987.291918806325,56.0,2056.273021768907
2596,68.0,1888.8650500527679,51.0,2061.0563542185
2597,78.0,2125.908095307064,46.0,2053.2338560853977
2598,71.0,1986.694102187752,53.0,2051.835462502584
2599,57.0,1878.577481850246,70.0,2333.939138702256
2600,76.0,2009.4735109626392,63.0,2191.3480083396526
2601,77.0,1903.7231331827682,67.0,2202.682366955681
2602,73.0,2150.9759923588695,60.0,2209.155163706818
2603,72.0,2073.825831623173,64.0,2180.527926473633
2604,74.0,1966.7410971411384,48.0,2162.1797079681396
2605,68.0,1917.2201987069927,45.0,2100.328321849317
2606,78.0,2061.063281343131,59.0,2135.7065494406015
2607,70.0,2095.5305814763146,63.0,2144.000961774939
2608,85.0,2019.7236047130045,69.0,2006.1341194877918
2609,77.0,2026.4433957435094,55.0,2090.4732260576293
2610,65.0,1948.3152146395212,51.0,2086.640682066542
2611,77.0,2088.0554758497233,48.0,2085.3014266994646
2612,64.0,1967.5362736473867,61.0,2065.575465011067
2613,81.0,2019.7960295255618,47.0,2141.2208257106954
2614,74.0,1987.8716654755694,54.0,2089.150711511397
2615,81.0,1926.0327103812656,54.0,2033.709696363167
2616,86.0,1941.9398041229692,56.0,2112.6743746547627
2617,66.0,1986.6148880791047,67.0,2231.4878310470085
2618,69.0,1979.434373032376,62.0,2046.799593818845
2619,54.0,1860.2237049212845,58.0,2022.0811343922217
2620,88.0,2197.198433095796,59.0,2094.3711802174416
2621,73.0,1940.5138483486421,55.0,2210.337510128906
2622,75.0,1953.2779939242355,52.0,2077.244227428815
2623,71.0,2016.992425581766,68.0,2164.028681292204
2624,73.0,2031.149793749254,50.0,2096.590409560847
2625,85.0,1956.2188609310401,49.0,2045.878259054404
2626,79.0,2016.902104606465,47.0,2119.002300796281
2627,75.0,2002.293794210478,63.0,2193.8441227104863
2628,82.0,2106.399815074119,59.0,2114.9548651064833
2629,69.0,1978.8011404500464,57.0,2194.532099102476
2630,89.0,1993.5888813813594,59.0,2133.1761274644277
2631,75.0,2016.4308782124267,55.0,2164.2844028504624
2632,74.0,2112.8776602518988,43.0,1951.2557037937818
2633,70.0,2027.630164983765,51.0,2100.519272036654
2634,93.0,2086.250950725126,74.0,2142.987862287351
2635,70.0,1981.5609093152132,60.0,2079.039649857354
2636,76.0,2040.7162951557707,60.0,2114.1573595086084
2637,59.0,1877.7655662033465,48.0,2082.965107870536
2638,80.0,2040.4581885911987,53.0,2153.4270553346673
2639,79.0,2056.1865835662156,44.0,2044.6977150174464
2640,72.0,1995.2915422014387,59.0,2167.6394605402256
2641,70.0,1948.5609726531823,50.0,2034.3009301058064
2642,77.0,1997.7422836549067,59.0,2145.4564983014275
2643,78.0,2113.684459540441,58.0,2087.146656220056
2644,67.0,1929.6878906704503,52.0,2265.8063182913756
2645,83.0,2077.261755943164,68.0,2285.7930992701167
2646,69.0,1937.2773068096456,45.0,2067.446764012446
2647,76.0,2093.1733475094024,42.0,2082.5558962866576
2648,71.0,1999.0890295942986,60.0,2195.5902315932644
2649,80.0,1919.7576518707801,60.0,2214.9618381278174
2650,69.0,1948.9815282023358,58.0,1979.187159190009
2651,73.0,2085.1795412009383,53.0,2012.1813464360046
2652,77.0,1948.1436645751444,49.0,2050.5347987710684
2653,76.0,2048.8326394346,57.0,2041.345077933614
2654,78.0,2059.71277559227,35.0,2063.6935154724506
2655,69.0,1960.787458101124,38.0,1953.7741174064531
2656,72.0,1945.6033334162328,41.0,2028.9848594380092
2657,73.0,2046.4870541030464,35.0,2094.120096604888
2658,71.0,1947.1289619679708,51.0,2086.4464088757263
2659,68.0,1861.4533924841517,63.0,2095.583176243263
2660,77.0,1977.0067317632088,56.0,2097.207868705673
2661,59.0,1871.6596302294827,63.0,2074.7690644165737
2662,84.0,1947.4367254750643,62.0,2118.654551686899
2663,68.0,1916.1175688439016,53.0,2106.8748245115216
2664,75.0,2072.220022230177,42.0,2060.9688751279614
2665,72.0,1945.0761213865296,59.0,2111.536983189984
2666,72.0,1917.9512352806075,52.0,2005.0867350054607
2667,78.0,1948.6406469373565,70.0,2202.659245665605
2668,69.0,1973.8777620588623,59.0,2172.6279053767403
2669,75.0,1979.3000981333344,61.0,2084.6012479365486
2670,76.0,2146.1501824780676,55.0,2144.0786598356835
2671,86.0,2157.164888253685,51.0,2049.2412001066664
2672,79.0,2041.709698135541,57.0,2218.147308391312
2673,82.0,1835.7320681970816,60.0,2060.686877676042
2674,72.0,1990.2477400974847,52.0,2022.7692980416505
2675,66.0,1845.6624006600011,44.0,1975.962246508465
2676,72.0,1941.8708864604507,69.0,2146.5947981145946
2677,80.0,2055.910804745446,64.0,2170.6720996903514
2678,69.0,2007.3826128571525,61.0,2078.0184694762274
2679,75.0,2079.2888264347944,49.0,1973.7668759916317
2680,70.0,2060.833871602456,69.0,2178.4384486235203
2681,75.0,2032.4804211466849,53.0,2141.5764661801422
2682,82.0,2160.0809379570637,55.0,2171.895746194053
2683,73.0,1975.3306911001132,48.0,2261.0900152892946
2684,65.0,2039.0922903156732,50.0,2056.417798651445
2685,97.0,2248.241824921861,59.0,2128.696871938373
2686,80.0,2141.0413815187317,57.0,2090.358868669808
2687,73.0,1987.0190921503383,60.0,2110.3300924295513
2688,60.0,1936.5894327529215,55.0,2176.092976455986
2689,79.0,2044.0288369669124,71.0,2153.8504349043974
2690,81.0,2050.990124164572,50.0,1964.1466861576343
2691,76.0,2109.356907850236,71.0,2226.9503318460265
2692,64.0,1962.7582971312238,58.0,2073.5862170057376
2693,75.0,1892.2939930639936,59.0,2097.1123588912305
2694,64.0,1929.1187487935736,68.0,2156.961513702446
2695,80.0,1984.5230117092979,52.0,2185.6004913504858
2696,74.0,1959.9815856393534,50.0,2060.622114638064
2697,76.0,1982.5173189613483,58.0,2266.143797835173
2698,65.0,2049.09831058289,51.0,2146.1635138178185
2699,71.0,2049.972866789797,62.0,2167.0360916034315
2700,78.0,2094.636103368612,64.0,2194.153043723338
2701,64.0,1929.6367721319828,57.0,2067.629561361558
2702,77.0,2136.27786711247,56.0,2244.554152413838
2703,79.0,1962.4183909226183,71.0,2179.5448416835266
2704,76.0,1964.3997396964523,53.0,2039.0019405132857
2705,82.0,1937.6888909356903,53.0,2071.3035920943867
2706,77.0,1979.4229719224447,52.0,2012.1870886128268
2707,77.0,2044.030413805928,66.0,2160.4374861531596
2708,62.0,1997.8878311685935,48.0,2091.7422555514413
2709,72.0,2067.536203583725,62.0,2155.2181112030376
2710,70.0,1934.0931522717024,46.0,2001.0281422571559
2711,71.0,2010.8471433135585,46.0,1987.5086391248215
2712,71.0,2107.7358906451373,70.0,2248.7773977839806
2713,92.0,2170.2712243535757,57.0,2057.523837809208
2714,73.0,1946.2925956039262,56.0,2118.1582804926265
2715,70.0,1958.2838478071592,64.0,2078.023210443982
2716,68.0,2046.8416828180555,51.0,2079.7171649476018
2717,76.0,2002.3110453393467,65.0,2165.522144939618
2718,78.0,2026.2215025372968,57.0,2060.818508843821
2719,65.0,1856.9317010966915,44.0,2096.4268177823815
2720,85.0,2102.9921661763196,63.0,2030.1314588605844
2721,81.0,2047.761828623496,53.0,2085.056411443908
2722,74.0,2065.4180983429555,52.0,2088.362337788453
2723,73.0,1912.9425454538778,51.0,2054.982520879006
2724,73.0,2023.497678514249,54.0,2161.3056382826653
2725,83.0,2130.4988850101954,53.0,2013.3568631793514
2726,80.0,2136.2936568854498,50.0,2132.396509638124
2727,82.0,1958.4963454674114,67.0,2088.571493154776
2728,73.0,2043.7639866503316,58.0,2013.2694380292
2729,74.0,1995.9698639779365,56.0,1993.408371226686
2730,70.0,2028.7103876013114,49.0,2143.6302411837487
2731,70.0,1866.7110131518511,54.0,2181.9533507327883
2732,79.0,1874.5146220438307,51.0,2050.0938309093685
2733,71.0,1931.5385052018248,51.0,2028.451612223744
2734,72.0,1935.212574394688,40.0,2146.2210965043287
2735,59.0,1910.5495117938374,62.0,2070.3754013761527
2736,67.0,2018.7222680449827,49.0,2011.416324167105
2737,76.0,2083.392048421164,48.0,2057.333974128686
2738,73.0,2084.201520489462,50.0,2080.642489005024
2739,85.0,2149.1999514929785,52.0,1992.423165602944
2740,78.0,2024.6747927235585,55.0,2098.9272642634664
2741,60.0,1992.8857404042592,54.0,2170.3984235525418
2742,79.0,2048.238686348163,52.0,2090.76704525557
2743,83.0,2026.3107948169236,48.0,2083.829137892705
2744,73.0,2119.8313578082907,39.0,1972.0300353981731
2745,81.0,2035.820537788266,52.0,2090.982244377557
2746,77.0,1980.7541184345314,48.0,2131.5117307368355
2747,62.0,1926.606336189778,62.0,2233.268069773148
2748,72.0,1928.5295742265905,44.0,2011.6138802596972
2749,84.0,2119.4623952640286,52.0,2005.3727279292555
2750,89.0,2156.78656547533,64.0,2040.7588163706557
2751,67.0,1945.627816812848,46.0,2098.9241511169844
2752,75.0,2017.832066636167,59.0,2109.7671214683887
2753,71.0,2092.474179540325,49.0,2108.3794847873273
2754,75.0,1963.882262631667,55.0,2158.6562715442165
2755,69.0,2073.4058043363007,59.0,2159.370451867052
2756,55.0,1879.0555412395686,54.0,2150.680393325356
2757,67.0,1999.1936909453198,50.0,2107.1539256501133
2758,69.0,1998.8512138984252,62.0,2235.281724197403
2759,79.0,1932.7985304249378,50.0,2219.974013499221
2760,64.0,1948.6240987869237,56.0,2016.4062594943296
2761,67.0,2073.942686092037,57.0,2132.3924988909075
2762,74.0,2079.8367926371357,47.0,2026.5300614054172
2763,76.0,1933.0849433755784,50.0,2045.3252438060692
2764,73.0,1998.913317527439,53.0,2056.533472408329
2765,58.0,1874.695743737097,64.0,2131.0869106064406
2766,74.0,1974.4567213298994,46.0,1962.4642455909623
2767,73.0,2002.9830202566088,62.0,2192.277787571941
2768,69.0,1961.1369208110702,48.0,2044.4955408151131
2769,79.0,1926.5903291908958,53.0,2224.5745083301763
2770,69.0,1990.7464991433772,39.0,1977.5872061561934
2771,79.0,1954.515381180231,64.0,2204.1006200898564
2772,72.0,2086.5017611889098,69.0,2073.4895075618033
2773,86.0,2082.9237487907935,62.0,2079.4669680093934
2774,71.0,2053.1606695304986,59.0,2060.064107028082
2775,74.0,2185.466352907013,61.0,2101.4370105998196
2776,70.0,2133.5847469193595,56.0,2084.790243879979
2777,64.0,2025.359751925248,56.0,2064.456345497887
2778,66.0,2040.8604779046614,50.0,1954.8600503722919
2779,74.0,2161.977516909708,67.0,2072.996044830447
2780,67.0,1953.8669669588169,56.0,2062.3719620360516
2781,78.0,1999.2814712737452,55.0,2001.5151313302576
2782,74.0,1939.8662554554048,63.0,2058.298285718384
2783,79.0,1936.9657998117286,43.0,2085.6738042149286
2784,64.0,1863.3344236928017,69.0,2196.6489686327072
2785,61.0,1852.8224468036155,45.0,2012.6987415731624
2786,71.0,1992.8454485254445,57.0,2209.6842253716254
2787,69.0,2068.7459847270547,55.0,2052.094458200261
2788,76.0,2070.052934968923,52.0,2112.4590998233793
2789,71.0,1869.6306605986176,55.0,2086.5298431311066
2790,78.0,2169.4534765135886,74.0,2135.8169574145227
2791,78.0,2105.0520944324244,61.0,2147.4410742616656
2792,66.0,2070.4420254513198,44.0,2078.302318471097
2793,88.0,2092.6533384107993,48.0,2108.8765549157492
2794,71.0,1951.2686077177123,39.0,2020.3182423730816
2795,76.0,2214.8527660940476,50.0,2104.328618461399
2796,78.0,2077.69888699063,64.0,2283.7584841024086
2797,65.0,2051.3415422633097,49.0,2185.8607444798154
2798,84.0,2051.1622476373204,47.0,2149.7435086810615
2799,77.0,2039.1538856240352,59.0,2116.6793955175362
2800,71.0,2019.0308478051102,59.0,2194.3838384858445
2801,73.0,2097.156903756886,52.0,2015.9377781273504
2802,67.0,1921.932773397963,48.0,2004.3805743023288
2803,77.0,1948.651518348536,59.0,2096.1757914149025
2804,69.0,2006.2833036433206,44.0,1976.080400223684
2805,78.0,2037.1477310173016,55.0,2049.579082340459
2806,72.0,1984.7392631626433,45.0,1971.090835582245
2807,72.0,1874.839737080628,70.0,2274.2616438248524
2808,79.0,2026.4544560191698,42.0,2035.659279292968
2809,67.0,1889.4749389585115,51.0,2161.4611253209086
2810,80.0,2091.3449726129147,59.0,2072.000576623348
2811,60.0,1986.484581021259,68.0,2145.76001163417
2812,62.0,1976.781788355462,53.0,2030.0146231306328
2813,70.0,2068.6109500347757,47.0,2090.208006548621
2814,67.0,1975.4949527907156,51.0,2102.00828720908
2815,68.0,2051.801110588761,64.0,2194.1888887718055
2816,79.0,1991.8059389142722,57.0,2107.820516192205
2817,79.0,2077.060361271105,63.0,2049.8741975279886
2818,75.0,1908.3230255241099,56.0,2018.3319261712354
2819,63.0,1947.6264562170095,61.0,2013.9884648939087
2820,81.0,2070.919942232739,74.0,2258.125957684906
2821,68.0,1906.266123336937,56.0,2059.5097611506158
2822,73.0,2025.6812613771087,61.0,2125.099018892839
2823,73.0,2081.6552379551254,64.0,2049.925610487855
2824,72.0,1998.330349983541,51.0,2082.3121276090756
2825,80.0,2077.5017822026607,61.0,2069.53686661413
2826,77.0,1983.0952356968,65.0,2124.901917215778
2827,63.0,1973.0958109864403,61.0,2176.4816050562017
2828,69.0,1987.3258932548054,56.0,2022.6802238147354
2829,80.0,2084.7343740408924,62.0,2099.7110932095316
2830,87.0,2000.125685918034,58.0,2042.53034009903
2831,59.0,1927.21368334352,55.0,2082.4185799580796
2832,75.0,1928.0387763655658,58.0,2098.6513975747253
2833,70.0,1938.5204597156426,41.0,2164.669440205992
2834,79.0,1960.7630806923748,55.0,2121.9656059363447
2835,72.0,2112.6837391889208,69.0,2205.148512667192
2836,69.0,2014.3921312083685,59.0,2258.3512712335173
2837,76.0,1947.7365203055588,62.0,2119.0957059941256
2838,83.0,2066.130957407011,50.0,2088.484720779256
2839,76.0,1941.919742224979,50.0,2048.5194307321226
2840,80.0,2089.425321670492,61.0,2128.763845031024
2841,67.0,1993.1658226212624,60.0,2103.480691526265
2842,65.0,2016.9760659195915,60.0,2026.4482024487106
2843,79.0,1946.2564635414258,54.0,2091.891205422025
2844,58.0,1982.0452110983554,61.0,2094.324962285096
2845,73.0,2215.2258634766476,54.0,1998.732718426447
2846,71.0,2028.7269913822704,58.0,2186.5223307501024
2847,99.0,2052.4290059917403,55.0,2020.3016778737538
2848,74.0,2014.2783677626267,53.0,2113.5411036238443
2849,65.0,1948.731609978982,55.0,2115.1723863370385
2850,65.0,1918.6169994481074,52.0,2058.995671966417
2851,78.0,1982.9225587427316,60.0,2122.1131601929415
2852,73.0,2082.72769918145,52.0,2132.171840225002
2853,62.0,1992.1835983329051,68.0,2288.795862917513
2854,75.0,1943.9481000738308,54.0,2037.7299804294692
2855,67.0,1909.352639450707,47.0,2008.2670501567245
2856,81.0,2052.601224123014,67.0,2129.5846685850893
2857,82.0,1989.5696544106086,46.0,2123.6316655976157
2858,76.0,2006.8251691831579,51.0,2016.9215036943785
2859,67.0,1927.0074766825628,56.0,2146.881952008633
2860,65.0,1897.7643483223876,55.0,2137.2787837538813
2861,70.0,1935.808804639272,47.0,2015.3360185010922
2862,68.0,2067.88614374592,48.0,1991.5773945243716
2863,81.0,1999.962903256563,60.0,2076.3863768267433
2864,71.0,1960.9852884915024,57.0,2125.6789128757955
2865,69.0,2020.4767486898506,58.0,2096.1835610467583
2866,70.0,1982.8755265637747,67.0,2088.4016946948177
2867,71.0,1953.0329854997728,64.0,2154.8562750461533
2868,83.0,1968.0458859177436,66.0,2242.695283758899
2869,71.0,2029.521979789124,50.0,2088.922173100989
2870,82.0,1956.9848885224258,49.0,2024.5026933731317
2871,79.0,2031.992408933361,40.0,2104.4535721702914
2872,81.0,2006.1766437659749,49.0,2080.5748451884283
2873,75.0,2052.583933168668,48.0,2029.0729551014808
2874,54.0,1883.4144032487773,54.0,2135.6477195800567
2875,73.0,1986.0672045553192,49.0,1994.7293791089687
2876,69.0,2110.5472754864113,53.0,2083.190286787706
2877,74.0,1891.897385203057,62.0,2065.104754944429
2878,82.0,2004.3734743298667,53.0,2138.6545496576246
2879,74.0,1977.3773418192063,49.0,2166.0238369666354
2880,79.0,2076.732588965701,53.0,2118.028245582778
2881,78.0,2030.2879642126118,61.0,2122.6762977719504
2882,82.0,2072.97698792094,56.0,2110.940173465099
2883,76.0,1957.5557842532219,61.0,2035.49606291349
2884,65.0,1890.602666611283,49.0,1948.9196091443919
2885,68.0,1982.8862112434776,51.0,1977.2005108688124
2886,84.0,2084.924772358707,59.0,2096.1362048993633
2887,63.0,1994.5399316449134,50.0,2087.119790535338
2888,85.0,2123.437141769605,62.0,2203.9429942033316
2889,75.0,1985.315520984858,55.0,2038.694523611035
2890,71.0,1963.0388069583278,74.0,2180.5216416006465
2891,61.0,1998.3165313840698,54.0,2015.9000792229212
2892,61.0,2035.908888766782,60.0,2151.140616755388
2893,70.0,1953.4160199422042,52.0,2017.310579566563
2894,69.0,2116.1913116340716,64.0,2140.7260735184523
2895,80.0,2036.2581842145908,48.0,2082.0028515871
2896,85.0,2062.0173267879727,55.0,2036.3898974597037
2897,59.0,1892.7238203213437,49.0,2020.423391076536
2898,66.0,2058.594525354628,59.0,2115.537723288875
2899,70.0,1966.8040178098502,54.0,2062.103191151268
2900,63.0,2023.141350977356,55.0,2052.8947284133546
2901,70.0,1991.3574674711804,55.0,2181.104330667156
2902,76.0,2018.4194156158467,57.0,2193.09416931845
2903,72.0,2108.2880177308525,51.0,2279.676330125561
2904,77.0,2073.819050191199,64.0,2232.5753413054035
2905,81.0,2032.1612825331035,62.0,2123.918676769893
2906,75.0,2023.186627648464,56.0,2072.9320868874934
2907,76.0,2025.2299965857803,65.0,2087.15936412343
2908,60.0,1906.9068287998514,47.0,2019.7438338865963
2909,89.0,2139.0099680806507,57.0,2223.754313942226
2910,73.0,2131.937247121291,53.0,2076.6586687540917
2911,86.0,2056.6144956363214,66.0,2007.9427500543065
2912,74.0,1915.5432463114012,59.0,2235.384072178328
2913,83.0,2265.746012541129,70.0,2300.1211372940047
2914,74.0,2127.8330654654774,53.0,2142.6969632759487
2915,70.0,1956.2678737698554,60.0,2124.3166177498233
2916,77.0,1899.430482115903,68.0,2140.739810077396
2917,69.0,2029.7624477330694,51.0,2146.4789583497322
2918,71.0,2009.8124006085823,44.0,2097.5809921247887
2919,67.0,1895.15008236867,50.0,2050.087305912327
2920,73.0,2044.4342280323267,60.0,2047.0558857089843
2921,73.0,1997.11136042584,60.0,2097.9215043730537
2922,76.0,1922.479230212204,58.0,2264.9476888795325
2923,72.0,2186.2807144633393,54.0,2063.264804450379
2924,75.0,1947.865594198745,49.0,2033.83571488309
2925,72.0,1998.5851909851572,55.0,2204.7487370869662
2926,66.0,1988.6292487464873,64.0,2309.2787211933846
2927,66.0,2250.478020744793,62.0,2183.5693543249467
2928,69.0,2130.324510243542,53.0,2080.6209363431394
2929,71.0,1977.9311051972284,57.0,2097.136148633795
2930,84.0,2016.1780942750518,42.0,2042.6985067543928
2931,74.0,1963.4474519895177,53.0,2019.5382822753527
2932,78.0,2086.5492042566943,46.0,2086.8869539623506
2933,82.0,2044.7309250249455,48.0,2064.5707183549403
2934,81.0,1885.222442603711,80.0,2097.683443159751
2935,66.0,2047.044800330678,64.0,2270.7745339866838
2936,82.0,2068.2462656918674,46.0,2181.164065290166
2937,77.0,1927.1142910011868,42.0,2039.4650016607304
2938,66.0,1972.9454802673552,43.0,1995.5154160602833
2939,71.0,2003.3539791679175,54.0,2089.7343913786544
2940,69.0,2091.023075432476,68.0,2169.0876028688544
2941,76.0,2089.891339043939,53.0,2187.2931199968266
2942,69.0,1952.2076434210953,51.0,2071.3319328014168
2943,68.0,2015.7501999021597,50.0,2214.1600907343404
2944,87.0,2109.53886920124,57.0,2166.5344723110534
2945,75.0,2027.138022122069,69.0,2282.1502850367838
2946,62.0,1801.5248566252503,55.0,2001.237284109948
2947,66.0,2018.7587628566773,55.0,2160.4258465082885
2948,74.0,2041.2691675793217,59.0,2250.4568493817833
2949,72.0,2017.3626424921745,61.0,2128.7171213856645
2950,81.0,2066.873787037692,54.0,2050.569293378463
2951,72.0,1959.8471123293434,50.0,2051.9064108230787
2952,65.0,1976.4157950348506,56.0,2082.3189156905974
2953,72.0,1993.8216973159413,46.0,1968.37053574275
2954,79.0,2097.2383022718964,55.0,2163.555260460634
2955,61.0,1888.7790881002925,52.0,2071.6735072496917
2956,75.0,2139.834851879043,44.0,2076.3556481257433
2957,61.0,1909.4088069921875,65.0,2094.7684891527338
2958,86.0,2098.136795453434,51.0,2187.2768133874897
2959,81.0,1976.3169932871965,55.0,2067.041336283054
2960,72.0,1952.7198634715542,56.0,2217.3599414650885
2961,77.0,2049.920128194882,50.0,2097.0484075629192
2962,70.0,2035.3306098180985,55.0,2054.9730889989755
2963,72.0,1985.3524412765946,53.0,2204.2692354671426
2964,63.0,1922.1388518242777,54.0,2122.098863333816
2965,66.0,1895.127514526899,64.0,2110.2424477050163
2966,73.0,2087.028976732594,50.0,2057.961054795878
2967,51.0,1955.789166796737,54.0,2099.2347829442997
2968,71.0,1932.6714108847898,53.0,2063.4225809819804
2969,78.0,1944.1511648947753,56.0,2136.9961848509397
2970,86.0,2026.227402252314,60.0,2176.1667099596484
2971,82.0,2071.829444894873,60.0,2266.0687051075643
2972,74.0,2043.2964994183446,59.0,2091.355859171522
2973,79.0,2046.9417011653552,63.0,2072.620712011405
2974,72.0,1921.2004607144227,58.0,2120.0248814745214
2975,77.0,1900.1026213859247,65.0,2169.2811003134443
2976,87.0,2064.433427734076,58.0,2041.087524129084
2977,78.0,2194.4907863016465,55.0,1998.918852709631
2978,76.0,1912.9504353195332,66.0,2106.584906472671
2979,71.0,2080.8064115315346,55.0,2045.5885721200157
2980,72.0,1949.6227534004913,53.0,2089.8933808645047
2981,78.0,2084.5171404010175,54.0,2008.9991854961754
2982,64.0,2104.7662542965168,63.0,2025.149819312486
2983,69.0,1975.9404559481634,62.0,2081.106974416426
2984,67.0,1962.0210387182447,54.0,2162.1604093329665
2985,74.0,1970.9402060502964,59.0,2138.7004272149243
2986,79.0,2007.0156392909166,64.0,2161.0037490437603
2987,80.0,2261.9974957255945,71.0,2115.9028377406567
2988,74.0,1956.688129182751,57.0,2136.1298987050163
2989,76.0,2120.449907793529,50.0,2063.4461848130736
2990,76.0,2063.261324361461,61.0,2206.2053642477167
2991,74.0,1945.1107419303069,44.0,2072.173622133636
2992,77.0,2012.840154312519,63.0,2134.294867400928
2993,73.0,2000.6038573465275,55.0,2084.2123856424555
2994,75.0,1996.7749142078137,54.0,2125.554663833649
2995,69.0,2096.8394120485123,65.0,2270.515546732241
2996,59.0,1969.2193565008974,56.0,2067.045403283058
2997,69.0,2167.9486995379966,39.0,1923.5260102364853
2998,84.0,2028.5138697555788,54.0,1986.1499065407565
2999,75.0,1887.210227830974,55.0,2060.0316469029713
3000,70.0,1905.050572110277,46.0,2004.4029315668242
3001,74.0,2215.5405698550726,65.0,2240.6504198491575
3002,66.0,1968.1077212259456,63.0,2196.7505848154387
3003,76.0,1929.9735698492316,68.0,2130.449436665578
3004,75.0,2025.8817004800185,53.0,2120.3112869313036
3005,69.0,2018.5157882388055,34.0,1982.4711047359217
3006,83.0,2007.4631793995447,56.0,2118.7149083518975
3007,72.0,2043.4504008652973,61.0,2122.344314455964
3008,77.0,1986.195043138441,67.0,2154.0211613160122
3009,95.0,2232.1744379233055,52.0,2123.4712602758573
3010,68.0,2051.079434813602,64.0,2132.014436894598
3011,77.0,2024.4454355910623,64.0,2051.404091989816
3012,78.0,2120.032898529267,59.0,2005.6457732257836
3013,85.0,2090.360426310571,60.0,2126.5879469319593
3014,65.0,1950.0042754068668,50.0,2059.118903305773
3015,60.0,2049.7572337966185,53.0,2095.243680194672
3016,75.0,2101.118738716974,56.0,2080.9229615571653
3017,74.0,1961.0378342614301,61.0,2066.166389404495
3018,86.0,2177.029672735817,58.0,2205.922445713027
3019,77.0,2041.5980637780801,63.0,2079.1405690421498
3020,77.0,2062.909818326986,57.0,2278.299979814277
3021,64.0,1918.9193556868638,51.0,2103.9241736108306
3022,60.0,2061.2622254481375,63.0,2156.7218008301243
3023,66.0,2090.133121935255,59.0,2220.3947781263328
3024,75.0,2037.8294404893304,52.0,2141.6087522487733
3025,84.0,2180.7985363667117,47.0,2036.0708629363635
3026,75.0,2071.742868725834,52.0,2074.043470961251
3027,78.0,2155.4347480518977,56.0,2124.0196809570602
3028,76.0,2079.917351823684,47.0,2173.990574431514
3029,71.0,1879.8714527665188,47.0,2022.6784752254234
3030,80.0,2096.443294387758,47.0,2051.7177157336905
3031,80.0,1976.030088436845,55.0,2390.578519100882
3032,80.0,2188.1153792772675,52.0,2088.9470541167807
3033,73.0,2167.6248191957698,49.0,2192.4687062991397
3034,73.0,1951.995456660738,58.0,2135.230341218195
3035,78.0,1976.4766582476907,59.0,2178.7220801841145
3036,69.0,1862.3777292064617,52.0,2044.0490996512729
3037,84.0,1988.154103817811,64.0,2237.61673694831
3038,79.0,1951.9355075029305,59.0,2138.5970564510535
3039,78.0,2263.4541509962282,53.0,2016.2308559722605
3040,67.0,2013.5532725981475,50.0,2069.096248152429
3041,85.0,2182.5471574631583,61.0,2032.7515410734793
3042,65.0,1916.4545618977143,63.0,2022.1345613556675
3043,68.0,2050.2505079066523,61.0,1964.704679605026
3044,87.0,2060.2732218262827,54.0,2105.635358527743
3045,79.0,1969.4026090636626,56.0,2118.154477951784
3046,74.0,2165.6401607269004,59.0,2089.588063930921
3047,78.0,2080.0905663005947,48.0,2017.4158080981238
3048,71.0,2074.7595006557804,66.0,2166.597569146878
3049,82.0,1944.412378404497,66.0,2161.353906204328
3050,70.0,1929.7844471304106,68.0,2151.458011764992
3051,73.0,2095.629320585862,59.0,2063.7303676403476
3052,64.0,1913.7845938734126,59.0,2196.634847194609
3053,75.0,1958.4967569549474,65.0,2193.376363248706
3054,71.0,2030.7655272571562,44.0,2073.1959628584386
3055,77.0,2181.4848970065595,53.0,2165.0493510960746
3056,84.0,2036.225599778273,50.0,2023.6150005319719
3057,86.0,2115.7250914226347,62.0,2069.428638013823
3058,77.0,2188.7082404540665,52.0,2067.6953067943664
3059,79.0,2183.0962287717116,50.0,2035.8338262075868
3060,75.0,1956.949109069838,57.0,2184.8220465762915
3061,94.0,2200.5831899138943,43.0,2006.0749629660918
3062,69.0,1927.2564315881987,60.0,2167.060579829867
3063,79.0,1950.6153259058353,60.0,2076.4391281641488
3064,68.0,1932.604961384274,44.0,2044.7115332602548
3065,61.0,2007.297538301616,40.0,1991.066472510619
3066,58.0,1888.979665582807,52.0,2076.6896976544467
3067,67.0,1981.4246002550058,61.0,2134.8094647514404
3068,68.0,2113.348052738309,54.0,2096.8487727304996
3069,71.0,2041.4653196724669,46.0,1988.666687073681
3070,80.0,2036.184117214977,54.0,2263.4038088053767
3071,78.0,2200.293362792661,61.0,2029.5901353941488
3072,68.0,1927.9317112772926,61.0,2010.3392884342043
3073,72.0,1961.5833767756835,70.0,2195.450315864705
3074,74.0,2045.973467808986,44.0,2074.238436931023
3075,79.0,2099.660604919223,60.0,2044.9307776777316
3076,79.0,2036.526811264065,55.0,2119.1488245106043
3077,74.0,2041.501038055536,50.0,2088.9467362436235
3078,73.0,1891.3127342151909,50.0,2039.5237684925758
3079,71.0,1997.9448338649188,58.0,2074.309818669846
3080,73.0,1953.0392288833084,57.0,2044.121412466383
3081,89.0,1885.6903023860043,56.0,2111.875696287077
3082,70.0,2058.641392055554,57.0,2207.2768287833187
3083,87.0,2050.07070822046,63.0,2215.550589916179
3084,71.0,1997.5035676712207,58.0,2149.0875789925703
3085,78.0,2136.847085827607,54.0,2036.6484532820414
3086,63.0,1996.9303542043376,64.0,2081.3716063128986
3087,71.0,2110.5543001447254,57.0,2050.1679092630393
3088,59.0,1925.9799659677633,61.0,2121.0999152960117
3089,85.0,1917.2078048782532,67.0,2066.2287744433415
3090,70.0,1912.1220286389976,52.0,2161.858955265618
3091,68.0,2047.9405168640897,59.0,2244.8738027858776
3092,66.0,1952.6147831819135,60.0,2102.7460647223747
3093,77.0,2140.670429742723,60.0,2113.678288590191
3094,81.0,2043.4712220562974,58.0,2028.0112648504507
3095,77.0,2016.0573677234802,55.0,2156.0227421829013
3096,77.0,2037.3548270717458,52.0,2192.417825799679
3097,70.0,2019.5796557261954,52.0,2106.850420673473
3098,74.0,2152.982469954135,43.0,2122.3316606909434
3099,78.0,2065.2397127043887,52.0,2066.8215924409405
3100,85.0,2094.6668758520304,51.0,2085.3028286360664
3101,57.0,1913.5607965061602,52.0,1985.8341464297077
3102,73.0,2041.076181034515,53.0,2088.659796667534
3103,67.0,1933.8462357237686,55.0,2142.4677226639965
3104,77.0,1891.6887365954722,60.0,2118.1757113682934
3105,72.0,2126.749103126456,53.0,2148.8279711289806
3106,79.0,2007.3031136202908,60.0,2039.300163034653
3107,80.0,2067.1159392014147,53.0,2222.6868649550393
3108,70.0,1878.1928237157808,57.0,2014.0833978599326
3109,75.0,2010.4809437725937,58.0,2089.026428611203
3110,77.0,1963.7466612879002,44.0,2046.7125854522899
3111,76.0,1984.4227033380519,62.0,2214.2489077371442
3112,72.0,1900.435079331463,65.0,2096.2065950435795
3113,86.0,2081.683993741153,57.0,2256.2088667767352
3114,64.0,1927.756161537415,50.0,2050.7745539682646
3115,59.0,1935.0631442992008,56.0,2148.953222390412
3116,72.0,1936.5714906655114,43.0,2045.1745794153994
3117,71.0,2007.1328334316577,56.0,1988.4763777512228
3118,62.0,1953.859984551782,62.0,2107.1621514963144
3119,79.0,2149.4278481378165,62.0,2082.1940159195833
3120,74.0,2116.461505553549,56.0,2036.7357190038601
3121,62.0,2011.511578989609,48.0,2011.0991672575424
3122,74.0,2031.5894201051135,60.0,2165.992462662477
3123,79.0,2078.9952595873397,60.0,2166.5404990037355
3124,83.0,2012.4759413771446,63.0,2132.7863881011526
3125,74.0,2019.7797144880617,42.0,2076.9026734250997
3126,82.0,2022.1234866934421,66.0,2152.1732096294472
3127,70.0,1961.1867223652969,51.0,2070.2516422482863
3128,56.0,1941.2974191797307,44.0,2046.845875136606
3129,62.0,1976.0072461238478,56.0,2131.3090156319513
3130,83.0,2103.6663816014457,60.0,2243.821284002103
3131,74.0,1985.0617414079118,73.0,2224.91799299251
3132,66.0,2027.3452262188255,63.0,2093.6980816863284
3133,75.0,2080.5948323808,61.0,2029.7092802039192
3134,74.0,2015.2485875457385,59.0,2066.815182567127
3135,68.0,2054.4055024730924,59.0,2187.318567969992
3136,73.0,1989.8680443779701,53.0,2138.095509372606
3137,84.0,2061.787398579175,53.0,2119.1611164329547
3138,65.0,1919.2786673104001,53.0,2163.2585143760084
3139,77.0,2011.3704483406411,42.0,2034.7274043166065
3140,81.0,2020.7415372029182,58.0,2187.216524499558
3141,77.0,2052.5271811780194,57.0,2118.1258423670215
3142,71.0,2053.894998688834,55.0,2150.616233998616
3143,71.0,2283.175006975639,56.0,2205.5697545589287
3144,75.0,2027.4041956669732,60.0,2167.3434569330184
3145,71.0,1948.5941649533515,58.0,2110.2035204986537
3146,64.0,2032.1145437604437,53.0,2073.686217057361
3147,84.0,2058.491333330827,59.0,2089.2638493319782
3148,80.0,1938.2838202393798,60.0,2169.0152382368065
3149,75.0,2017.2005818168077,53.0,2052.3627731249226
3150,80.0,2053.0389873668773,67.0,2054.764101365978
3151,66.0,1906.7599826870196,51.0,2023.7376651300924
3152,74.0,2015.1876804602466,63.0,1990.4268868883314
3153,69.0,1883.8212762712665,65.0,1984.8858124405326
3154,75.0,1993.5784100073881,52.0,2154.165941745905
3155,88.0,2033.386067038986,52.0,2099.88778833756
3156,64.0,1996.1174129291564,56.0,2171.227822935578
3157,72.0,1901.5643504832972,61.0,2207.202801291125
3158,81.0,1989.6113524420823,61.0,2122.824284764264
3159,64.0,1853.414283813431,62.0,2111.282507671643
3160,70.0,1902.198754709588,50.0,1995.3564846766594
3161,73.0,2101.5789886371817,61.0,2135.606343900113
3162,52.0,1825.308815810469,54.0,2031.8767000168864
3163,62.0,1988.9258857637935,48.0,2071.976902536899
3164,75.0,1982.5913291280951,58.0,2141.301838859375
3165,85.0,2010.6509313912638,50.0,2120.9394874939094
3166,76.0,2006.9916465284746,59.0,2138.1912853800272
3167,81.0,2016.6115499652803,52.0,2101.7016390456392
3168,76.0,1988.3910118395568,63.0,2224.063166919532
3169,75.0,2175.4060189278325,44.0,2073.069447719624
3170,66.0,1932.2986759875869,53.0,2064.5552923118444
3171,63.0,1914.9174379800615,46.0,2167.1650268013705
3172,70.0,2121.3194060566098,66.0,2104.699991483829
3173,62.0,1902.0359788673081,62.0,2105.763520423606
3174,75.0,2105.7985246727285,56.0,2061.3822303056636
3175,60.0,1827.346958468512,53.0,2033.59302550771
3176,64.0,2050.4909312933014,57.0,2107.1635068540763
3177,97.0,2077.0492918130544,56.0,2042.9512837058214
3178,72.0,2039.0312667513697,60.0,2234.777504392894
3179,75.0,2089.788380933838,40.0,2019.2696613474764
3180,76.0,2023.9110163295898,59.0,2041.2037571563105
3181,96.0,2133.875930144093,61.0,2034.0546987153346
3182,74.0,1976.669943744997,54.0,2193.948500395288
3183,76.0,2014.781598899374,51.0,2177.4409630193213
3184,88.0,2130.3822801076035,49.0,2040.6750437941052
3185,90.0,2201.823751843745,61.0,2094.0525106469577
3186,72.0,1944.9785080201575,54.0,2129.041223620557
3187,70.0,2051.5773880517186,61.0,2147.4502086449047
3188,69.0,1977.0775189161593,58.0,2176.5425664529057
3189,73.0,1991.9575537107924,65.0,2214.484119290103
3190,66.0,2038.740520058147,63.0,2057.7863399588773
3191,69.0,2130.316024723643,60.0,2125.8883829873994
3192,78.0,1985.9323426026249,45.0,2025.4021527576206
3193,72.0,2039.5757388948268,58.0,2053.687348383077
3194,86.0,2111.143542432989,50.0,2022.2426703361816
3195,69.0,1961.9090930289424,62.0,2117.0143227226413
3196,84.0,1953.08317660943,56.0,2096.3522102104516
3197,73.0,1973.7582588408702,64.0,2069.5222629838986
3198,75.0,2007.7125883792723,60.0,2084.3170443405465
3199,74.0,2079.4819625032287,64.0,2300.3580062368646
3200,70.0,2078.539359325323,69.0,2077.3848327134488
3201,81.0,2152.521866247001,62.0,2072.849160415285
3202,70.0,2072.7001437300946,48.0,2197.184787729367
3203,68.0,1948.386110493236,52.0,2147.804015806855
3204,74.0,2030.8137388337352,60.0,2261.5998398964452
3205,82.0,2070.9568848250915,55.0,2062.6449224256094
3206,65.0,1887.1443185378678,63.0,2137.183641214347
3207,75.0,1985.2560992636083,67.0,2134.148749887058
3208,68.0,2034.9418571325743,55.0,2149.6531678030974
3209,86.0,2119.284235703668,44.0,2080.8178851784414
3210,67.0,2027.3335537888222,57.0,2152.0473445679972
3211,77.0,1959.301870732312,54.0,2034.7937943186337
3212,75.0,2078.6169063870548,48.0,2086.45292446648
3213,80.0,2047.9171690612975,55.0,2046.3910428657819
3214,77.0,2063.2783858990933,54.0,2002.6100417059276
3215,81.0,2054.7474510024826,54.0,2190.191561295809
3216,69.0,1910.1070212531947,59.0,2075.473985965077
3217,80.0,1957.692854648758,59.0,2064.3493469550135
3218,71.0,2129.368040159308,49.0,2032.253812248404
3219,74.0,2078.7482947905596,42.0,2095.640451586154
3220,64.0,1957.1529708346907,57.0,2107.9365987218403
3221,79.0,2274.7735157804186,61.0,1985.7002448696533
3222,64.0,1954.1027142340786,51.0,2126.0041198899
3223,79.0,2018.5275043597644,52.0,1962.959907588469
3224,84.0,2171.2112605475013,52.0,2030.448591286376
3225,70.0,1929.0176460049288,47.0,2088.172613557389
3226,67.0,1892.5254049956386,47.0,2015.2299923251326
3227,66.0,1985.1322727757324,48.0,2056.3432638142226
3228,75.0,2083.5207209906985,63.0,2098.152576569931
3229,66.0,1882.8680674308544,57.0,2098.295844826507
3230,63.0,2053.059599506865,65.0,2184.976260795923
3231,72.0,2010.5559439927513,53.0,2083.1895451192386
3232,73.0,1929.4102101576173,46.0,1982.8635979824392
3233,58.0,2002.4391699437472,54.0,2050.2340005531864
3234,73.0,1882.8579833280355,61.0,2090.1207186022634
3235,77.0,2149.5791384754475,60.0,2073.4545879711372
3236,76.0,1989.8447581051491,68.0,2100.9053779440947
3237,66.0,1911.2131822966296,54.0,2069.1706619481156
3238,74.0,1915.4916315713895,56.0,2111.9245752973525
3239,72.0,1983.923911559279,49.0,2102.7398904653755
3240,68.0,2053.507614157218,42.0,2056.483817886937
3241,68.0,2014.334374499365,62.0,2202.628478081166
3242,66.0,1956.5517002269223,60.0,2092.1615096397127
3243,72.0,1907.246325870707,56.0,2026.8133485786861
3244,86.0,2072.601092058137,56.0,2019.3246969326826
3245,80.0,1994.1862740622382,59.0,2258.6159686219767
3246,79.0,2053.356764769282,47.0,2027.067733251386
3247,82.0,2019.4625436506556,59.0,2108.7335032303713
3248,83.0,2031.3938551486171,52.0,2115.892858455038
3249,74.0,1980.4934846318445,68.0,2143.227607454088
3250,67.0,1918.2774957866031,52.0,2126.4865160044446
3251,87.0,2225.314720737216,65.0,2191.1020568875915
3252,72.0,2029.031576854652,46.0,1977.2093294156225
3253,72.0,2057.2057511747325,60.0,2159.1775477280707
3254,61.0,1969.1874344628043,58.0,2023.836213662348
3255,69.0,2039.9708656151624,52.0,2182.3247886494255
3256,64.0,2018.209143646833,71.0,2263.476679048102
3257,73.0,1890.7413482854524,66.0,2134.436187576435
3258,71.0,2086.8475205070777,52.0,2035.8163589059184
3259,60.0,2095.048116273419,57.0,2123.9225562734505
3260,66.0,1855.910543530494,50.0,2103.76446280741
3261,73.0,1874.3264871378578,54.0,2015.5808598594463
3262,73.0,2059.4932079290274,56.0,2081.692118034947
3263,70.0,1908.701721397337,60.0,2161.6701383103255
3264,83.0,2148.9813382315742,45.0,2009.0378304009455
3265,64.0,1907.5463179218957,69.0,2119.6456997233513
3266,67.0,2026.3388113560145,53.0,1993.5961019264014
3267,77.0,2003.3907466527644,58.0,2051.2956907695516
3268,77.0,2116.872043469532,42.0,2071.9298711185497
3269,88.0,1961.821237571578,60.0,2231.8299618497203
3270,63.0,1945.381592247087,50.0,2074.751088499716
3271,78.0,2058.723835749041,70.0,2158.516449646676
3272,71.0,1934.5115431336949,64.0,2191.841437036144
3273,71.0,2114.04037497201,66.0,2285.6500839379355
3274,63.0,1978.3946783890792,65.0,2111.8521939703455
3275,70.0,1995.9459214252288,50.0,2034.8472166140516
3276,87.0,2027.7388611439724,64.0,2068.9605216330033
3277,74.0,1961.1890855504907,61.0,2170.3980921018156
3278,65.0,1940.5492798870919,50.0,1983.2082465668532
3279,68.0,2035.1758071706022,52.0,2052.168229953548
3280,75.0,2054.0212574843436,55.0,2078.333864195667
3281,84.0,2215.2897143960236,56.0,2040.4378774420416
3282,63.0,1923.2959037605272,66.0,2102.6806604656367
3283,85.0,2087.689648303801,55.0,2077.5134575602683
3284,57.0,2002.773728882677,61.0,2059.6244991703365
3285,73.0,2121.181886158615,42.0,1977.909893169815
3286,104.0,2140.5947106500835,43.0,2166.8550251121214
3287,80.0,1998.0766780137628,61.0,2150.89689489453
3288,63.0,1955.8184693913954,50.0,2259.2072018491995
3289,86.0,2049.2931783984513,46.0,2028.2900251068013
3290,67.0,1905.1085118613764,61.0,2170.994941749141
3291,80.0,2091.6030551884387,59.0,2150.503980512472
3292,71.0,1951.9391424665293,61.0,2147.7097259344605
3293,87.0,2129.2810335348504,59.0,2145.0708994335278
3294,74.0,2095.609827821288,64.0,2119.0404109037318
3295,78.0,2186.4154537547192,54.0,2068.636399708627
3296,75.0,2073.6941859902327,61.0,2186.5738967760917
3297,55.0,1913.7856408421983,57.0,2053.8395910517506
3298,74.0,2126.623692578302,60.0,2087.9721983806207
3299,75.0,1994.2174285778951,57.0,2021.742216566553
3300,86.0,1957.1397574565592,50.0,2138.9458934096256
3301,76.0,2166.3808997864103,52.0,2017.1812427076716
3302,68.0,1960.000679605268,64.0,2291.3064653069323
3303,76.0,1919.1010664894459,59.0,2080.168729229376
3304,70.0,1966.1467177712302,49.0,2179.12279964492
3305,86.0,2089.470637064808,50.0,2013.7430763016926
3306,81.0,1900.6037443158211,53.0,2012.977218048627
3307,77.0,1955.2688883743465,50.0,2011.0549169455624
3308,71.0,1981.615773852411,64.0,2197.074245801138
3309,83.0,2169.8699214443745,49.0,2106.2418872899357
3310,58.0,1932.8348335822634,55.0,2073.88284749898
3311,76.0,2162.270135416138,56.0,2086.0538787774262
3312,82.0,2129.292742486732,56.0,2052.5076572930725
3313,78.0,2043.231532783413,53.0,2050.068841722533
3314,86.0,2005.638305645675,53.0,2145.411399917489
3315,74.0,2003.8552400505587,50.0,2154.6015382252504
3316,80.0,2024.2169232674764,52.0,2012.2137220288246
3317,70.0,2027.5737870445148,56.0,2074.5366109665083
3318,75.0,1917.586502799004,57.0,2041.8495796962363
3319,88.0,2002.3818792499774,47.0,2044.1815222197115
3320,65.0,1923.911656837039,66.0,2134.358425055106
3321,80.0,1959.854509880662,58.0,2173.9586189324014
3322,80.0,2024.38135091546,64.0,2109.267315101589
3323,85.0,2102.8832619247833,56.0,1985.5477290323106
3324,88.0,2233.752394167607,59.0,2038.8978884764824
3325,70.0,2054.368277183683,73.0,2126.1959041311115
3326,81.0,2072.426536168178,62.0,2101.8247329533174
3327,71.0,2096.7521576642944,54.0,2089.226120102268
3328,73.0,1971.5594353267747,59.0,2185.8502393442145
3329,80.0,2018.3069216259169,54.0,2120.2742427903986
3330,84.0,2007.9378755699977,59.0,2128.4845266793413
3331,68.0,1920.800288667016,56.0,2069.9540753203983
3332,64.0,2000.4860059460962,60.0,2164.4564503796564
3333,77.0,1976.7642185906984,63.0,2132.376282388275
3334,59.0,1868.6109994942706,54.0,2047.8484687802127
3335,70.0,2112.253571399459,55.0,2024.4260070991184
3336,57.0,1844.0403870060563,46.0,2071.132211506666
3337,59.0,1877.5813727528757,58.0,2108.795156817957
3338,65.0,2111.022869073063,48.0,2104.3922591372484
3339,62.0,1935.2235310806648,58.0,2068.451545036989
3340,69.0,2124.2141916939327,58.0,2130.686209813914
3341,74.0,2021.5360142260558,60.0,2190.2605054775045
3342,71.0,2016.403030354089,71.0,2117.045606706088
3343,78.0,2096.158597907142,59.0,2158.158688892573
3344,81.0,2021.724241766782,66.0,2080.5953642619843
3345,65.0,1915.0928323143032,47.0,1979.388268420789
3346,78.0,1959.8451680270605,56.0,2194.1433949913876
3347,78.0,2040.3736807559833,50.0,2057.8195581583777
3348,77.0,2006.0146398544464,68.0,2239.7936417351693
3349,71.0,2047.934760124646,63.0,2115.0694162240916
3350,78.0,1990.2449452848637,51.0,2074.7206161554136
3351,75.0,1934.2502067933433,43.0,2008.1231184490564
3352,71.0,1979.6773813994205,53.0,2027.7511710632514
3353,71.0,2071.603311854383,44.0,2009.868837430925
3354,64.0,1938.615726374849,66.0,2139.443496021655
3355,82.0,2171.113867900242,56.0,2173.0142182073637
3356,85.0,2088.2039511514818,61.0,2030.0006487778692
3357,76.0,2261.5229395398715,64.0,2129.8852702856625
3358,86.0,2136.5835753320234,51.0,2044.3850390044488
3359,88.0,1958.8251640381761,54.0,2160.1382004672346
3360,69.0,1988.7617542334215,53.0,2061.9764547238033
3361,73.0,1978.3713248420947,52.0,2094.513034262357
3362,73.0,2015.2761765633293,59.0,2153.6719130940946
3363,68.0,1997.1099440497496,56.0,2053.783647532094
3364,68.0,1954.9370294155751,48.0,2083.0307164794226
3365,73.0,1967.9597449167945,43.0,2043.499231433293
3366,75.0,2060.8100052580735,60.0,2070.138673644918
3367,74.0,2002.2686583279594,46.0,1974.4346730052773
3368,82.0,2126.268383037445,68.0,2212.460721562332
3369,91.0,2163.8052878158205,66.0,2106.933968818442
3370,66.0,1942.2769241157323,60.0,2155.6909035994354
3371,74.0,2024.362732150357,55.0,2076.1635128442063
3372,74.0,1951.573454734786,65.0,2294.2788010893455
3373,85.0,1966.6990267558813,55.0,2047.5986311572867
3374,74.0,2086.1051206089464,59.0,2073.047532719653
3375,67.0,1855.1844262136617,55.0,2054.260146972722
3376,73.0,2024.1798493189588,58.0,2202.6481614306717
3377,82.0,1941.5973676155265,60.0,2137.1434987635516
3378,72.0,2044.6409429253574,67.0,2194.332859398122
3379,80.0,2066.3958977565862,67.0,2178.530779105831
3380,84.0,2132.401108146275,59.0,2064.230339550416
3381,79.0,2198.959052462998,63.0,2046.5245768189304
3382,70.0,1975.3123098930103,54.0,2146.6286870429813
3383,66.0,1885.810298172548,54.0,2043.7721939105938
3384,72.0,2085.7119121690453,55.0,2079.3136780954137
3385,71.0,2073.752901746166,69.0,2285.184336688705
3386,76.0,2074.683491649496,69.0,2202.02033919903
3387,83.0,2123.51412265469,51.0,2192.1033397884153
3388,81.0,2086.6721903370753,66.0,2095.9945721749773
3389,74.0,1899.056807244841,62.0,2126.409071670182
3390,79.0,2043.731435673781,55.0,2092.1872684948535
3391,71.0,2013.3127162956773,61.0,2122.8768302592484
3392,74.0,2206.4060989757013,43.0,2016.3660679809418
3393,64.0,2056.478279461942,52.0,2057.9117939165203
3394,74.0,2045.9994128705123,65.0,2084.682873461048
3395,71.0,2004.537856378388,62.0,2027.0520553639453
3396,74.0,1956.8439173705383,45.0,2089.008621886399
3397,75.0,2124.309741900309,65.0,2094.940693330379
3398,79.0,1984.64979170898,52.0,2122.7429269529853
3399,64.0,1980.1070657708176,52.0,2067.034841113484
3400,81.0,2008.655259659626,54.0,2126.0301831919746
3401,66.0,2032.5007285104068,59.0,2114.9374991586787
3402,73.0,1908.9190172420804,47.0,2003.8536528172572
3403,80.0,2056.7992686782277,63.0,2066.8028052034147
3404,78.0,2014.0955763205525,50.0,2042.404885121911
3405,74.0,2034.9909625280454,45.0,1968.860884018329
3406,73.0,2010.9472793405412,59.0,2104.715904813902
3407,67.0,1938.6969725275087,46.0,2132.788286755503
3408,63.0,2094.747767429698,56.0,2165.881061645221
3409,64.0,1960.9292703378205,56.0,2085.9587610139893
3410,84.0,2088.316311120128,63.0,2166.774490123966
3411,77.0,2077.75659773977,66.0,2115.8659311648066
3412,64.0,1981.700184044678,62.0,2120.2831256238196
3413,72.0,1897.932668516299,61.0,2111.257563409478
3414,83.0,2019.7019033825131,57.0,2044.9487982753808
3415,90.0,2189.597731501139,56.0,2114.705475748227
3416,74.0,1964.4232108966178,56.0,2205.898325231378
3417,65.0,2059.6020140044047,48.0,2173.8660880486113
3418,77.0,2087.1943203899787,47.0,2141.4318577157405
3419,65.0,2040.5575934086705,67.0,2243.445075421043
3420,64.0,2086.3629080779087,53.0,2050.4187355452937
3421,79.0,2155.2190190496626,63.0,2055.529993510306
3422,69.0,1959.4959268133234,48.0,2022.0644001013018
3423,67.0,1969.982299119812,40.0,2075.864982155039
3424,73.0,1917.8384130821273,47.0,2075.2002193689364
3425,79.0,2118.6784608593703,57.0,2106.769468899439
3426,66.0,1895.5815215300754,60.0,2306.1029950414236
3427,83.0,1989.1456338578316,59.0,2058.301053402155
3428,56.0,1952.4213482798227,56.0,2027.2874345798907
3429,81.0,1966.412222555677,49.0,2056.3766600316194
3430,72.0,1934.2251721025102,73.0,2073.502203971207
3431,68.0,2056.7536042047873,47.0,2051.163416408679
3432,68.0,1965.302003999698,55.0,2116.1575818757406
3433,75.0,2103.9489385651373,46.0,2038.3099077598413
3434,66.0,2044.234232815584,43.0,1960.8490800114837
3435,66.0,2036.2719185676058,54.0,2077.573881784756
3436,73.0,1881.0042355041858,63.0,2167.2579709563056
3437,76.0,1964.5209497049914,53.0,2036.4073217429723
3438,67.0,1979.1153377787687,77.0,2108.239597692316
3439,67.0,1949.1198950982728,59.0,2243.6960063596066
3440,79.0,2015.2905170443155,50.0,2113.713604411831
3441,80.0,2032.00271464948,50.0,2036.8774203786436
3442,70.0,2012.9683785507566,55.0,2219.8067525689535
3443,76.0,2163.6073949614683,63.0,2160.1448650978423
3444,78.0,1994.6264572909881,56.0,2027.8740601818733
3445,63.0,1978.2417066358646,59.0,2104.72213627203
3446,76.0,1942.0770885598822,49.0,2042.1247295870983
3447,65.0,1875.816172732918,64.0,2088.896999426668
3448,79.0,1972.6282292973956,55.0,2078.6371863945024
3449,74.0,2096.9448462349087,45.0,2044.7793105341698
3450,84.0,1939.562784607421,62.0,2217.9576682211946
3451,60.0,2146.7870904943516,52.0,2110.085302624487
3452,83.0,2067.8464765159856,55.0,2165.661115735966
3453,72.0,2050.484364202849,63.0,2184.1922873269154
3454,65.0,1924.4863919259615,53.0,2089.6082480582068
3455,78.0,2003.4312817864618,50.0,1994.6398707465426
3456,68.0,2040.80084047809,58.0,2061.5906772976346
3457,61.0,1981.713220717136,62.0,2105.5333017024413
3458,84.0,1997.7966611700544,63.0,2101.2005184532745
3459,69.0,1986.216599513866,46.0,1972.1909793260293
3460,84.0,2181.689570246044,52.0,2080.7159872196867
3461,74.0,1955.7770118678177,54.0,2034.4574223606571
3462,78.0,2091.034101479708,54.0,2094.010677741182
3463,85.0,1971.185534713272,47.0,2213.6141604228187
3464,74.0,1980.0462529426845,54.0,2086.963975145227
3465,72.0,2017.1970955181134,53.0,2084.0952996365254
3466,64.0,1915.9801041947273,55.0,2279.049450140881
3467,69.0,1941.7221140681797,53.0,2027.332714381488
3468,74.0,2015.8341598840939,48.0,2104.6686515032648
3469,67.0,2003.200960395593,47.0,2055.8272270954076
3470,61.0,1975.123207693664,56.0,2053.7953999715046
3471,73.0,1939.4552679040855,46.0,2105.6250909595715
3472,59.0,1790.6116501057652,53.0,2044.657090986695
3473,77.0,2029.437456696679,43.0,1966.790059538802
3474,75.0,2001.119835815031,50.0,2012.957090846026
3475,82.0,2029.444831954454,50.0,1996.3244962398726
3476,70.0,2034.8428334992948,66.0,2320.047188939953
3477,76.0,2178.7539435885974,61.0,2113.9481244629774
3478,77.0,2034.077948209183,48.0,2016.8050846609597
3479,76.0,2049.3314917151065,51.0,2077.7458788895133
3480,68.0,1932.5845830744724,45.0,2104.9997636983603
3481,68.0,2069.903516932473,56.0,2156.646875629372
3482,71.0,2133.750810710746,59.0,2142.792324758385
3483,57.0,1954.334964438166,50.0,2077.5883743660565
3484,77.0,2000.3954614192214,51.0,2025.055264736484
3485,80.0,2100.640633356986,53.0,2029.1154140896117
3486,90.0,2076.1955831131413,61.0,2180.967759721533
3487,67.0,2044.9096423098777,54.0,2148.9023854995244
3488,63.0,1962.844720810733,56.0,2067.023929402551
3489,89.0,2086.1697657702266,55.0,2042.161242721221
3490,73.0,2139.331686888003,45.0,2086.527723672982
3491,72.0,2021.1852524738313,72.0,2211.0720116915722
3492,63.0,2105.3795672911037,46.0,2141.664085210861
3493,87.0,2006.19394077799,52.0,2051.7832267967688
3494,84.0,2038.129673252561,70.0,2163.959480851019
3495,69.0,1989.6342755302064,47.0,2001.8011405827372
3496,72.0,2054.792115130723,46.0,2167.574352117991
3497,75.0,2044.4328121065184,60.0,1999.2819371983646
3498,56.0,1976.3912806507196,48.0,2065.46089725374
3499,68.0,2039.1896063416393,69.0,2058.3063098455304
3500,76.0,2027.0965650702108,61.0,2085.0440573368205
3501,69.0,1908.3988630297888,54.0,2056.7223250563948
3502,65.0,2125.9318481711666,58.0,2052.7967148677017
3503,71.0,2061.764974525405,69.0,2246.9787658560927
3504,77.0,2198.015604029863,58.0,2111.4717054582875
3505,73.0,2011.9819337220363,56.0,2164.095251382194
3506,69.0,1982.1033911929019,55.0,2091.546245200503
3507,82.0,1969.5584269663764,61.0,2211.1150379189485
3508,93.0,1969.2721687298301,65.0,2161.3208664529466
3509,67.0,1978.191347054884,55.0,2087.688938088049
3510,89.0,2151.8252263552768,67.0,2195.4499404208145
3511,70.0,2014.2838330256411,65.0,2044.5016933542818
3512,77.0,1867.6029580488193,59.0,2131.9243585186873
3513,76.0,2022.9956555155995,55.0,1995.6328760955446
3514,67.0,2170.616177105953,51.0,2043.358113568356
3515,59.0,1945.1474204136912,57.0,2127.6093569073446
3516,80.0,1982.9254812463676,57.0,2183.0919757642046
3517,65.0,1889.8563123620197,56.0,2143.768792278743
3518,85.0,2028.126219295888,59.0,2038.209675282897
3519,72.0,2091.5892903589925,44.0,2076.2675759292147
3520,85.0,2040.5681479183118,65.0,2124.104133627746
3521,74.0,2170.2491330441144,65.0,2305.890157431348
3522,85.0,2033.038175626772,60.0,2099.725068064278
3523,80.0,1900.1283258505177,58.0,2150.5889422658297
3524,68.0,1974.4341353720336,51.0,2163.0593665873002
3525,92.0,2061.6490220008177,54.0,2062.1979843235176
3526,81.0,2072.544127811076,61.0,2243.2437095735527
3527,80.0,2037.325993778118,51.0,2156.6789924121786
3528,83.0,2049.234300636468,60.0,2123.7532833049227
3529,65.0,1953.2997080113687,62.0,2053.202480292824
3530,67.0,1994.6596908579183,64.0,2085.953752589227
3531,80.0,2085.094447221419,54.0,2040.7352149097267
3532,79.0,1977.137739562874,55.0,1982.94762634238
3533,68.0,2056.3954700902,53.0,2041.002476621127
3534,71.0,2052.1727147478637,54.0,2054.6310000019216
3535,63.0,1985.152867131887,62.0,2070.0121122540263
3536,72.0,1989.263462334651,51.0,2206.487825125869
3537,83.0,2163.2744833196625,57.0,2145.9637837296414
3538,65.0,1907.8144762477489,52.0,2109.9787699378567
3539,70.0,2001.1310678419136,54.0,1974.1737220607247
3540,56.0,2070.590325089073,58.0,2191.9589959228274
3541,64.0,2012.8892018022113,59.0,2225.1487586555245
3542,74.0,1923.5905802548054,60.0,2066.141441679058
3543,85.0,2058.219581454149,52.0,2061.9614098021193
3544,75.0,2305.96061058977,52.0,2078.567381289287
3545,79.0,2043.7356019732551,62.0,2056.6853310018328
3546,71.0,2047.4462131313876,53.0,2169.260712620211
3547,72.0,1885.298607505224,62.0,2108.072276932237
3548,75.0,2067.4731444916883,52.0,2052.256500878003
3549,80.0,2048.6794269574643,49.0,2225.1050911021784
3550,60.0,1911.9888841661568,52.0,2050.8985736272352
3551,79.0,2086.898035199712,73.0,2147.4041848092866
3552,81.0,1979.7385466157207,55.0,2038.0131265812445
3553,76.0,2025.4694767459446,64.0,2116.1835548337267
3554,83.0,2182.8895710132288,56.0,2073.7471586940596
3555,67.0,1964.1037971343208,47.0,2074.1011785764636
3556,75.0,2043.863034255312,65.0,2247.0678286460684
3557,78.0,2061.5865392781625,47.0,2145.2618105859715
3558,61.0,1977.1133310522744,53.0,2036.7290609901715
3559,68.0,2000.9183629722118,58.0,2124.438862621513
3560,55.0,1871.6317923176805,61.0,1990.8888964986675
3561,66.0,2003.3358783289927,53.0,2155.1896504209335
3562,73.0,1958.149180042617,58.0,2072.559003574708
3563,79.0,2016.242348049546,65.0,2137.5604004315187
3564,81.0,2258.883188222635,56.0,2071.3335070347316
3565,83.0,2147.4171515791886,56.0,2035.736410335993
3566,87.0,2061.7019201893236,65.0,2145.6749750962745
3567,68.0,2035.442250033563,59.0,2054.7371524050427
3568,81.0,2080.276940684532,50.0,2126.9514239755986
3569,74.0,1957.1195913875597,49.0,2112.554407862813
3570,73.0,2079.7129817651667,39.0,2027.0417531495104
3571,66.0,1976.984238165123,40.0,2012.9413596709658
3572,54.0,2018.0932587465732,43.0,2020.1163769632312
3573,61.0,1899.9032295549625,55.0,2066.9372264067533
3574,63.0,1990.1781135015274,52.0,2015.9178558435929
3575,83.0,2022.9868049450981,63.0,2127.4511342543133
3576,75.0,2249.9424059515704,50.0,2169.5727181500365
3577,73.0,2018.8991817719607,76.0,2181.8283722252067
3578,69.0,1958.4661944299799,66.0,2086.8831291739702
3579,92.0,2052.0005505104614,62.0,2128.9280395490186
3580,71.0,1952.1312986691653,57.0,2075.6012485217466
3581,76.0,2164.9272192655026,62.0,1998.9863364490725
3582,69.0,2077.5332227523404,59.0,2197.436217214053
3583,62.0,1919.9275590904163,58.0,2086.876679282094
3584,72.0,1899.525796865803,64.0,2107.081683524649
3585,64.0,1901.5621259425805,58.0,2096.9725568583403
3586,73.0,2102.591054360162,53.0,2227.019777504992
3587,60.0,1854.8352457857811,58.0,2048.7689554354783
3588,68.0,2025.862005307799,51.0,1979.1727017032356
3589,69.0,1924.0195507574094,51.0,2199.0206823574927
3590,70.0,1916.5333357030852,62.0,2175.314150331304
3591,71.0,1932.4543626158543,57.0,2096.818622505289
3592,69.0,2205.5629399191894,56.0,2130.330510705385
3593,73.0,2132.1344994593333,39.0,2011.3423228736506
3594,74.0,1936.4792014287957,49.0,2181.4187962186625
3595,74.0,1983.6286428263388,61.0,2068.2486971131934
3596,79.0,2023.8727723209374,59.0,2048.5478396862786
3597,66.0,2010.7325525925717,58.0,2093.6000674372717
3598,76.0,2038.4568260076821,67.0,2158.463526402695
3599,73.0,1945.6698303321891,51.0,2005.8669331999854
3600,79.0,1979.680950214047,47.0,2225.8426177637402
3601,76.0,1944.8519179277357,65.0,2124.048854057918
3602,73.0,2103.7496803817758,54.0,2022.427873209888
3603,75.0,1999.861576057866,62.0,2226.596063578919
3604,86.0,2018.3869119998749,46.0,2066.625404621625
3605,90.0,2121.6998427919984,65.0,2101.167484198496
3606,79.0,2008.9436363419154,42.0,2011.6027879757162
3607,59.0,1931.318160475888,36.0,2021.2105765739398
3608,79.0,2037.687653550961,60.0,2118.930673579153
3609,70.0,1877.4090419007628,56.0,2082.153071813887
3610,74.0,2083.548141498952,54.0,2191.286660854041
3611,77.0,2145.7767196895893,55.0,2128.9487035648717
3612,75.0,1909.2526461971545,51.0,2030.4664112032444
3613,77.0,2077.5210107757425,60.0,2118.5828467158753
3614,70.0,1934.7821906951924,55.0,2045.6509303631608
3615,74.0,2141.9448823404773,67.0,2107.722590425013
3616,83.0,2192.190024114906,63.0,2164.2387610380533
3617,70.0,2003.4251895370217,71.0,2100.9300398641185
3618,73.0,1977.8723695497672,58.0,2089.8015509269926
3619,69.0,2047.2145919681034,46.0,2068.194325124111
3620,72.0,2009.3248550930975,52.0,2073.508028510697
3621,69.0,1931.5050290310717,63.0,2228.210856353691
3622,75.0,1944.1393317155848,49.0,2107.0882848624433
3623,70.0,1903.261752992119,50.0,2131.763605554321
3624,67.0,1987.3331001594033,48.0,2096.2240795689686
3625,74.0,2054.410591567472,52.0,2128.6659760651937
3626,69.0,2002.270610296219,64.0,2138.4041565530297
3627,60.0,1919.7287966072122,55.0,2059.8054820726074
3628,76.0,1995.960497872392,74.0,2448.4885741996195
3629,82.0,1973.0227123729364,70.0,2068.2221883763755
3630,81.0,2035.1824059926591,57.0,2085.8753892807426
3631,69.0,1993.1709717583976,59.0,2023.940350240763
3632,69.0,1911.115882645989,48.0,2101.2417031767113
3633,81.0,1972.9949258439638,66.0,2183.2216406138923
3634,73.0,2080.5420509204814,56.0,2063.8228941762595
3635,72.0,2071.643983245863,54.0,2122.1939179580777
3636,85.0,2114.078866774844,68.0,2243.92634204555
3637,67.0,1958.1707922370917,64.0,2212.950939873516
3638,77.0,2042.5775360496148,47.0,2105.17613118745
3639,71.0,1930.9823161864958,54.0,2130.282555847384
3640,68.0,1912.5173696483234,55.0,2171.1717947872394
3641,75.0,2007.772988075773,48.0,2192.8920552977947
3642,62.0,1934.422525796679,56.0,2044.4396213820596
3643,66.0,2028.5950358734176,61.0,2049.5050360858904
3644,78.0,2034.5865027474358,64.0,2098.977774694958
3645,69.0,2046.1119145546086,53.0,2073.2830242249674
3646,71.0,1986.7973924082787,51.0,2051.8678752831715
3647,68.0,1913.5806377017054,52.0,2016.3596233267156
3648,55.0,1895.5860643933465,51.0,2134.960267233625
3649,87.0,2124.415477646008,51.0,2160.2199373892668
3650,77.0,2200.131235881068,43.0,2033.0340591179663
3651,66.0,1994.1651084251014,63.0,2091.236575252482
3652,69.0,1955.7316177233165,41.0,2058.738777260887
3653,67.0,1978.3999926691026,55.0,2098.8665815726754
3654,83.0,2107.639445898211,55.0,2172.9212078212313
3655,76.0,2247.9362475003572,61.0,2149.1912583249973
3656,68.0,1977.3783195107874,56.0,2037.158618169602
3657,74.0,1882.5590279588105,54.0,2087.263436880312
3658,77.0,1920.1752033105215,53.0,2054.1169770956535
3659,84.0,2013.517649018091,46.0,2141.8487475413776
3660,78.0,1934.6604523328697,58.0,2111.332660020717
3661,72.0,2109.1435665479557,69.0,2222.070012342331
3662,96.0,2066.958301139925,46.0,1971.6372195692961
3663,83.0,1999.0417045267511,52.0,2041.266882001451
3664,69.0,1870.8124085828374,53.0,2061.3309071460058
3665,83.0,1922.242347574666,59.0,2102.6068534274896
3666,66.0,1973.2362135946646,39.0,2001.8384767179268
3667,82.0,2105.2854883494406,60.0,2161.382329023499
3668,68.0,2038.9670537131383,66.0,2141.9296154265016
3669,61.0,1976.477372885606,57.0,2052.8613490163575
3670,76.0,2096.994046733325,63.0,2179.7650012611334
3671,65.0,2014.3418365378434,48.0,2022.4364093799259
3672,87.0,2118.047946683579,43.0,2063.2658338130313
3673,77.0,2051.513836892112,65.0,2266.7679288186864
3674,59.0,1819.3219068986593,48.0,2104.110779230498
3675,98.0,1986.7188410104636,46.0,1923.8849448233534
3676,77.0,2296.335430041373,59.0,2170.887148362796
3677,69.0,1957.0662788282486,38.0,1962.999490245288
3678,73.0,2015.55288324184,67.0,2069.804054689047
3679,65.0,2025.7506548916465,44.0,2076.2035236761585
3680,61.0,1876.112516849863,60.0,2082.649769376736
3681,76.0,1977.5183159685353,45.0,1969.3389070481799
3682,85.0,2192.13475017129,54.0,2078.6917330005053
3683,75.0,2020.5551088463947,59.0,2193.620722239194
3684,68.0,2036.9462665466956,65.0,2147.8505777562827
3685,72.0,2011.1391047316567,55.0,2242.1312783656745
3686,76.0,2154.315166184486,56.0,2074.1691375435453
3687,69.0,1979.828422199818,56.0,2153.0490715365127
3688,67.0,2033.3016900677985,49.0,2153.058198792286
3689,81.0,2017.9190284479419,59.0,2201.675122118452
3690,79.0,2212.601775297335,46.0,2077.6389121300253
3691,91.0,1998.7190379556253,46.0,2002.7956589057724
3692,74.0,2018.376054094161,51.0,2150.188159584944
3693,76.0,1969.5721996290692,44.0,2023.6162922267274
3694,76.0,2037.052391636449,64.0,2057.740229190104
3695,76.0,2036.2121157083207,56.0,2109.1638173307197
3696,92.0,2028.7080214739017,61.0,2092.1847447333735
3697,83.0,1970.6305198022524,63.0,2055.3103004161126
3698,65.0,2028.984781819515,55.0,2080.2479775501233
3699,67.0,1967.6930163559489,59.0,2112.1353300515
3700,79.0,2105.4628100814834,46.0,2006.87671594546
3701,84.0,2049.3305696038956,54.0,2111.3237100514903
3702,80.0,1984.5550670712794,54.0,2087.4867857602526
3703,63.0,1997.050108407812,66.0,2152.1896124090918
3704,69.0,2037.4168597867676,52.0,2124.1797678929834
3705,73.0,1955.765852572007,52.0,1991.7248581022034
3706,74.0,2042.3549907118884,58.0,2097.538166653323
3707,72.0,1965.910269455323,62.0,2005.1512389649001
3708,76.0,2009.3313465828767,61.0,2005.6362425761556
3709,86.0,2026.6765516991338,72.0,2069.2526959432926
3710,67.0,2135.43107443715,54.0,2089.0168972756205
3711,71.0,1959.2257931546212,53.0,2052.849072470879
3712,61.0,1958.8505123321006,56.0,2135.841927985146
3713,68.0,2084.100667156626,56.0,2086.256205266024
3714,83.0,2147.998099934589,61.0,2081.9375873385857
3715,59.0,1921.3696882877252,49.0,2071.6152135409916
3716,84.0,2030.0181233103467,51.0,2076.4761015765203
3717,65.0,1955.9650221166999,55.0,2047.120649487219
3718,72.0,1962.1689389024434,60.0,2134.263607490683
3719,80.0,2161.256888280821,60.0,2144.373529443138
3720,67.0,1979.7908920647708,40.0,2069.6380150112773
3721,77.0,2098.868413905754,62.0,2134.142999917756
3722,65.0,1921.3132941373503,54.0,2031.7452022257335
3723,61.0,1862.638691729247,55.0,2093.662024410088
3724,71.0,2010.8110958400257,57.0,2324.5148725868053
3725,63.0,1898.2846165975757,59.0,2086.2344253571664
3726,74.0,1957.1982979635147,59.0,2166.3292980359743
3727,79.0,1953.872762578574,60.0,2130.5178985092257
3728,74.0,1938.920205737924,50.0,2081.9296405263226
3729,72.0,1992.5143820395829,66.0,2275.615438494423
3730,71.0,2035.209082030897,41.0,2111.827850424044
3731,84.0,2055.642418350455,50.0,2051.983742112186
3732,75.0,1985.6479774839447,53.0,2093.5315984258277
3733,76.0,1964.7799693742088,63.0,2114.3053034333757
3734,75.0,1932.0025640599686,61.0,2353.9649464924833
3735,79.0,2034.0126123301015,52.0,2051.878716455667
3736,87.0,2074.0992333433446,63.0,2237.6278264825346
3737,75.0,2012.0616893771155,54.0,2129.051836613628
3738,60.0,2008.8835921356654,61.0,2210.406620985524
3739,85.0,2193.9851761335763,48.0,2218.043595345904
3740,91.0,2244.1921696330737,55.0,2076.569830515811
3741,83.0,2132.656957306432,54.0,1987.1456642677294
3742,68.0,2011.0691944772427,60.0,2117.5576427785186
3743,76.0,2256.2767382021707,67.0,2205.4368826898935
3744,69.0,2055.9120553401135,65.0,2193.9882439299686
3745,82.0,1949.7525015387455,58.0,2033.9798728496648
3746,72.0,2006.0594233055303,47.0,2092.372892807404
3747,85.0,2073.4136250510646,64.0,2032.1116426428189
3748,79.0,2062.8578124346823,62.0,2135.0653304947214
3749,66.0,1936.4521473576115,53.0,1998.3945230101574
3750,72.0,1961.5863846058528,51.0,2052.48489273698
3751,77.0,2149.599724909494,56.0,2222.2767039331084
3752,69.0,2048.7759091759244,69.0,2094.074319325371
3753,71.0,2006.9739335317774,50.0,2017.7744596275186
3754,69.0,2013.772472081819,54.0,2031.5331340563728
3755,82.0,2076.845437673952,46.0,2026.155429781216
3756,78.0,1962.449008747291,58.0,2065.6568663480366
3757,61.0,1903.868236119594,64.0,2152.9007696063495
3758,65.0,2021.8537370501663,58.0,2143.1284601212933
3759,80.0,2084.2519958766147,52.0,2051.756844556584
3760,66.0,2125.0736131686235,59.0,1987.719443588447
3761,89.0,2043.2052926880017,71.0,2299.9418422782355
3762,65.0,1930.5674407939782,52.0,2013.4989050969145
3763,78.0,2065.2267274740952,52.0,2191.6846777590563
3764,62.0,2013.5643648452585,55.0,2174.806235992597
3765,79.0,2022.5294918855368,36.0,2047.3475570597082
3766,85.0,2023.5660840598025,54.0,2066.1201789986226
3767,73.0,1946.096726300671,68.0,2142.8954185860175
3768,63.0,2067.1245322641757,58.0,2251.3105812836798
3769,60.0,1885.0928410038628,45.0,1948.0004541365981
3770,87.0,2049.0203866151364,65.0,2065.108827484535
3771,67.0,2114.5171905231873,64.0,2173.78879187431
3772,75.0,1938.7014094631795,57.0,2298.968942379824
3773,82.0,2068.556189537853,58.0,2147.4988905609557
3774,74.0,2205.9854003089185,45.0,2016.2091641727945
3775,73.0,1987.8718086393608,46.0,2041.2528729653545
3776,66.0,1927.087510976368,46.0,2015.8381071993574
3777,80.0,1916.686014977492,64.0,2080.806124044632
3778,75.0,2083.0383511445402,53.0,2103.868354177941
3779,75.0,2040.0527553202621,65.0,2248.5534963232385
3780,86.0,2034.204464449908,57.0,2149.6791642196667
3781,65.0,1971.126477613941,57.0,2013.3254322935431
3782,81.0,1958.3342518367645,58.0,2014.001297202738
3783,90.0,2351.525674350091,59.0,2167.0725998917205
3784,66.0,1930.3728811219419,64.0,2070.526914741618
3785,85.0,2001.4579994520063,59.0,2065.709749390742
3786,68.0,2003.1649756343163,55.0,2061.7428517971953
3787,87.0,2071.266458814976,53.0,2051.9371814058204
3788,70.0,1911.6912065368865,50.0,2081.553684264296
3789,70.0,2111.011373471001,49.0,2072.2547820333243
3790,84.0,2298.3569565746693,58.0,2095.589177242139
3791,85.0,2058.958979696204,64.0,2156.547020639335
3792,79.0,2126.914876215276,54.0,2172.6734728763136
3793,80.0,2117.7253471864296,53.0,2088.2051773763546
3794,80.0,1983.5767720074077,57.0,2095.5790332010038
3795,66.0,1999.2314208442624,60.0,1998.7868716759704
3796,84.0,2082.3952405197924,53.0,2029.5501960455508
3797,76.0,1888.4241872372506,64.0,2130.545792521795
3798,66.0,1903.1127499557833,48.0,2060.119265240483
3799,75.0,2100.0646499197364,49.0,2173.634099449947
3800,64.0,1885.6100806101635,58.0,2244.4767157310475
3801,70.0,2026.898625212987,69.0,2030.8191795582816
3802,72.0,2018.5149987508635,54.0,2080.0845753371386
3803,83.0,2023.0235258089324,59.0,2290.577266861586
3804,78.0,1983.0072503177696,60.0,2070.838209126313
3805,70.0,1918.9211393945448,55.0,1987.47499844688
3806,81.0,2175.563360362947,61.0,2157.740615498081
3807,73.0,2105.0080377046816,50.0,2111.9908806445183
3808,69.0,2008.8744339875077,68.0,2346.4203914062896
3809,70.0,2018.1224615835035,58.0,2096.6570841501725
3810,86.0,2046.0774022129144,62.0,2026.290886323526
3811,67.0,2035.5562154071258,46.0,1988.4290452366322
3812,80.0,1957.588888252681,53.0,2036.5934341317343
3813,71.0,2068.1610770725297,55.0,2055.4950922809107
3814,86.0,2001.6626239033453,46.0,2043.8290205077424
3815,85.0,2396.94851313675,49.0,2103.270001747925
3816,71.0,1932.8615595453527,60.0,2076.9862253351075
3817,61.0,1963.540872108479,61.0,2060.179335842859
3818,84.0,2012.977428941518,42.0,1964.440292424993
3819,62.0,1968.435438824344,61.0,2059.575157850561
3820,68.0,2008.2038300510667,62.0,2044.3586259828471
3821,85.0,2040.4210099468621,54.0,2027.0854292891
3822,87.0,2158.0418088339484,62.0,2115.3107833280574
3823,73.0,2026.4486977787922,52.0,2129.640053885888
3824,72.0,2009.5014838362038,46.0,2062.7514229179333
3825,66.0,1936.267353720441,70.0,2313.1366079596432
3826,71.0,2002.4031818603307,57.0,2102.0250244306285
3827,77.0,1985.97049994178,66.0,2310.7228171176353
3828,81.0,2007.7234821896127,54.0,2092.970485834148
3829,71.0,2015.0544539827008,49.0,2062.0452416090293
3830,73.0,2032.6917542544645,58.0,2058.1698949766715
3831,87.0,2099.741823789163,62.0,2054.6528963520886
3832,79.0,2028.9970327656347,60.0,2033.9007758705982
3833,70.0,1890.391104881955,56.0,2147.348917963503
3834,71.0,1994.208306791254,56.0,2097.993605367506
3835,80.0,2012.9624128703306,55.0,2007.99967841059
3836,72.0,2033.1017650683077,53.0,2015.908020444889
3837,77.0,2074.078846028349,61.0,2037.365719733148
3838,69.0,1930.4026508795594,49.0,2066.189596635939
3839,84.0,2033.8812962517788,52.0,2114.8704218716557
3840,76.0,2107.8742146518193,57.0,2078.8157353768297
3841,63.0,1938.828508740965,61.0,2057.378944041916
3842,74.0,1879.0877231927805,67.0,2128.5723564237405
3843,74.0,2147.472424848561,53.0,2228.5037561626095
3844,88.0,2223.100284185776,51.0,2083.247271292756
3845,68.0,2069.701071907742,59.0,2036.2258048486242
3846,74.0,1940.5081884537196,50.0,2134.517070916784
3847,70.0,1907.9332437705307,51.0,1991.9399370087674
3848,70.0,2031.9158914511336,51.0,2028.5167732204623
3849,99.0,2101.286462995583,51.0,2186.0165331073113
3850,80.0,2091.550222739316,61.0,2024.2389066367903
3851,84.0,2157.009922787564,50.0,2240.8804645153023
3852,73.0,2006.236477707221,56.0,2176.1903045717727
3853,64.0,1966.0167912012714,55.0,2033.0993308847144
3854,76.0,1922.8388824677327,70.0,2054.77155473241
3855,77.0,2049.059251513967,62.0,2151.8341353295573
3856,71.0,1991.580901297943,73.0,2084.523894952698
3857,79.0,2122.2740613289016,54.0,2096.3662898608563
3858,71.0,1967.7674266233469,49.0,2041.7100102343659
3859,82.0,2200.385123354425,55.0,2025.5101148310553
3860,67.0,1979.238183589083,58.0,2118.201462466134
3861,78.0,1963.359478450517,60.0,2171.598531408691
3862,74.0,1978.7119854291625,57.0,2185.9805004798113
3863,77.0,2038.492557713181,41.0,1991.4503289340378
3864,76.0,2082.2969305666065,50.0,2000.8167367283456
3865,83.0,2148.4417409174152,55.0,2085.7472494266895
3866,62.0,2008.8997054390466,51.0,2086.4528713283617
3867,63.0,2091.1642832930634,54.0,2110.867044097472
3868,69.0,1951.0946224537886,51.0,2058.0460368825998
3869,75.0,2053.593577642535,60.0,2105.8481958277757
3870,86.0,1953.5103588122088,57.0,2123.1297262054527
3871,60.0,1892.0596191666168,57.0,2058.121759325804
3872,68.0,1897.5139942965452,63.0,2234.8265397559967
3873,72.0,2115.8229282576112,67.0,2122.189379962876
3874,61.0,1900.7293505094894,64.0,2124.511204333925
3875,83.0,2046.6084441403411,54.0,2054.3849304970067
3876,86.0,1982.1332995717846,54.0,2117.6368707958104
3877,72.0,2054.045190738963,52.0,2115.472073887967
3878,68.0,2004.318128447439,58.0,2162.7507966437247
3879,69.0,1895.0718827475027,53.0,2119.914232987768
3880,53.0,1963.1081401233587,60.0,2164.9526742991193
3881,75.0,1923.322737686021,45.0,2055.0402661450225
3882,65.0,2102.7276218522397,52.0,2165.762146766213
3883,73.0,2072.9165336889255,48.0,2111.4798778932645
3884,66.0,1993.5700736776232,58.0,2167.671011601216
3885,70.0,1914.0128506842234,55.0,2116.6016807563637
3886,68.0,1949.5849476314029,55.0,2145.765582341
3887,70.0,1920.2696268295065,56.0,2165.2490928611546
3888,74.0,1973.8077443224,50.0,2149.637700649615
3889,76.0,2039.2714220190535,50.0,2051.2838811900983
3890,73.0,1959.959116259855,54.0,2066.1210651144343
3891,79.0,2039.4330745717457,59.0,2087.8694148756144
3892,86.0,2129.4089987499924,57.0,2044.057887403825
3893,85.0,2050.0867635337927,56.0,2070.8624381364475
3894,79.0,2110.2905752464158,53.0,2049.528006615629
3895,79.0,2046.2837309807537,53.0,2088.470952353208
3896,72.0,1996.5780519587634,52.0,2182.45445548143
3897,62.0,2007.5431715359362,43.0,1995.922089508712
3898,82.0,1910.2601294352987,61.0,2200.440535410746
3899,60.0,1939.7310955599812,71.0,2130.8723356279675
3900,70.0,2035.172864450117,49.0,2130.2303859220474
3901,68.0,2053.9617535167486,67.0,2175.6266525652836
3902,68.0,1951.5653783940963,54.0,2046.955417386115
3903,82.0,2043.4227325018464,61.0,2103.3433015865585
3904,81.0,2015.1130293525277,52.0,2072.714655193169
3905,79.0,2023.88528824216,56.0,2029.8753644101087
3906,76.0,1940.0631668402375,55.0,2130.082121198098
3907,54.0,1809.4966203745441,49.0,2088.907354441274
3908,76.0,2001.7122721416793,53.0,2217.5739163553208
3909,90.0,2009.5197952261806,54.0,2108.151088594236
3910,70.0,1914.636794777216,62.0,2064.0690748881957
3911,77.0,2054.3945163682542,43.0,1970.7292834462908
3912,77.0,1965.2659386801304,62.0,2121.9655476455423
3913,80.0,2227.8680815848265,56.0,2123.802268041439
3914,61.0,1835.2639617472232,48.0,2015.6392735947409
3915,71.0,2027.6285931547648,52.0,1970.354608855344
3916,78.0,2089.092646045301,59.0,2181.0756843743757
3917,74.0,1850.1680934173073,59.0,2109.3147094411966
3918,67.0,2104.08041600493,61.0,2121.195652920103
3919,76.0,2209.491815511133,50.0,2067.873183973562
3920,73.0,2138.2048640291855,62.0,2215.7018438065375
3921,67.0,1893.3018048978274,58.0,2099.733937014677
3922,63.0,1988.2808147971448,53.0,2040.5672849050857
3923,68.0,1960.1451343793617,62.0,2094.8138600945786
3924,66.0,1975.8903715044576,55.0,2140.8996128473113
3925,71.0,1974.9819486761005,57.0,2218.8120793197772
3926,71.0,1998.9197844600646,54.0,2096.632815069962
3927,89.0,2000.481071403352,50.0,2182.2210525262294
3928,85.0,2071.9897608773963,48.0,1998.0065228517064
3929,71.0,2050.3936929730116,51.0,2078.4606236085506
3930,86.0,2074.675375809268,47.0,2091.55679596592
3931,68.0,2042.194494879186,59.0,2157.297794019437
3932,59.0,1854.6843038976774,55.0,2144.9482998268863
3933,90.0,2134.327329885877,60.0,2170.76122186911
3934,72.0,1987.3344838594721,50.0,2050.130374027642
3935,65.0,1971.8139894183041,41.0,2006.7119676732243
3936,58.0,1963.9065419727078,43.0,2000.985086301781
3937,68.0,1894.1941141991506,72.0,2085.6908638038663
3938,78.0,2067.4071617048953,61.0,2158.596660614812
3939,80.0,2112.994409135199,62.0,2042.51936927774
3940,65.0,1981.9110126693058,39.0,1988.763435147595
3941,81.0,2008.3826816464355,59.0,2123.609728323969
3942,62.0,1955.3664913517212,59.0,2059.2915099566276
3943,76.0,1968.1542776623196,56.0,2287.2633821235695
3944,78.0,1948.9281231889677,74.0,2149.7478842395285
3945,65.0,1933.2848207318307,50.0,2082.3088079091212
3946,59.0,1875.8980277432509,61.0,2084.421960387828
3947,71.0,1942.2187103637143,48.0,2039.2294947738246
3948,80.0,2065.5744835618775,39.0,2054.7760491599397
3949,65.0,2047.7930635343203,51.0,2108.52408985423
3950,68.0,1930.0894520016493,60.0,2067.660143283261
3951,72.0,1980.6746972586798,52.0,2177.337314775497
3952,79.0,2088.07404629803,70.0,2187.0633891599127
3953,66.0,2027.3953102416656,53.0,2186.358273785429
3954,80.0,1962.071917496792,65.0,2204.020007325176
3955,70.0,2051.884900336513,60.0,2091.271156123963
3956,88.0,2100.0544121503217,54.0,2049.3114880120515
3957,69.0,1919.4879182949912,60.0,2095.9581220243504
3958,73.0,2016.206830611326,57.0,2003.8919679193643
3959,72.0,2120.490958925077,51.0,2037.2603333313375
3960,63.0,1917.1861178384163,57.0,2191.6004515270142
3961,79.0,2190.8884684680097,54.0,2033.8197053409258
3962,76.0,2034.612435758834,59.0,1997.2732200868356
3963,69.0,1926.4996551770207,68.0,2187.202198162625
3964,82.0,1929.5845714985853,60.0,2097.2711877932707
3965,75.0,2091.4015287649822,51.0,2151.3730787425
3966,69.0,1888.13441557505,59.0,2045.691864364435
3967,78.0,2048.2388155364793,49.0,2127.7744388466335
3968,78.0,2243.963237495241,49.0,2093.8819006384024
3969,80.0,1964.3287544117588,63.0,2196.7940664673565
3970,72.0,2226.8649545064063,71.0,2241.421207888756
3971,68.0,1961.7588631169122,71.0,2170.540347663017
3972,79.0,2003.7358934635736,61.0,2250.559676628145
3973,88.0,2031.2279891193252,51.0,2088.6272670574604
3974,62.0,2089.2108749133045,45.0,2185.625647626504
3975,65.0,2029.2205204639602,50.0,2019.9998730385098
3976,72.0,2088.6122140932916,59.0,2006.2935296443334
3977,78.0,2009.985039737106,56.0,2149.1641021870037
3978,86.0,1979.063744803148,65.0,2110.7872525280027
3979,63.0,1820.9444649456996,45.0,2000.059483968218
3980,63.0,2035.6492870001186,53.0,1997.4301066849546
3981,72.0,1933.9953086522794,71.0,2075.6889384700403
3982,62.0,2007.954382627221,52.0,1971.2870760962978
3983,79.0,1990.5384209055412,44.0,2179.1520461049813
3984,59.0,2028.983020017822,59.0,2094.2514616273133
3985,66.0,2008.8169512430454,58.0,2334.3249966433923
3986,77.0,2011.2954833591184,49.0,2071.7316131848333
3987,61.0,2050.7688710990806,63.0,2389.13680617818
3988,74.0,1968.5359801218872,52.0,2021.6556518698271
3989,78.0,2030.6095312348612,52.0,2001.2665095573354
3990,84.0,2396.5392490380186,57.0,2192.403550468951
3991,77.0,1953.0826150972996,40.0,2009.8423279835674
3992,84.0,2037.2195144647603,56.0,2067.319189236305
3993,81.0,1972.9338315739476,53.0,2160.8609598769604
3994,72.0,2018.0277840425938,55.0,2318.1862492981204
3995,85.0,1978.295250974814,49.0,2067.082303278124
3996,70.0,1995.979728134262,58.0,2224.342441175502
3997,77.0,1982.0136783804958,58.0,2128.642081477448
3998,83.0,1977.5126332452503,58.0,2134.6310610722835
3999,72.0,2021.885946518578,56.0,2152.719777357781
4000,79.0,2022.4316417861496,49.0,2174.117763046284
4001,74.0,2009.7672993813887,54.0,2082.4562602215738
4002,72.0,1957.4832428428222,54.0,2094.81410295326
4003,79.0,2119.81940792705,54.0,2119.2947131360906
4004,61.0,2052.6746696444793,60.0,2160.3621804952645
4005,81.0,1919.105266352616,63.0,2041.980219854186
4006,74.0,1940.0983321053254,58.0,2187.3006626166534
4007,78.0,1958.5375251056525,45.0,2007.7901717745588
4008,70.0,1983.931472228097,64.0,2080.8924804392045
4009,72.0,1944.7442301825033,58.0,2040.2393898732555
4010,73.0,2060.745006311944,56.0,2064.6904463851574
4011,71.0,1983.1779816605915,55.0,2059.040386021335
4012,75.0,2023.4293343012562,43.0,2223.6965133932554
4013,86.0,2024.1997596521708,57.0,2218.160684597537
4014,82.0,2112.3261938294877,55.0,2050.53761663552
4015,84.0,2066.8945464360695,61.0,2141.822353655706
4016,64.0,2009.5463137382937,59.0,2062.339116499589
4017,65.0,1949.1588603754726,58.0,2129.3763469502574
4018,69.0,2029.2953284724047,52.0,2212.5858397225984
4019,78.0,2116.1590131255607,56.0,2103.5746282717228
4020,83.0,2015.8508208605085,48.0,2193.3989325421294
4021,68.0,1950.583438702783,62.0,2056.1607753094936
4022,83.0,1953.448673202381,62.0,2102.7602090417777
4023,90.0,2202.227626759537,56.0,2160.8718251881187
4024,79.0,2155.2482185774657,67.0,2172.270156911597
4025,82.0,1975.6312264361297,45.0,2013.7366467161658
4026,70.0,2120.8668581445645,65.0,2205.006350328764
4027,74.0,1897.3103639183958,61.0,2098.765108746832
4028,63.0,2059.601788620547,50.0,2017.5576468831753
4029,72.0,1970.1584047647973,56.0,2121.368134470136
4030,65.0,2013.6818334359564,63.0,2076.770578193233
4031,71.0,1938.2693877110626,44.0,2065.5624919298516
4032,67.0,1919.2867234634186,69.0,2209.5145150568346
4033,70.0,2024.7129966540037,62.0,2125.7231597909295
4034,73.0,1970.5057183934268,60.0,2094.9899847113197
4035,64.0,1925.861294515872,49.0,2230.6362711967513
4036,60.0,1966.5899870009175,51.0,1995.436691115168
4037,81.0,2067.1113165409947,44.0,2069.624886280126
4038,76.0,2001.9239859355553,47.0,2051.0595320328066
4039,73.0,2083.274264300995,51.0,2107.401535319119
4040,75.0,2014.121095840709,50.0,2115.321028226933
4041,70.0,2075.2215776442945,58.0,2095.982811710961
4042,84.0,2022.7957395586773,66.0,2124.105947393156
4043,64.0,1937.1719922794491,55.0,2063.400956718632
4044,68.0,2029.0297600254005,74.0,2130.180894064311
4045,65.0,1951.982664255979,56.0,2128.696838400583
4046,79.0,2228.6187890615292,59.0,2072.175900885564
4047,81.0,2143.96213947391,68.0,2129.554286282216
4048,88.0,2219.283663807676,57.0,2017.6102602374444
4049,75.0,1981.1467398216307,54.0,2014.4346307676499
4050,73.0,1960.425226614313,59.0,2108.043293771799
4051,73.0,1955.567927093241,47.0,1964.6266003984017
4052,70.0,1888.4015162787296,56.0,2059.234368912934
4053,76.0,2075.1633712208713,51.0,2082.3193903706037
4054,79.0,1955.5703875429592,60.0,2132.118988382973
4055,72.0,1998.4172350643153,46.0,2068.7177007242
4056,56.0,1991.8604754147646,59.0,2181.2496125704993
4057,77.0,2019.3076831386504,53.0,2175.6677993468033
4058,85.0,2138.9212947623755,48.0,2144.6550275520653
4059,78.0,1965.4816669044724,55.0,2017.7326214093503
4060,65.0,2003.753097939216,57.0,2059.4266988859476
4061,70.0,2042.4700007109896,63.0,2263.409628636027
4062,63.0,1907.0434064462484,42.0,2045.1128798124437
4063,78.0,2002.1029642703495,55.0,2084.7889568606915
4064,78.0,1965.6602062782772,54.0,2120.8441557042133
4065,76.0,1898.2382038769044,51.0,2029.195857801667
4066,67.0,1922.7995391869351,70.0,2238.488604757044
4067,66.0,1970.6873764785144,61.0,2086.2520520246517
4068,70.0,1915.4618490843275,50.0,2197.9352557571974
4069,66.0,1934.0208756288066,64.0,2162.7310883840614
4070,60.0,1955.9749086831932,56.0,2041.0520252185752
4071,76.0,2175.3547229982055,58.0,2030.229749141181
4072,82.0,2037.2299772268505,58.0,2092.306770052052
4073,61.0,1944.0021425170305,56.0,2090.145948253673
4074,74.0,1899.844064347225,51.0,2075.1251746347675
4075,78.0,2066.9015955998407,48.0,2035.9208939721955
4076,77.0,2019.3472717595707,61.0,2148.0260478880546
4077,67.0,2113.72028327736,61.0,2221.5892103369024
4078,70.0,2048.29308235188,63.0,2079.305812637393
4079,77.0,2145.3513700424514,61.0,2340.4850555267144
4080,76.0,1990.7628273683722,56.0,2033.8905820839218
4081,75.0,2039.4831331358357,61.0,2048.05599850745
4082,80.0,2121.643949717977,51.0,2150.4779093668176
4083,79.0,2080.405128651076,56.0,2154.4240457246237
4084,61.0,2006.7591911999134,44.0,2095.153252247721
4085,66.0,1992.8354428691837,55.0,2087.2960566864285
4086,75.0,1982.3505588516305,51.0,2049.8923366441163
4087,72.0,1945.781995131809,47.0,1984.3584896024975
4088,70.0,1948.3311184073136,48.0,1987.375283300719
4089,68.0,1929.873139241698,53.0,2041.74675292026
4090,77.0,2034.7101095696062,63.0,2083.2660991183625
4091,83.0,2025.8054832372866,58.0,2103.5432175182304
4092,66.0,1998.6951909638046,58.0,2050.700555337039
4093,82.0,2007.224162017317,49.0,2036.4648914890718
4094,75.0,2040.4167915364055,54.0,2092.767672775567
4095,71.0,1945.9291420435402,59.0,2143.7845443741257
4096,69.0,1979.9483705412003,49.0,2047.3714441952377
4097,83.0,2236.224068841332,60.0,2107.890196632255
4098,80.0,1918.0368107605982,53.0,2165.496787990153
4099,79.0,1954.4146777610242,43.0,2296.7323959332516
4100,84.0,2045.372663797318,38.0,1961.466194460859
4101,84.0,2221.2352221593264,52.0,2007.959298651845
4102,76.0,1996.713120344096,49.0,2110.4992700750577
4103,73.0,1986.8052581898946,65.0,2186.2991261574903
4104,77.0,1979.0354539519803,57.0,2114.4969946153624
4105,86.0,2203.6594369037302,56.0,2143.080749206284
4106,70.0,1878.4704111453664,50.0,2083.006659512348
4107,80.0,1984.5383166592007,61.0,2129.2911399583504
4108,60.0,2047.0660873191669,62.0,2277.3666755882177
4109,66.0,1940.7900936661376,61.0,2075.675001754985
4110,65.0,1938.8846052543554,58.0,2140.709070870747
4111,65.0,1952.8802008331088,49.0,2050.3320201892807
4112,81.0,2154.6307248172175,56.0,1999.889634262694
4113,79.0,2022.4291901637027,60.0,2139.058476417301
4114,74.0,1940.4869376645731,60.0,2105.6466361480802
4115,73.0,2066.2521808294678,65.0,2165.5524651523865
4116,71.0,1970.9126619733142,55.0,2130.0965168936937
4117,72.0,1914.0657506162072,54.0,2071.4141989311925
4118,82.0,2074.878506980653,62.0,2227.4922126820184
4119,82.0,2152.170954066887,55.0,2041.1259402543665
4120,62.0,2003.6475496976925,51.0,2198.8003088349737
4121,87.0,2017.38060194222,49.0,1998.9595063164345
4122,73.0,1961.200919475212,53.0,2179.9087132041377
4123,65.0,2068.386682103031,61.0,2031.6963861331828
4124,75.0,2071.3685163009222,51.0,1961.2382329913887
4125,70.0,1966.0885226740656,50.0,2062.67078361932
4126,58.0,1909.1124763398968,64.0,2077.8685453089633
4127,75.0,1991.9066895242631,59.0,2231.260603903363
4128,73.0,2163.988002424813,51.0,2067.9684003009943
4129,71.0,1999.7050289362026,54.0,2057.6406302652813
4130,75.0,2007.1516472805215,44.0,2069.968879677816
4131,76.0,2048.031243552039,57.0,2156.969027108884
4132,59.0,1976.3843647449846,52.0,1995.718563964767
4133,71.0,2149.9063897564192,51.0,2044.799493286104
4134,76.0,1956.6593512212016,54.0,2278.2915788157616
4135,66.0,1951.2541208956623,54.0,2103.8512226579055
4136,73.0,2025.5572032472437,49.0,2164.0604345121437
4137,87.0,2086.401880669832,54.0,2061.7950407410217
4138,80.0,2167.1091246557194,60.0,2152.9235576359165
4139,68.0,1991.8969663402943,50.0,2150.9470541224123
4140,77.0,2005.2965034663132,58.0,1959.9259714525765
4141,67.0,1969.0926866746163,45.0,2127.500607552616
4142,82.0,2214.236272845301,52.0,2103.3097137902805
4143,68.0,1971.4183218842622,55.0,2092.6093195696403
4144,59.0,1865.456558559583,61.0,2063.143439554472
4145,67.0,1985.021530918301,55.0,2049.3201771248005
4146,65.0,1934.7195834611525,66.0,2258.6752037686906
4147,67.0,1853.842681462613,67.0,2180.235268745619
4148,76.0,1954.1129421853973,57.0,2176.8293396791755
4149,66.0,1982.1210146484525,55.0,2191.391178793194
4150,72.0,1974.4714552431133,56.0,2187.157675756698
4151,66.0,2203.9500421188227,49.0,2010.0145706107842
4152,65.0,1855.1628179502643,63.0,2188.7345104833817
4153,82.0,2159.710405153517,63.0,2119.9404575759563
4154,68.0,2016.4612229801792,44.0,1984.2886072188849
4155,79.0,2160.432729771724,44.0,2065.6842718379885
4156,72.0,2065.378715215567,65.0,2127.65896247229
4157,76.0,2027.3765666521333,38.0,1948.011219924763
4158,70.0,1970.475243285648,57.0,2037.8953878471248
4159,62.0,1933.125204822109,66.0,2265.9241187818957
4160,69.0,1927.5417933681179,58.0,2148.697709555795
4161,90.0,2010.0598240720926,46.0,2255.0590117388933
4162,80.0,2055.762947952628,47.0,2062.542622490256
4163,70.0,2052.844678890046,53.0,2106.205875710184
4164,78.0,2000.4245535828761,54.0,2001.9381777004135
4165,77.0,2045.3159174742254,40.0,2054.317549880564
4166,77.0,1978.9549604294377,64.0,2130.902763651773
4167,75.0,1883.5187993172863,53.0,2061.710902375375
4168,65.0,1824.194638705786,56.0,2099.504449078536
4169,76.0,2004.3757897435485,62.0,2094.5801516806278
4170,68.0,2006.239342145717,55.0,2236.3034201311866
4171,82.0,2013.1405639215398,59.0,2006.0368145826217
4172,61.0,1864.362649147225,46.0,2140.4985397390215
4173,76.0,1885.9512101519128,58.0,2224.161611065887
4174,79.0,2041.3226049069558,62.0,2052.020910627527
4175,82.0,2067.3873215249805,63.0,2035.6605480312496
4176,74.0,2177.590520798082,63.0,2045.0601643629152
4177,85.0,2011.6991050355568,51.0,2070.2957069244712
4178,79.0,2049.4867294497944,45.0,2072.56411238538
4179,73.0,1973.0827491716643,55.0,2055.373821700335
4180,56.0,2203.9106466730204,57.0,2115.7394674076613
4181,78.0,2007.0560700719298,52.0,2071.3209676017946
4182,73.0,1955.2031323886579,55.0,2049.3037068417916
4183,78.0,2081.154199527632,54.0,2072.421791612551
4184,66.0,2033.4704923232928,63.0,2157.683880548269
4185,64.0,1918.562032018322,62.0,2170.0019894595957
4186,68.0,1937.399538250048,40.0,1988.7286851442254
4187,54.0,1950.1498215587421,41.0,2112.990850975391
4188,78.0,2017.27844632852,59.0,2074.657306096075
4189,63.0,2019.0274396916082,54.0,2052.4577411258883
4190,67.0,1998.7092884741128,66.0,2162.008129018449
4191,61.0,2026.979077155584,50.0,2098.6376658080894
4192,65.0,1942.3705464022132,46.0,2023.0561945206512
4193,74.0,1961.1380001073335,57.0,2144.8155832795114
4194,68.0,2075.591448440386,51.0,2083.707119435095
4195,69.0,1991.9228485657668,50.0,2070.477544154797
4196,80.0,1989.6821678291487,54.0,2152.921308867338
4197,74.0,2011.4516997093194,72.0,2213.961455612283
4198,73.0,2105.7722922083667,62.0,2195.2347830998774
4199,69.0,2020.4178029842333,63.0,2228.0874229877277
4200,90.0,2156.208254723252,68.0,2174.5181764298222
4201,85.0,2000.3991531496022,47.0,2061.687837717852
4202,62.0,2036.9328911324071,45.0,1961.186675188615
4203,65.0,1875.9570314857954,72.0,2216.167280326902
4204,62.0,2065.6736972248286,53.0,2015.6220852920076
4205,78.0,2055.9664626697786,60.0,2105.564423384412
4206,101.0,1978.1363383566202,64.0,2195.399440821307
4207,71.0,1987.1780759576714,50.0,2222.6106923558837
4208,84.0,2126.410523556879,43.0,1959.20721237276
4209,66.0,1913.7098576626547,58.0,2052.437602229808
4210,80.0,2069.033151237955,50.0,2019.3424147789922
4211,75.0,2025.767998805607,57.0,2033.7008070116115
4212,69.0,1951.8765262258346,55.0,2150.3665717547105
4213,81.0,1989.274791483607,53.0,2087.7872262168776
4214,71.0,1948.7957938152363,56.0,2120.7316396706583
4215,71.0,1897.6007312847692,56.0,2057.349133826309
4216,76.0,1904.3259645921464,44.0,2105.8287988010657
4217,76.0,1967.3716950251978,56.0,2056.0991421234708
4218,84.0,1982.7317444970176,65.0,2211.782027443496
4219,71.0,1910.6063253221669,57.0,2088.8140210515717
4220,76.0,1935.8853551809584,47.0,2067.2719825538115
4221,87.0,2091.728354640905,51.0,2047.3046832662467
4222,74.0,1975.5898666992357,55.0,2054.448107642773
4223,65.0,2104.948408580572,52.0,2017.198980651453
4224,60.0,1909.9017859746855,53.0,2104.5218897764034
4225,87.0,2091.9377728833792,50.0,2156.007949203508
4226,67.0,1948.2107507295848,59.0,2078.747133336447
4227,77.0,2139.463866259911,52.0,2053.064446136686
4228,73.0,1960.5101325340208,39.0,1985.3663485074487
4229,81.0,2138.5195102324346,52.0,2019.263950324437
4230,62.0,1988.63836845238,63.0,2193.4411189355587
4231,65.0,2063.875554762859,68.0,2225.9469915678665
4232,73.0,1933.4546235514354,52.0,2074.0354619651193
4233,65.0,1879.015198206758,59.0,2093.0455940425772
4234,69.0,2044.5795558820705,59.0,2194.813981687394
4235,70.0,1998.2550273373167,52.0,2234.421154736128
4236,78.0,2070.8502907559778,53.0,2128.754105376847
4237,81.0,1936.2128206459395,46.0,2212.5613986066405
4238,71.0,1919.4855540722856,58.0,2149.684245804059
4239,71.0,1969.3602384565365,50.0,2047.5995449841676
4240,78.0,2022.8734053929813,55.0,2216.3845636608535
4241,66.0,1942.5406628484575,64.0,2099.8759364295197
4242,80.0,1982.6196450304337,50.0,2016.0103003673482
4243,65.0,2068.5561937218317,59.0,2305.4286803774744
4244,84.0,2015.0881963552658,58.0,2299.605428782552
4245,83.0,1960.1782876603477,56.0,2105.731095895402
4246,62.0,2158.1861703560594,61.0,2115.0701074587155
4247,90.0,2037.7345949680043,51.0,2198.030354128678
4248,69.0,1959.6344379830412,59.0,2111.795278306723
4249,77.0,2178.478676928531,57.0,2059.852832511353
4250,79.0,1970.9356095994638,60.0,2169.62955892226
4251,71.0,2023.0304448216593,57.0,2057.322434584027
4252,67.0,1908.1332554126043,55.0,2254.109952984734
4253,70.0,2040.278806768588,57.0,2186.409747170573
4254,76.0,1946.7017787316183,50.0,2082.0618380355168
4255,66.0,2059.446416437555,56.0,2212.7234630107073
4256,80.0,2024.4568729883952,59.0,2137.7961034321406
4257,98.0,2129.3589903373127,56.0,2135.4543184288427
4258,84.0,2016.142912634593,61.0,2046.642267638245
4259,78.0,2059.567000465403,39.0,1940.8569317607062
4260,72.0,2083.4454055407573,47.0,2053.7546338794696
4261,66.0,1977.4185612832257,57.0,2263.1504077584077
4262,89.0,2152.8103669640877,49.0,2096.0832982967327
4263,68.0,1930.8235697156817,51.0,2095.806004291431
4264,77.0,2089.788889406726,45.0,2040.9782152792372
4265,71.0,2084.3885248453576,60.0,2140.8825160093106
4266,69.0,2027.0753425862501,51.0,2085.6028397603027
4267,65.0,2080.887550315755,58.0,2185.673720587863
4268,64.0,1888.8899490935476,48.0,2071.7800109662635
4269,68.0,2055.7981046586406,55.0,2015.2667650385038
4270,75.0,1898.9835834781654,55.0,2124.398327039215
4271,77.0,1902.7241906516613,54.0,2096.0777295384837
4272,72.0,2082.384159326435,46.0,2084.627294714651
4273,60.0,2079.3074455268516,55.0,2203.8064551672146
4274,70.0,2001.6955275440894,60.0,2007.1495980321188
4275,75.0,2007.6897672902398,61.0,2150.6104740970595
4276,79.0,2045.2596131158728,62.0,2158.830007437566
4277,81.0,2026.9026543338484,51.0,2029.430472564067
4278,71.0,2146.367922632488,63.0,2090.9447750163995
4279,85.0,2127.1501897445023,49.0,2180.7554493076123
4280,64.0,2004.2693852962327,60.0,2191.92415983646
4281,71.0,2000.6544090529262,64.0,2112.3139852744744
4282,81.0,2025.8984946351752,55.0,2033.2227438769082
4283,64.0,1962.7568531014172,55.0,2227.3710907553127
4284,65.0,1944.4497423303806,60.0,2181.685544421708
4285,82.0,2084.752154763669,66.0,2157.5466600026357
4286,74.0,2050.858842472704,64.0,2086.919993966981
4287,73.0,1986.6019890361117,57.0,2085.301946219924
4288,70.0,2161.0123335735534,54.0,2078.7828952022014
4289,71.0,2000.1503921698913,62.0,2153.7208583394577
4290,78.0,2134.714244950434,56.0,2102.6382481374835
4291,80.0,1977.774097183647,67.0,2115.7003380404235
4292,70.0,1966.9121093913132,45.0,2125.0567101233414
4293,81.0,1983.4358133173207,55.0,2119.874944231097
4294,72.0,2039.9352797058557,56.0,2070.794433057224
4295,71.0,1955.934964074977,58.0,1999.502970732527
4296,67.0,1966.9169172540096,61.0,2143.7756609645776
4297,65.0,1906.1514347992413,52.0,2063.142064720574
4298,77.0,2034.0581224346026,58.0,2162.422773689645
4299,58.0,1808.0110484769637,51.0,2009.7299754723479
4300,76.0,2088.1149452513623,50.0,2190.219068087947
4301,61.0,1945.199920921441,57.0,2029.2390649077554
4302,74.0,2127.2124044372695,56.0,2143.192244517876
4303,54.0,1927.85122412743,49.0,2034.5835927747048
4304,72.0,2087.192548092121,63.0,2076.6568651206135
4305,78.0,2103.7390180843677,48.0,2066.1740108986755
4306,76.0,2023.9380898102152,61.0,2148.93971402624
4307,77.0,2008.2162499925016,56.0,2150.0643683392336
4308,79.0,1982.2824770721936,50.0,2141.418929475655
4309,75.0,2017.6078963495945,55.0,2045.6755178774379
4310,73.0,2010.8591233692882,60.0,2177.7822549166353
4311,63.0,1932.8393852269319,53.0,2033.400940094895
4312,80.0,2063.577257565383,51.0,2037.7467084289199
4313,78.0,2051.3286515893487,49.0,2004.6903214488896
4314,82.0,1990.5056361943514,60.0,2137.451222781354
4315,89.0,2027.4605153655866,61.0,2123.240535276668
4316,74.0,1927.5151093276022,56.0,2314.843406982344
4317,75.0,1925.4042948294616,50.0,2061.2609044465894
4318,76.0,2048.278014230872,61.0,2091.261055923354
4319,71.0,1932.1771035243426,48.0,2091.427047491627
4320,61.0,1912.3833275932527,54.0,2222.4725786826857
4321,74.0,2169.549501266492,54.0,2189.995930629114
4322,81.0,2211.177454738176,74.0,2143.688025780298
4323,71.0,1961.7182291918716,50.0,2049.2976759738435
4324,79.0,2122.7823711843157,51.0,2049.91804187205
4325,81.0,1960.7558493603642,56.0,2109.2839738422595
4326,69.0,2115.576247019214,46.0,2042.62720723714
4327,76.0,1906.6435839375154,51.0,2142.981371872315
4328,74.0,1986.034196469044,59.0,2415.3869332076265
4329,64.0,1959.3126493576492,62.0,2084.551372235598
4330,90.0,2085.4683252668237,53.0,2042.71344365101
4331,87.0,2148.4024472192013,63.0,2043.8545836366707
4332,80.0,2034.0482030251403,53.0,2099.2040606954934
4333,87.0,2043.5051876417194,63.0,2096.372818909132
4334,76.0,2067.6174976802486,46.0,2123.1416355105453
4335,71.0,2044.4616605895515,70.0,2106.800548759614
4336,59.0,1841.1517879256041,63.0,2111.796718975536
4337,62.0,2057.815165278523,52.0,2096.2964419802283
4338,76.0,2150.5996845749337,59.0,2121.329285483684
4339,72.0,1974.2758343030698,55.0,2112.6778575242042
4340,73.0,2145.609528674932,54.0,2060.1181985379144
4341,83.0,1988.092005047162,49.0,2099.591372859647
4342,70.0,2058.3681442813872,50.0,2028.5399019178253
4343,61.0,2139.280569137792,47.0,2219.667957351954
4344,66.0,1928.5108976254303,48.0,2444.1936181685637
4345,75.0,1969.9810630582876,60.0,2115.129025810453
4346,76.0,2063.1354137984417,60.0,2204.0963953876303
4347,76.0,1969.1826742104754,65.0,2187.378592944567
4348,70.0,1990.2197750869004,57.0,2144.099057171653
4349,82.0,2107.561767330613,58.0,2051.1689076274397
4350,60.0,1966.965850312055,58.0,2087.6709860233855
4351,68.0,2016.8281323680203,62.0,2107.11380274381
4352,72.0,2106.7720017682627,47.0,2023.3715883588334
4353,71.0,1913.9778263978428,57.0,2079.6172882576966
4354,72.0,2016.5950278484243,52.0,2007.7901610390365
4355,75.0,2124.644493624173,68.0,2249.6201094674493
4356,74.0,2083.501658024023,61.0,2078.6849521032977
4357,79.0,2002.9499548233507,60.0,2087.4617420967415
4358,71.0,2095.3452004546934,54.0,2045.6854566210714
4359,73.0,2004.1239046935311,75.0,2127.3353106053746
4360,77.0,1997.8130446608839,52.0,2130.837511402215
4361,78.0,2009.832913916677,60.0,2101.236136974532
4362,64.0,1877.3103128322143,48.0,2063.3723944913127
4363,75.0,1917.801230998158,45.0,2101.7575593284555
4364,61.0,1947.9584119640674,43.0,2099.2008389138487
4365,83.0,2121.4278380300525,49.0,2210.8189570319782
4366,82.0,1996.011187861661,58.0,2204.469288171281
4367,87.0,2026.569105936996,42.0,2184.264091846261
4368,63.0,2013.478415263137,49.0,2150.6152591579144
4369,63.0,2017.9589559312396,47.0,2213.196664449305
4370,76.0,1947.7787583815518,54.0,2135.8966522117053
4371,75.0,2011.1001343217063,63.0,2203.4562809655354
4372,71.0,1986.4060036367905,58.0,2072.722166216348
4373,73.0,2020.04360611894,54.0,2062.996849409023
4374,89.0,2083.7088085859477,61.0,2204.6502748938747
4375,67.0,2011.4728092680896,55.0,2099.261856043329
4376,69.0,1916.3124923044531,46.0,2185.1937315779887
4377,72.0,1953.1854984385616,58.0,2153.962976565103
4378,75.0,2089.8113147484287,52.0,2048.5858175619965
4379,74.0,2038.9940499414442,59.0,2047.9943393799106
4380,71.0,2062.638626366359,57.0,2064.365650726414
4381,55.0,1977.5504037964565,66.0,2239.706598688578
4382,77.0,2040.6799289732312,49.0,1996.793079110971
4383,83.0,1973.6778064888297,59.0,2049.311362221968
4384,72.0,1979.2087984282207,55.0,2248.251126468856
4385,56.0,1922.6172708159907,59.0,2072.67989038213
4386,69.0,1991.911584772698,66.0,2043.0531888683588
4387,64.0,2142.63765323493,53.0,2234.0775852302745
4388,66.0,1917.0650901016513,52.0,2046.2104764896142
4389,75.0,1979.418068600686,49.0,2144.9395804855194
4390,73.0,2095.3911220653004,61.0,2297.7118078526605
4391,78.0,2013.089274288818,47.0,2028.7869982134164
4392,73.0,1974.8111078564218,57.0,2174.8184581654277
4393,79.0,1901.5434155398564,38.0,1982.6020698398017
4394,71.0,1969.581867161449,65.0,2415.426394280837
4395,67.0,1990.2555930320764,38.0,2205.303143541229
4396,76.0,2006.010302963161,50.0,1999.278915340845
4397,69.0,1913.0575097402923,61.0,2079.8714500234883
4398,68.0,2047.2976056206846,47.0,2046.4838745866498
4399,67.0,1925.5258622290503,49.0,2282.761434464593
4400,69.0,1863.0435650795728,56.0,2251.939913199429
4401,72.0,1995.6785960841626,56.0,2091.3084141700097
4402,80.0,2033.0195287256183,49.0,2200.9006261864674
4403,75.0,2020.2317035827114,52.0,2087.673323071385
4404,71.0,1962.2673519546988,54.0,2070.141382416904
4405,80.0,2016.0484832096113,49.0,2181.9677836692463
4406,64.0,1927.965629890583,43.0,2039.8793743175597
4407,68.0,1918.4440298522634,57.0,2037.9329519778835
4408,79.0,2022.6613565750565,49.0,2058.2103556624797
4409,80.0,2134.3025583758717,61.0,2113.742380782097
4410,80.0,2079.2452663990766,63.0,2146.276517497852
4411,72.0,1988.7384864319777,52.0,2194.1896548256
4412,74.0,2073.9564018621713,55.0,2037.0601762920428
4413,65.0,2127.4824910585903,70.0,2090.8146635071485
4414,70.0,1964.1132424552054,62.0,2237.073026960396
4415,74.0,2038.9428128289708,64.0,2181.886850529258
4416,76.0,2178.5959506084546,56.0,2079.2590953475715
4417,77.0,2027.9841176593231,57.0,2127.337598874637
4418,79.0,2263.6578169497575,60.0,2065.955715813843
4419,62.0,1842.0209285243473,56.0,2088.614425003367
4420,82.0,1974.256947628526,53.0,2253.3633869528203
4421,65.0,1985.1249505466526,59.0,2023.9973194383622
4422,80.0,2052.018042741305,55.0,2072.058806647892
4423,76.0,1970.1439842063535,61.0,2071.383965635228
4424,77.0,1892.64071965112,71.0,2108.3716687618844
4425,72.0,1925.5344034601771,47.0,2204.7249509808844
4426,87.0,2239.3068148441407,48.0,2055.811213800432
4427,69.0,1960.229372796311,47.0,1945.2223751414813
4428,67.0,1960.818001226654,64.0,2104.72658517342
4429,74.0,1984.1115398059226,60.0,2153.304993547403
4430,85.0,2032.5947583471564,51.0,2069.3658704365303
4431,82.0,2068.3165070592872,56.0,2034.1366605128128
4432,81.0,2075.176865275755,58.0,2150.7702365401524
4433,84.0,2034.1821360101135,46.0,2115.314764271202
4434,64.0,1963.6034440563851,58.0,2054.052982033959
4435,71.0,2096.3228946574645,49.0,2020.8848869356473
4436,83.0,2122.47558621131,54.0,2249.9841518789426
4437,71.0,2011.3648842956804,62.0,2153.3682468855586
4438,70.0,2027.0514740982103,66.0,2132.4798690510347
4439,69.0,1989.2739057528768,68.0,2086.7794461357676
4440,84.0,2060.2532348271347,55.0,2114.6450856237043
4441,76.0,2041.0509753982062,52.0,2100.9601660920234
4442,73.0,2016.3706296225275,68.0,2137.537351716207
4443,76.0,2003.3427085517603,53.0,2045.112871920275
4444,72.0,1960.5856272026615,47.0,2112.9735353013234
4445,83.0,1987.006687278658,54.0,2286.915003223951
4446,79.0,2025.359078454419,61.0,2081.1677222231806
4447,80.0,2033.8200148590668,46.0,2150.9623811384013
4448,85.0,2070.4683116401447,53.0,2188.872838815617
4449,70.0,1930.401864959459,48.0,2056.748444773422
4450,81.0,1961.3319623778243,55.0,2031.6598355434255
4451,70.0,1955.1572997061699,64.0,2373.45499265076
4452,76.0,2125.614658926365,53.0,2038.2032684117614
4453,68.0,2096.007178876845,62.0,2045.3088777686803
4454,65.0,1900.047103780513,64.0,2075.9710815254566
4455,76.0,1983.334084402739,54.0,2059.5759281279034
4456,79.0,2045.3209073516541,66.0,2167.6437268915465
4457,71.0,1968.8075164047725,64.0,2094.457514770643
4458,77.0,2179.461936247154,60.0,2133.7803870558664
4459,68.0,2161.3403206861085,65.0,2091.289851958259
4460,67.0,2027.049728371317,64.0,2172.0904569128056
4461,81.0,1895.2358504865638,51.0,2023.509790446705
4462,72.0,2011.8151669022675,50.0,2155.0290173755548
4463,68.0,1999.843522309417,42.0,2055.253293802401
4464,74.0,1964.31020404785,65.0,2044.2831951485919
4465,75.0,2030.038456430449,54.0,2031.970554409633
4466,70.0,1945.389611214532,54.0,1966.4285671112025
4467,79.0,1996.3171118184146,57.0,2101.998921183209
4468,76.0,2077.214284085569,58.0,2180.8712392200787
4469,67.0,1890.0537544034023,52.0,2152.1596518504666
4470,78.0,1990.3534939063761,49.0,1991.252041854639
4471,74.0,2005.5189118948733,56.0,2109.572947545142
4472,66.0,2122.3179503246774,66.0,2219.924145187414
4473,86.0,2120.3870386367694,49.0,2037.5022186431738
4474,75.0,2135.944314023584,49.0,2055.5224532597326
4475,73.0,1913.6020007384934,59.0,1977.9759745600759
4476,56.0,2003.9755179268093,51.0,1980.1952784210189
4477,79.0,2018.7356136943665,60.0,2189.3724921164626
4478,77.0,2000.5917610079587,35.0,1988.6078005509767
4479,85.0,2118.1618416425918,51.0,2064.897233002949
4480,73.0,2031.6576025001382,66.0,2173.8692364430112
4481,70.0,1884.806556496864,60.0,2102.3672010626133
4482,87.0,1965.2200129899852,58.0,2127.0870213175035
4483,73.0,2201.945931041474,47.0,2131.8199325965966
4484,64.0,2001.2913948821868,54.0,2022.9672070209294
4485,65.0,1916.1780135216509,50.0,1998.5722372233558
4486,77.0,1976.4364247826882,52.0,2044.7572880524024
4487,81.0,2023.5754877644965,70.0,2100.3620157258824
4488,71.0,2003.6045216343864,45.0,1994.7428490593886
4489,62.0,2018.1182275245978,60.0,2158.611523030992
4490,71.0,1921.2700650832194,56.0,2262.3717319541865
4491,75.0,2046.5585090482489,57.0,2161.9316939701935
4492,86.0,2135.6457445647,54.0,2008.1077259960148
4493,74.0,2071.2161093850086,50.0,1987.910858678975
4494,59.0,1989.8948576888406,51.0,2055.361241211079
4495,72.0,2199.2514017739077,45.0,2033.1571236030236
4496,76.0,2004.274358004714,53.0,2105.0920598292428
4497,74.0,2036.0594456508798,52.0,2169.2509235832454
4498,79.0,2080.1400729317616,56.0,2159.1055572560385
4499,86.0,2073.0496675352797,67.0,2139.838942333104
4500,66.0,1899.1991874500416,63.0,2270.889462549827
4501,70.0,2032.7179262270213,67.0,2110.289642066212
4502,60.0,2101.273264300647,50.0,2033.9157081514866
4503,76.0,1976.9888604875027,51.0,2053.4749793172305
4504,70.0,1940.182257311521,61.0,2152.454548551163
4505,80.0,2132.767849845368,59.0,2046.8544830727933
4506,68.0,1893.337586949488,61.0,2119.6186406027487
4507,77.0,2079.909548742627,59.0,2275.1397486329975
4508,60.0,2051.213200872704,59.0,2093.328517218628
4509,77.0,1959.1064789012719,54.0,2060.9945874226682
4510,77.0,1927.058351581105,55.0,2130.5248224728366
4511,70.0,1941.7398701535353,54.0,2132.5011160856625
4512,83.0,1938.635894572784,51.0,2035.6162694869925
4513,68.0,1965.431527781311,50.0,2140.957860262578
4514,56.0,2001.4245473763297,49.0,2051.9766347274235
4515,55.0,1943.627210218015,45.0,2047.1212835360543
4516,84.0,2053.75243174049,60.0,1981.1508691545655
4517,62.0,2198.4615104149257,50.0,2094.691274509224
4518,83.0,1957.1420566802342,42.0,2148.6967178179198
4519,61.0,1932.461147690494,70.0,2151.816630505029
4520,62.0,2043.5854161093496,48.0,2142.1941601070575
4521,76.0,2095.1838596724124,63.0,2106.3525404334014
4522,73.0,1914.4214410549896,61.0,2153.7682307539058
4523,69.0,1946.433373535577,65.0,2201.1854762433913
4524,71.0,1969.4173529142852,56.0,2178.4710849027474
4525,72.0,1899.8017256793635,56.0,2112.170300109988
4526,70.0,1973.1530811410369,52.0,2027.2982361018985
4527,75.0,1929.8649311841775,67.0,2035.7573884315043
4528,80.0,2037.550774598723,41.0,1957.0770389859842
4529,69.0,1974.0647366764804,58.0,2072.591951650084
4530,72.0,2005.3218461167094,46.0,2088.1792478823995
4531,71.0,1993.5223294417272,48.0,2204.8348194661107
4532,68.0,2036.0741512832592,55.0,2105.914627379587
4533,88.0,2099.471640901736,41.0,2170.4994373739337
4534,65.0,2066.3966801237043,46.0,1989.7434831787707
4535,71.0,1994.7874957823665,58.0,2115.0387139182017
4536,69.0,2027.93488097009,50.0,2084.298818207261
4537,78.0,2087.1338841458864,51.0,2145.662424516117
4538,84.0,2133.1260680938876,48.0,2049.2737132042494
4539,79.0,2212.11169042006,57.0,2080.251704398292
4540,80.0,2024.039514361821,51.0,2270.3522378344082
4541,74.0,1969.6603809881237,48.0,2082.528322400817
4542,71.0,1973.5151854342466,65.0,2084.388593954406
4543,83.0,2089.79593185088,47.0,2215.1651835753755
4544,74.0,2027.455582497986,58.0,2140.5792355282006
4545,71.0,2049.513876266492,58.0,2153.447226017359
4546,77.0,2026.2346066240173,58.0,2106.010282517983
4547,78.0,1980.771760293237,53.0,2219.370794113932
4548,68.0,1987.986307148658,68.0,2064.1726904459556
4549,65.0,1976.0001328359315,62.0,2081.255093073095
4550,89.0,2041.7688049111957,55.0,2018.7132976578932
4551,77.0,1891.967310860272,66.0,2120.744826405948
4552,82.0,2051.735262589764,61.0,2166.5471080690704
4553,80.0,1981.8774522969006,49.0,2081.7434445807407
4554,54.0,1969.0447231695389,50.0,2094.1636472710397
4555,74.0,1995.9648320033511,56.0,2090.9703981275743
4556,88.0,2027.3668288895476,69.0,2112.714793983988
4557,84.0,2111.5404672439813,73.0,2217.8521904714903
4558,79.0,2037.6677438570423,53.0,2076.6048845048263
4559,73.0,2083.2696718728434,55.0,2103.8372338735026
4560,69.0,2015.237834340452,57.0,2111.8938330090123
4561,86.0,2087.2846664310327,50.0,2106.375653531725
4562,73.0,1985.9407959517944,46.0,2112.993822428491
4563,60.0,1879.5334180673572,53.0,2077.261532044858
4564,66.0,2021.5667548280062,58.0,2025.5408571281455
4565,81.0,1961.1851657155453,62.0,2067.0752752245858
4566,65.0,1909.0980114588397,56.0,2100.474201633055
4567,63.0,1943.3414160235434,47.0,2037.842101434861
4568,83.0,2053.452252473068,64.0,2212.7060397384976
4569,81.0,2008.4052554970397,63.0,2102.081190598185
4570,74.0,1967.9555321135786,43.0,1992.5735821484384
4571,78.0,1921.8338193227896,59.0,2115.6393775821134
4572,73.0,1955.6052778810933,49.0,2062.1387958966006
4573,67.0,1988.2118307366754,69.0,1978.7089290960382
4574,67.0,1981.1949357150822,60.0,2051.8211737800098
4575,78.0,2107.5547728183396,63.0,2210.080046393557
4576,79.0,2116.025483577092,44.0,1983.2534572745592
4577,80.0,2005.8755120622552,66.0,2133.757068918334
4578,73.0,2024.3277981694532,39.0,1986.7944978582957
4579,77.0,2206.800306979008,61.0,2073.211237573086
4580,73.0,2067.8455232204224,50.0,2154.092200329041
4581,70.0,2189.428143963054,64.0,2070.288764426356
4582,70.0,1878.7887633757375,57.0,2144.6182699262417
4583,71.0,2002.8569483485524,57.0,2036.8101268105443
4584,67.0,2040.182263806299,43.0,1989.2745240279648
4585,60.0,1924.7246291542,58.0,2105.3842960771412
4586,68.0,1870.1299785349756,47.0,2049.2622558782723
4587,47.0,1783.7905208061836,56.0,2059.435488015486
4588,77.0,2163.406402072125,57.0,2108.373334774906
4589,72.0,2150.775956168081,68.0,2053.1820738879933
4590,74.0,2001.8732278688651,53.0,2000.2593416252248
4591,72.0,1975.5242402153162,53.0,2113.447896122227
4592,81.0,1960.7534123352928,52.0,2085.0792071371206
4593,65.0,2048.1654637867655,47.0,2069.072537270577
4594,67.0,1941.0599360830972,58.0,2230.9769694801134
4595,77.0,1992.7881296687376,50.0,2008.2324544336689
4596,74.0,1904.6386606037859,54.0,2151.729903041263
4597,86.0,2024.085297207808,62.0,2043.998577034118
4598,79.0,2107.219832456458,65.0,2128.5261463622737
4599,65.0,2058.235728694225,58.0,2168.8488732801165
4600,70.0,2018.3979498218062,54.0,2123.3067447244844
4601,68.0,1938.8326083275854,49.0,2123.6689222890705
4602,85.0,2195.29199753841,60.0,2033.7426026685532
4603,71.0,2025.1062210766925,53.0,2091.7046607724155
4604,63.0,1887.2000781722675,56.0,2167.7395636294245
4605,85.0,1967.9383919916045,50.0,2041.4371963354165
4606,75.0,2174.10883780271,54.0,2009.4500548871783
4607,68.0,1854.883156672488,51.0,2011.6070853888598
4608,76.0,1997.4384476073008,56.0,2162.9736830232205
4609,75.0,2100.0227732120306,67.0,2228.6126640005377
4610,99.0,2122.0739618722337,59.0,2161.068063564864
4611,68.0,2043.9775812773703,51.0,2158.593799225578
4612,92.0,2260.020887152453,63.0,2119.6018356449017
4613,73.0,1832.7820022668648,41.0,2087.8615965644867
4614,74.0,1947.8610995697188,52.0,2057.303331874622
4615,83.0,2066.465102917925,56.0,2142.869341164329
4616,67.0,2015.1551311981923,63.0,2027.7166029587881
4617,66.0,1989.3022101131974,52.0,2055.502309484277
4618,68.0,1997.1327067529437,48.0,2075.792252409058
4619,75.0,2046.907316584414,46.0,2111.7555381831485
4620,89.0,2051.2255783142023,59.0,2138.6838239497433
4621,97.0,2052.3601194218527,55.0,2212.626243693809
4622,76.0,2038.7071524294088,58.0,2134.109040598833
4623,89.0,2073.2895805935755,66.0,2311.4494771378927
4624,75.0,2012.3588467631403,55.0,1967.841860253699
4625,87.0,2045.1245584861058,51.0,2086.4149217506297
4626,77.0,2000.8267715241484,48.0,2098.235289128583
4627,57.0,1991.0790479922803,56.0,2130.7656473425727
4628,79.0,1853.4228067698518,51.0,2034.1012574307802
4629,77.0,2134.9175003559553,63.0,2069.686088202282
4630,93.0,2024.7281147055853,66.0,2074.266126084245
4631,59.0,1966.0095938990785,59.0,2141.6100178365773
4632,80.0,2011.3994984785093,57.0,2126.3116454947954
4633,75.0,2099.628265230925,67.0,2200.4138637356946
4634,69.0,1940.5055537268488,49.0,2056.6382295329317
4635,65.0,1899.9575462869427,40.0,2032.4465767588406
4636,81.0,2028.5709387045517,54.0,2062.7382475225186
4637,74.0,2033.4717643565464,61.0,2077.8125022429886
4638,80.0,2069.5086053916143,64.0,2108.284560147315
4639,70.0,2113.9985798035436,60.0,2212.5960055710075
4640,79.0,2098.1134174828117,52.0,2055.0277948390817
4641,76.0,2040.1874540244794,52.0,2042.7882964172227
4642,69.0,2028.336579637501,49.0,1967.0600018368746
4643,69.0,2060.5346964419405,57.0,2115.641353182988
4644,70.0,1979.8909034340475,50.0,2008.61271537493
4645,84.0,2032.0623006618337,50.0,2149.076467205813
4646,72.0,2023.9418741670652,50.0,2079.53335074054
4647,79.0,2052.054844816837,52.0,2078.9525918667327
4648,84.0,2137.1657599138066,65.0,2152.204189378299
4649,74.0,2052.1756729267436,52.0,2180.4740134164167
4650,72.0,2086.4964903021273,58.0,2126.7467562972993
4651,57.0,1931.0681900513248,50.0,2100.627054447286
4652,75.0,2104.622590106683,62.0,2087.5486277948735
4653,75.0,2329.700740877107,61.0,2020.5079280374741
4654,78.0,2043.2464260668464,53.0,2044.5111314926307
4655,75.0,2015.4394827034755,53.0,2082.4427458097534
4656,81.0,2195.1457186173175,60.0,2194.9614265103905
4657,71.0,1997.962935232734,56.0,2179.260974619223
4658,87.0,2007.8435951557783,54.0,2141.270408063509
4659,92.0,2076.8180980426264,68.0,2211.4632653905405
4660,70.0,1968.4267859326883,47.0,2086.158848935086
4661,70.0,1925.7748709176944,66.0,2171.008729682052
4662,70.0,1983.5063572529843,69.0,2091.2392079454276
4663,76.0,2169.4327029216265,65.0,2131.1763978492836
4664,76.0,2029.5650415819307,62.0,2195.28544516631
4665,75.0,1961.5200359896035,55.0,2005.7261086862688
4666,80.0,1883.6442154115643,58.0,2156.6849336534797
4667,69.0,1927.3625556442112,56.0,2022.8345519754948
4668,81.0,2120.8503751299845,59.0,2104.633568691081
4669,72.0,2048.183216466844,45.0,2167.322496395371
4670,76.0,1995.1184267376111,58.0,2059.995093493321
4671,66.0,1938.687069185552,60.0,2057.857880922806
4672,58.0,1898.3417730333929,48.0,2112.616011371685
4673,64.0,1970.2924916988811,56.0,2197.170745773127
4674,78.0,1855.229331719872,46.0,2010.239537329438
4675,82.0,2047.6681740768622,55.0,1990.6738988569393
4676,68.0,1894.708610529156,65.0,2123.655705752097
4677,65.0,2042.8177572401353,58.0,2071.5445374177184
4678,70.0,2060.181506893263,62.0,2120.9055632783256
4679,71.0,1967.0222226530045,49.0,2091.2622293872414
4680,69.0,1889.730234217697,63.0,2046.8495983565272
4681,74.0,2077.1298186603817,59.0,2064.9519298218047
4682,70.0,1971.7846909354703,56.0,2046.7288929693134
4683,80.0,2021.0602994022736,56.0,2056.865605607189
4684,74.0,2014.881451273442,56.0,2015.719458623679
4685,67.0,1970.2287055423567,54.0,2108.6280369438828
4686,80.0,1999.4252452754422,48.0,2107.8320365183718
4687,75.0,2000.3868975940927,66.0,2085.9488102207756
4688,75.0,2045.4981094338373,59.0,2013.3006121406868
4689,73.0,1965.1801364602484,53.0,2112.2194801629716
4690,61.0,1991.910867496866,51.0,1995.2449817108127
4691,79.0,2075.7815705567477,50.0,1984.8785280703712
4692,77.0,1879.375619142924,53.0,2012.9303651998819
4693,73.0,1988.963170528045,53.0,2014.9681898466454
4694,67.0,1920.6641324336442,61.0,2016.91625853982
4695,70.0,2050.1013387385865,60.0,2177.970912655067
4696,70.0,1939.0421560244042,55.0,2040.7287333736995
4697,79.0,2105.6516609666887,58.0,2088.7137010255265
4698,64.0,1916.4147805671862,60.0,2002.9049518470838
4699,74.0,1959.8549413550547,57.0,1991.2458085696917
4700,71.0,1933.4586665235302,51.0,2108.8074957595363
4701,76.0,1992.6694347877003,63.0,2241.2768943121637
4702,79.0,2153.7800553211528,60.0,2220.628244345528
4703,75.0,2173.097278038094,59.0,2102.1622753956785
4704,68.0,2089.156754440411,51.0,1965.5816361696798
4705,83.0,1945.3978566337528,57.0,2070.7550435518765
4706,75.0,2034.5154111285121,55.0,2044.0548599685303
4707,88.0,2016.031962424572,45.0,2021.61767842256
4708,60.0,1991.5792805633896,59.0,2151.3336588225275
4709,93.0,2171.7559074019773,48.0,2088.998254487966
4710,74.0,1913.5877564349737,53.0,2048.581223196986
4711,79.0,2036.911203093764,51.0,2104.4983118771306
4712,55.0,1926.75895840734,57.0,2092.4524446451373
4713,60.0,2032.0061535582738,48.0,2050.307901669266
4714,64.0,1971.1639319544856,54.0,2018.3773513892397
4715,70.0,1976.0838192180058,51.0,2132.008726368521
4716,77.0,2008.4828766211253,46.0,2069.321862930891
4717,80.0,2176.923888546079,60.0,2045.7606041260333
4718,75.0,2038.1685532683832,61.0,2175.084269836846
4719,77.0,2006.081607612797,62.0,2224.0623176190793
4720,71.0,2065.545214046812,50.0,2118.658772828943
4721,74.0,2161.5153494798756,64.0,2222.2355718054223
4722,87.0,2116.06796635825,49.0,2061.1050653337093
4723,63.0,1952.5140453756023,47.0,2054.811025331917
4724,68.0,1919.2133565533536,60.0,2086.8416149445916
4725,79.0,2044.634207250395,59.0,2068.9862932771935
4726,69.0,2003.4994747437713,49.0,2073.8016187149806
4727,78.0,2093.463072625607,56.0,2079.221236789011
4728,60.0,2129.475179266048,53.0,2143.9288639278902
4729,81.0,2009.3380439963512,49.0,2050.850288261404
4730,58.0,1925.5641263375558,56.0,2043.1130312078196
4731,73.0,1990.8818409089063,55.0,2033.952313189953
4732,65.0,1924.984939956129,56.0,2142.889727551697
4733,69.0,1979.9005991979543,66.0,2080.667487190749
4734,84.0,2043.4069199480082,52.0,1983.3098212591126
4735,83.0,2034.0692544426934,50.0,2125.6012189888024
4736,76.0,1986.1670467427205,66.0,2218.1843494471937
4737,73.0,2066.869434434294,53.0,2113.685285838855
4738,69.0,2053.2159729921636,47.0,2056.61600348036
4739,89.0,2000.7688578235363,65.0,2026.5382189203963
4740,86.0,1982.964990026295,53.0,2192.9012402809703
4741,72.0,1990.660365775799,46.0,1993.4610783623841
4742,69.0,1892.1440442583012,52.0,2127.8319655462246
4743,75.0,1936.0142908956918,55.0,2067.2753354913325
4744,69.0,2085.8928647070998,50.0,2089.2805721475465
4745,69.0,1909.7891416169643,54.0,2142.566329962319
4746,81.0,1966.1117485779253,51.0,2071.4363452410985
4747,73.0,2042.5547024786779,61.0,2066.1037478316503
4748,74.0,2169.746943312424,47.0,2065.3538150859576
4749,79.0,2105.329025601153,77.0,2292.2927218624027
4750,77.0,2092.474392210983,70.0,2209.3426328832993
4751,76.0,2105.1911364690386,51.0,2117.892535101895
4752,72.0,1891.788088060896,58.0,2157.1948351741867
4753,75.0,2025.02381057223,65.0,2131.2412759497142
4754,67.0,2029.215225030038,52.0,2055.8977338508007
4755,75.0,2046.3716094443828,54.0,2061.6071087359755
4756,69.0,2057.3081223686345,50.0,1994.3016674743474
4757,73.0,1985.5213416527827,64.0,2120.5473585624136
4758,68.0,2006.1283572178033,50.0,2076.1927210535555
4759,80.0,2025.2977431255733,52.0,2040.1953785302971
4760,84.0,2175.9269959288995,60.0,2167.1206004975643
4761,80.0,2043.2270479539297,61.0,2111.2401041756725
4762,65.0,1952.5292540738649,57.0,2035.5761805172522
4763,75.0,2056.6492529228085,64.0,2061.259550060811
4764,80.0,1938.6073380029554,58.0,2140.576364530785
4765,63.0,1929.3544256128214,55.0,2091.6009500087866
4766,71.0,1980.7481510725277,53.0,2081.840027427785
4767,83.0,2015.6076731766832,61.0,2080.1071462064515
4768,82.0,2011.9137016043137,52.0,2018.3293021361442
4769,72.0,1945.7907483234953,57.0,2253.618715600872
4770,79.0,1978.8142805589691,65.0,2116.692593386956
4771,77.0,1982.8656436679978,48.0,2004.0298644769225
4772,56.0,1875.068388973585,56.0,2218.478673414006
4773,65.0,2009.8919039930697,56.0,2075.6956657974742
4774,78.0,1963.6398843183483,42.0,2038.2725940632163
4775,70.0,1850.3511361746648,69.0,2221.20214619934
4776,74.0,1951.7591140075533,56.0,2146.9891391885994
4777,76.0,1890.3774082460657,45.0,2097.9301584309487
4778,69.0,1960.3643186243073,55.0,2038.7278296052175
4779,83.0,2198.093471163135,56.0,2158.8388653326047
4780,64.0,1969.9751019065973,46.0,1956.8361301800057
4781,83.0,2139.915295339062,61.0,2084.6654060519377
4782,79.0,1911.149251616546,62.0,2254.8168820228584
4783,59.0,1849.0379060904972,62.0,2307.547297530492
4784,67.0,2023.8087804937668,51.0,2055.30509753735
4785,70.0,2105.829984224973,55.0,2050.4138598644377
4786,68.0,2052.584655419479,52.0,2098.9400469737525
4787,80.0,1939.806959221538,58.0,2172.5241767066723
4788,74.0,2015.3329232769627,69.0,2113.2374790045264
4789,73.0,2031.4473302361685,55.0,2160.730353544633
4790,64.0,1995.5476797374654,51.0,2047.4648966304433
4791,69.0,1980.0558361451313,58.0,2182.3728317138443
4792,63.0,1996.556666886255,50.0,2108.0744612714216
4793,70.0,1966.4648256478756,66.0,2139.612337583046
4794,80.0,2049.2919803945056,51.0,2133.1525779461554
4795,69.0,2033.7390603615609,59.0,2107.224483716824
4796,76.0,1913.6044799908482,58.0,2018.7834859044906
4797,53.0,1970.917230665774,60.0,2112.001309759336
4798,68.0,2074.3758185960023,51.0,2046.5560191296292
4799,72.0,2071.425496400447,59.0,2138.547160782472
4800,74.0,1931.1585431886379,49.0,2021.9710021996634
4801,60.0,1952.0027967147983,61.0,2017.1908107938839
4802,75.0,2070.554634289834,64.0,2289.7079409439566
4803,77.0,2069.0415584612915,64.0,2183.6581950034674
4804,82.0,2116.7815873471586,57.0,2141.3356931046874
4805,66.0,1941.0382661319989,52.0,2124.0037380547064
4806,77.0,2023.828315140968,64.0,2049.527903811443
4807,78.0,2053.490215743849,58.0,2104.2384411967378
4808,61.0,1864.0261089593462,48.0,2000.848560412012
4809,80.0,2073.7506936390705,60.0,2024.4947303766244
4810,75.0,1945.2135025267846,48.0,2035.4629778994074
4811,70.0,2060.6665747983934,43.0,2110.480031210317
4812,62.0,1877.811196009023,51.0,2110.088798899374
4813,81.0,2104.1577912358157,59.0,2055.6030613015128
4814,89.0,1977.4846563088413,51.0,2088.5673383537965
4815,90.0,2127.142550431797,57.0,2103.201752507526
4816,62.0,2014.6544741952139,47.0,2075.3164138490592
4817,76.0,2026.0436323170509,64.0,2380.716194372142
4818,61.0,1954.0015086415187,52.0,2143.0534479268267
4819,68.0,1956.8066091527708,62.0,2254.8622058233727
4820,78.0,2045.7972301836219,46.0,2099.572550827303
4821,74.0,2047.5355729736425,61.0,2193.8357876896775
4822,72.0,2096.071947716304,65.0,2213.1350290091727
4823,70.0,1957.459500708991,55.0,2119.5851589436566
4824,64.0,1890.9299407310432,48.0,2006.56720543954
4825,73.0,2021.6798413474305,48.0,2094.549092432968
4826,72.0,1988.3897448481068,57.0,2113.425570331692
4827,67.0,1986.8359462413134,54.0,2076.57253259865
4828,73.0,1917.706593714451,61.0,2070.175869687707
4829,73.0,1995.9337994384116,50.0,2100.8672152223025
4830,65.0,1966.132225327963,47.0,2029.2391785761288
4831,75.0,1975.486058875118,49.0,2058.1819331195175
4832,69.0,2063.984062795167,50.0,2149.4513331162216
4833,74.0,2030.7641790411853,57.0,2166.7152557775253
4834,78.0,2119.231373011987,56.0,2150.7502671373836
4835,78.0,2020.2641128965072,53.0,2159.7282272999682
4836,74.0,2020.679890207771,58.0,2117.450005387474
4837,77.0,1882.2945759378774,59.0,2148.7726775402675
4838,79.0,2130.6141486005477,61.0,2118.5682458707756
4839,65.0,1962.0758498355585,53.0,2091.3249328673737
4840,68.0,2206.958211201371,63.0,2148.7834233027115
4841,61.0,2035.4519135386577,44.0,2014.7398008090115
4842,68.0,1926.4662411003674,71.0,2145.278273797242
4843,85.0,2255.9761812232005,51.0,2082.7507765412774
4844,67.0,1952.7784363391906,50.0,2126.188599798392
4845,77.0,1979.3678343561492,51.0,2160.8527551649136
4846,75.0,2179.3796172294133,54.0,2259.3069851623936
4847,79.0,2056.4980362761585,53.0,2113.780825133641
4848,74.0,2192.2119464850543,47.0,2001.9188076328453
4849,76.0,1856.269782290396,56.0,2039.2087456495794
4850,72.0,1856.6210776991843,52.0,2147.448770622265
4851,70.0,1959.926205238633,63.0,2195.1574180884018
4852,69.0,2007.4132851655258,55.0,2063.9984494144696
4853,77.0,2007.9209200600467,53.0,2056.3303963205058
4854,80.0,2011.4745642719668,55.0,2145.740729932966
4855,71.0,1974.616113007921,55.0,2084.859663701428
4856,68.0,2046.478676484485,54.0,2188.77472642449
4857,68.0,1881.2259858050295,62.0,2121.907366696209
4858,71.0,2059.2246683618278,67.0,2117.720044255419
4859,66.0,1893.6229052386939,50.0,2024.4701936074766
4860,63.0,1940.0517472349131,57.0,2054.923285537413
4861,67.0,1963.8537111974088,52.0,2095.8573579774625
4862,57.0,1971.7635965416855,67.0,2066.570615853035
4863,68.0,2046.96742019039,51.0,2025.9162419583038
4864,72.0,2075.298682688717,53.0,2036.9649098590035
4865,53.0,1919.4236221198955,59.0,2193.5578952817323
4866,73.0,1932.8112079492607,58.0,2122.3087805332298
4867,71.0,2049.7429168095914,53.0,2129.5001025582305
4868,59.0,2166.498127716304,52.0,2078.3196191600086
4869,75.0,2010.3874287122123,61.0,2128.4085359800592
4870,76.0,1918.2375397563492,51.0,2055.6574366058753
4871,69.0,2056.430777404765,58.0,2086.236959567435
4872,79.0,1980.5274764302749,56.0,2021.0510508763086
4873,78.0,2011.8392624343849,59.0,2094.6701882061316
4874,69.0,1952.7738021678692,53.0,1995.5922980200971
4875,77.0,2111.8236757822947,56.0,2086.066931507268
4876,84.0,2043.201068324104,64.0,2125.821986435404
4877,69.0,2006.924673285875,63.0,2283.228707267358
4878,77.0,2190.1630855755957,46.0,2116.5476866094814
4879,84.0,2191.1009322318473,48.0,2119.3708566428027
4880,79.0,2071.835802342606,43.0,2037.6714385287275
4881,77.0,2038.7780507940956,57.0,2090.268437915109
4882,77.0,1918.9316940111776,50.0,2110.5195185094376
4883,70.0,1963.6276545086155,37.0,1985.452892311252
4884,80.0,1974.5291555631675,55.0,2132.0517345864832
4885,82.0,2091.784196510856,73.0,2153.0877702819466
4886,79.0,2005.112598517143,48.0,2156.6328145110792
4887,73.0,1990.1124986071163,63.0,2189.3345120530958
4888,82.0,2111.166658298691,68.0,2055.073211147084
4889,67.0,1988.8109465407756,47.0,2009.9730324371071
4890,78.0,2054.8934172122017,59.0,2131.6965607353004
4891,69.0,2167.403547349464,55.0,2044.462018372953
4892,78.0,2093.5661619859065,61.0,2087.265900300764
4893,69.0,2003.590353002791,61.0,2162.02883909338
4894,75.0,2023.7477943608512,54.0,2247.957734077931
4895,79.0,2201.5680858006954,60.0,2034.7835748060436
4896,81.0,2067.3632901481537,58.0,2143.253652827552
4897,63.0,1909.8375098822864,51.0,2031.3072040721395
4898,83.0,2043.200329610135,49.0,2079.739913607036
4899,71.0,1976.415744564274,57.0,2213.9167383497006
4900,55.0,1856.649875518165,58.0,2165.3580977326
4901,70.0,2094.5627100385864,63.0,2302.766865405601
4902,65.0,1930.2395301184163,54.0,2031.9741254418896
4903,80.0,1967.8688739313018,67.0,2143.151066557855
4904,75.0,2171.1866442643045,68.0,2101.9307417820864
4905,74.0,2044.880586023438,65.0,2121.116875129392
4906,86.0,2124.275985841798,51.0,2095.3571386358944
4907,78.0,1951.1103776553468,51.0,2118.1482488712477
4908,70.0,1959.227547663382,57.0,2165.4317047875866
4909,90.0,2059.0029272106763,61.0,2061.715025663081
4910,76.0,2024.7827212563075,65.0,2096.293703420231
4911,67.0,2019.4447780330415,60.0,2082.8511472297596
4912,81.0,2172.90855851239,64.0,2422.4528863638197
4913,74.0,1997.0422610613386,57.0,2116.1221080812425
4914,82.0,2089.6334183214144,52.0,2026.4241727931685
4915,83.0,2030.022485712762,56.0,2179.242152362812
4916,81.0,2010.5056573002987,56.0,2070.7196863299164
4917,80.0,2028.9485423521114,55.0,2001.3190266609206
4918,68.0,1912.334554931877,65.0,2140.608349379889
4919,59.0,1931.4903008135427,54.0,2006.4434119942707
4920,77.0,1889.86364527854,55.0,2093.485754201157
4921,74.0,2038.0596883059038,60.0,2175.6430140531397
4922,72.0,2062.0353688594682,58.0,2067.9028038918777
4923,72.0,1859.1305355144752,51.0,1988.644503158213
4924,75.0,2096.628793845798,47.0,1988.991353174
4925,81.0,2020.222695429828,60.0,2052.1845958991194
4926,72.0,1979.9780815755535,49.0,2035.813935390619
4927,68.0,2060.124110749977,36.0,1978.3216291275767
4928,65.0,1968.7989541158756,69.0,2199.2242673498217
4929,84.0,2016.8930564379082,53.0,1971.12701716509
4930,76.0,2052.821260254227,51.0,2031.5702370194913
4931,65.0,2071.471473021803,57.0,2103.9388074520125
4932,70.0,2026.686294380884,56.0,2134.4682731750813
4933,78.0,2039.1822974681402,58.0,2092.4725466024197
4934,75.0,2019.2018680821009,66.0,2148.7996484176024
4935,63.0,1969.1986938763175,54.0,2153.980508339974
4936,62.0,1925.346359421052,43.0,2004.3230681850762
4937,71.0,2110.0843524503434,69.0,2078.314206609087
4938,78.0,2025.8969041226796,51.0,2099.7529247005214
4939,74.0,2121.3449480526515,54.0,2066.21183130909
4940,73.0,1985.1448287195672,51.0,1961.9461437588682
4941,79.0,2053.6075776575876,55.0,2063.3579411727483
4942,76.0,1977.5975966768735,47.0,2056.843966786908
4943,73.0,1985.1466383499148,57.0,2093.5419719190845
4944,80.0,1951.0392379809928,54.0,2056.3709281941315
4945,82.0,2011.9253110017537,48.0,2044.7739921007899
4946,75.0,2010.8631066007472,37.0,2153.0827572677535
4947,75.0,2038.6041009419273,65.0,2129.9130778407916
4948,87.0,2125.9162799458145,50.0,2150.3656123735723
4949,75.0,1893.7629939754183,57.0,2234.748433126524
4950,78.0,1907.930987695561,69.0,2236.5978330394055
4951,83.0,2113.7297825065807,62.0,2088.97864365663
4952,72.0,1971.7189140841322,62.0,2100.8723911273687
4953,62.0,2022.309104599163,56.0,2166.0438272103424
4954,56.0,1801.8280413523455,52.0,2164.3534988337874
4955,67.0,1970.7171173938186,46.0,2043.1009083172391
4956,74.0,1968.9344143931842,50.0,2048.0110841051733
4957,77.0,1967.434474519147,50.0,2058.517682791257
4958,73.0,1900.300472520479,58.0,2031.0833171518236
4959,72.0,2073.1911515556844,51.0,2071.1303185171164
4960,70.0,1981.4232211548356,42.0,2094.695358826873
4961,68.0,2249.945900580334,56.0,2045.8859519631062
4962,65.0,1914.8417540624423,45.0,2116.9452789049324
4963,78.0,2053.221131669116,57.0,2123.0789533619973
4964,56.0,2090.2926661620677,47.0,2124.1552955828724
4965,78.0,1946.1643902443643,49.0,2059.85467124572
4966,66.0,1993.8429341792416,59.0,2133.4398492002533
4967,69.0,1965.7472494025997,63.0,2211.2299313730323
4968,84.0,2022.3689215752245,66.0,2089.6137434872203
4969,75.0,2049.218915504428,43.0,2136.3143030239107
4970,82.0,2031.569557304751,56.0,2143.458968984872
4971,69.0,2066.3408519065715,58.0,2111.817675205324
4972,80.0,2082.4336525947615,60.0,2136.9142750614647
4973,72.0,1923.6081226170802,57.0,2058.762706093528
4974,62.0,1905.3371851235363,49.0,2035.7479756470425
4975,83.0,2288.0318824943524,51.0,2071.4872784556624
4976,65.0,1878.295275751026,71.0,2006.5318655965013
4977,63.0,2026.3426620376986,60.0,2110.4667681129717
4978,73.0,1977.7308773133855,51.0,2152.8601924215677
4979,79.0,2191.5512366338708,64.0,2151.495822304287
4980,83.0,1903.149881374999,70.0,2119.137431653231
4981,74.0,2137.8764457381153,59.0,2179.941942054519
4982,81.0,1921.9996460959499,53.0,2101.0076041703583
4983,69.0,1933.0717287485888,57.0,2175.660055919153
4984,62.0,2136.141079658118,46.0,2069.4720356236417
4985,78.0,1949.2510932313396,67.0,2150.339843099761
4986,83.0,1913.1592581029256,52.0,1992.7171904705267
4987,78.0,2073.7710457115472,48.0,2058.0997285438652
4988,70.0,1975.067730711832,55.0,2020.686975756487
4989,76.0,2094.628804147289,48.0,2218.0656394970156
4990,60.0,1951.2578000254146,53.0,2036.5269602031462
4991,73.0,1995.3760610650038,45.0,2135.53624713652
4992,75.0,1997.165845023656,65.0,2264.3926104876236
4993,70.0,1978.7862508762312,57.0,1988.5424251816694
4994,78.0,1940.5421982599753,60.0,2156.2850964934282
4995,92.0,2197.6135332049553,59.0,2139.928076481497
4996,83.0,2206.431967561697,61.0,2062.5652183248644
4997,71.0,1977.1865627830396,62.0,2120.7230817439245
4998,73.0,1922.871191773766,67.0,2052.4991802943227
4999,64.0,2006.8883139347197,51.0,2139.5773116721425
