category_name,order_region,velocity_class,service_level_target,mean_weekly_demand,std_weekly_demand,mean_lead_time,unit_cost,total_qty,sigma_dlt,mean_dlt,ideal_safety_stock,reorder_point,baseline_ss,optimized_safety_stock,funded_pct,holding_cost_current,holding_cost_optimized
Accessories,Canada,slow,0.95,5.111111111111111,3.982601048449507,2.4285714285714284,24.98999977,46,2.5908750426145626,1.7732426303854874,4.261610210822614,6.034852841208101,2.556966126493568,3.130181925882019,0.7345068579788773,0.24576378043450792,0.30085863695326853
Accessories,Caribbean,medium,0.95,6.666666666666667,3.0686587732536617,2.72,24.98999977,220,2.298948353242808,2.590476190476191,3.7814335370055474,6.3719097274817385,2.2688601222033284,2.770252066800964,0.7325930866405441,0.2180723612770129,0.26626384043153123
Accessories,Central Africa,slow,0.95,5.230769230769231,2.9482719841133536,2.8095238095238093,24.98999977,68,2.3227658018916157,2.0994243851386707,3.820609753800269,5.92003413893894,2.2923658522801613,2.8262315400502542,0.7397331112498652,0.22033162354321956,0.2716443289839331
Accessories,Central America,fast,0.99,22.805555555555557,9.371139416754719,2.892857142857143,24.98999977,821,7.6427552841966255,9.424744897959185,17.77970750720522,27.204452405164403,10.667824504323132,9.307380037344842,0.5234833044116743,1.025342045805521,0.8945824038175008
Accessories,East Africa,slow,0.95,4.714285714285714,3.291681156364455,3.15,24.98999977,66,2.4662796263513007,2.1214285714285714,4.0566689884804585,6.17809755990903,2.434001393088275,2.974637938895286,0.7332710525167896,0.23394497789790647,0.28590846695702493
Accessories,East of USA,medium,0.95,11.285714285714286,7.043740889206935,2.9358974358974357,24.98999977,237,5.163522726261598,4.73338566195709,8.493239084137743,13.226624746094833,5.095943450482646,6.2354254442465225,0.7341634189825188,0.48979856021343976,0.5993203092983568
Accessories,Eastern Asia,medium,0.95,9.047619047619047,4.488609923753573,2.5714285714285716,24.98999977,190,3.5674780130316432,3.3236151603498545,5.8679791488047295,9.191594309154585,3.5207874892828377,4.299816533629641,0.7327593409232694,0.3384018405669115,0.41327851610171895
Accessories,Eastern Europe,medium,0.95,9.11111111111111,6.406695843723731,3.1372549019607843,24.989999770000004,164,4.967704287929083,4.083411142234672,8.171146415622532,12.254557557857204,4.902687849373519,6.077121894364034,0.7437294089780472,0.4712237239547157,0.5841049028554586
Accessories,North Africa,medium,0.95,7.368421052631579,4.560829923450695,2.5365853658536586,24.98999977,140,2.960286965667214,2.670089858793325,4.869238752294885,7.5393286110882105,2.921543251376931,3.6034780963283257,0.7400495805694467,0.28080525069213297,0.3463496799940189
Accessories,Northern Europe,medium,0.95,8.238095238095237,5.8472622816559365,3.0689655172413794,24.98999977,173,4.323631127978061,3.6117757447806706,7.111740342454998,10.72351608723567,4.267044205472999,5.2804134993008125,0.742492448406517,0.4101285912051927,0.5075289697424316
Accessories,Oceania,medium,0.95,13.727272727272727,10.250118782967107,2.6826923076923075,24.98999977,302,6.954352091420849,5.260864135864135,11.43889126067114,16.699755396535274,6.863334756402684,8.405000757131699,0.7347740760531158,0.6596720537843695,0.8078498730291191
Accessories,South America,medium,0.99,12.857142857142858,8.447564414540745,3.026666666666667,24.98999977,450,6.184794592199787,5.559183673469389,14.387983750943263,19.94716742441265,8.632790250565957,7.534700025644737,0.5236800483007752,0.8297439476003905,0.7242005842610807
Accessories,South Asia,medium,0.95,7.588235294117647,5.747819861049946,2.768292682926829,24.98999977,258,3.943085494500072,3.0009223201475708,6.485798477008182,9.486720797155753,3.8914790862049093,4.747049303115105,0.7319144003538111,0.3740310056508481,0.45626446535778903
Accessories,South of  USA ,medium,0.95,7.444444444444445,4.133396583956279,2.911111111111111,24.98999977,134,3.1516210603982135,3.095943562610229,5.183955331972647,8.279898894582876,3.110373199183588,3.8024479682839902,0.7335032277056769,0.2989547135854309,0.3654737455878996
Accessories,Southeast Asia,medium,0.95,13.954545454545455,7.631246997439589,2.869158878504673,24.98999977,307,5.556305531516677,5.719686855200875,9.139309305965734,14.858996161166608,5.48358558357944,6.690613431900151,0.7320699199372558,0.527056932586252,0.643070877401322
Accessories,Southern Africa,slow,0.95,5.9,2.64365067451978,3.25,24.98999977,59,2.2433684080103644,2.7392857142857143,3.690012662504198,6.429298376789912,2.2140075975025186,2.7288498144301543,0.7395231572398567,0.21280018981679308,0.2622844470575927
Accessories,Southern Europe,medium,0.95,9.869565217391305,5.848887600732972,2.8714285714285714,24.98999977,227,4.36208542724207,4.048535936113576,7.174992036071281,11.223527972184858,4.304995221642768,5.327976918059451,0.7425760044434592,0.4137762676873227,0.5121005459879654
Accessories,US Center ,medium,0.95,11.238095238095237,5.830135177718969,3.0113636363636362,24.98999977,236,4.344711936386889,4.834570191713048,7.146415186625329,11.980985378338378,4.287849111975197,5.2330735951954095,0.7322655427282228,0.4121282627771342,0.502978876693563
Accessories,West Africa,medium,0.95,6.7894736842105265,3.6905125715726363,3.2045454545454546,24.98999977,129,2.8289078363646194,3.108168147641832,4.653139314955786,7.761307462597618,2.7918835889734717,3.4202790113595483,0.7350476269572099,0.26834296248582246,0.32874142964311903
Accessories,West Asia,medium,0.95,11.285714285714286,6.458659745975608,2.9390243902439024,24.98999977,237,4.846574860095196,4.738427078148333,7.971906236919407,12.71033331506774,4.783143742151644,5.842510599125963,0.7328875209379897,0.4597336962163328,0.5615551481860784
Accessories,West of USA ,medium,0.95,13.5,6.021785844905542,2.9894736842105263,24.989999770000004,297,4.898263052611058,5.765413533834586,8.056925747849688,13.822339281684274,4.834155448709812,5.9130876011364055,0.7339136273800896,0.4646367059669327,0.5683386838168795
Accessories,Western Europe,fast,0.99,25.181818181818183,10.697736136284089,3.0483870967741935,24.98999977,554,8.791508488142014,10.966275659824047,20.45210708100118,31.41838274082523,12.271264248600708,10.625042522100197,0.5195084535798389,1.1794572721159267,1.0212300391674007
As Seen on  TV!,Western Europe,slow,0.99,6.4,3.438345855527367,2.9047619047619047,99.98999786,64,2.638895889374037,2.65578231292517,6.138989842060404,8.794772154985575,3.683393905236242,3.1939824796944616,0.5202781828716104,1.4165482642388805,1.2283319281135643
Baseball & Softball,Caribbean,medium,0.95,4.166666666666667,3.031238327334466,2.9696969696969697,56.95969888121212,100,2.218735567650607,1.767676767676768,3.6494952456963348,5.4171720133731025,2.189697147417801,2.71400788627766,0.7436666452650273,0.47970957753064264,0.5945733537061944
Baseball & Softball,Central America,medium,0.99,6.904761904761905,5.253614429711637,2.7155963302752295,63.88908480954128,290,3.63854449663316,2.6786494414279476,8.464520254345553,11.143169695773501,5.0787121526073316,4.454277057934911,0.5262291215675401,1.247977967081453,1.094537248921529
Baseball & Softball,East of USA,medium,0.95,6.0,4.74692883171144,2.8275862068965516,49.6451740937931,96,3.197228701798298,2.4236453201970445,5.258973226346278,7.682618546543322,3.1553839358077664,3.908907747374141,0.7432834470028082,0.6024984031766718,0.7463784832114072
Baseball & Softball,Eastern Asia,slow,0.95,4.714285714285714,2.4314785444432596,2.782608695652174,45.8595668973913,66,1.8032999157877878,1.8740017746228925,2.966164406964827,4.84016618158772,1.7796986441788962,2.172784673243028,0.7325233450111968,0.3139084962689181,0.38324216952390444
Baseball & Softball,Eastern Europe,slow,0.95,3.8333333333333335,2.587850400809463,2.875,50.61500168,46,1.8466975097277167,1.5744047619047619,3.0375470967578866,4.611951858662648,1.822528258054732,2.2541876313229467,0.742107878336749,0.35479719555110667,0.43882965671710067
Baseball & Softball,North Africa,slow,0.95,4.454545454545454,2.1148823307047775,3.066666666666667,51.65666834666667,49,1.8244523904421734,1.9515151515151516,3.0009571316190926,4.952472283134244,1.8005742789714554,2.2172686211002053,0.7388538135844455,0.35773718600910365,0.4405258069063239
Baseball & Softball,Northern Europe,slow,0.95,4.0588235294117645,2.70348359148188,2.875,64.156668665,69,1.9804390191128194,1.667016806722689,3.257532303543937,4.924549110266626,1.954519382126362,2.390717797524097,0.7339045555812863,0.48229020153231356,0.5899249600279695
Baseball & Softball,Oceania,medium,0.95,6.9411764705882355,5.628838559544213,3.1578947368421053,44.85842273263158,118,4.035833913781,3.1313578062804073,6.638356050856434,9.769713857136841,3.98301363051386,4.92954644826008,0.7425854248393479,0.6871988814900938,0.8505064556007433
Baseball & Softball,South America,medium,0.99,4.243243243243243,3.7298004519560313,2.9836065573770494,64.49819890229509,157,2.5568055500957496,1.8085954807266282,5.948019155801069,7.756614636527697,3.5688114934806414,3.1215251934955233,0.5248007969932507,0.8853150521204277,0.7743567415715362
Baseball & Softball,South Asia,slow,0.95,5.333333333333333,3.1773004414499577,3.217391304347826,46.94652341913043,80,2.657198647216042,2.451345755693582,4.370702832403852,6.822048588097434,2.6224216994423113,3.250697622910454,0.7437471151802366,0.4735137758757857,0.5869575080095278
Baseball & Softball,South of  USA ,slow,0.95,3.7142857142857144,1.8575654633281298,3.0555555555555554,46.101112791111106,52,1.5221027345065588,1.6213151927437641,2.503636203445867,4.124951396189632,1.5021817220675202,1.8357145264979684,0.7332193566986258,0.26635480385300103,0.3254941632244768
Baseball & Softball,Southeast Asia,slow,0.95,5.133333333333334,4.257206774847743,3.142857142857143,49.27571596571429,77,3.1207647132697507,2.304761904761905,5.133201157483921,7.437963062245826,3.0799206944903523,3.810191238935665,0.7422641587658452,0.5837126820716619,0.7221150048647956
Baseball & Softball,Southern Europe,slow,0.95,2.95,2.1878853044122666,2.7666666666666666,90.82333641400001,59,1.4969362340933448,1.165952380952381,2.462240993963516,3.628193374915897,1.4773445963781096,1.806221516213324,0.7335681278321238,0.5160667895240543,0.630950247712492
Baseball & Softball,US Center ,slow,0.95,8.090909090909092,5.029006769821362,2.76,47.99000168,89,3.7407393722053683,3.19012987012987,6.152968723852173,9.343098593982043,3.691781234311304,4.533950163159726,0.7368719664677845,0.6814176447568921,0.8368625997964289
Baseball & Softball,West Africa,slow,0.95,4.777777777777778,3.527668414752788,2.9166666666666665,47.49000168,43,2.4125607540283753,1.9907407407407405,3.9683093065043518,5.959050047245093,2.380985583902611,2.9481523329760155,0.7429240276567596,0.434896189921503,0.5384913817151035
Baseball & Softball,West Asia,slow,0.95,4.384615384615385,2.364263857893951,2.6842105263157894,44.20052799578948,57,1.7904599484253012,1.6813186813186813,2.9450445400787024,4.6263632213973835,1.7670267240472215,2.15882017336839,0.7330348128828972,0.300398131482913,0.36700381350324857
Baseball & Softball,West of USA ,slow,0.95,4.8125,4.534589286804263,3.103448275862069,48.783105128275864,77,3.164484241414794,2.1336206896551726,5.205113381921902,7.338734071577075,3.123068029153141,3.869430463220935,0.7433902355825747,0.58597290764975,0.7260108964379233
Baseball & Softball,Western Europe,medium,0.99,5.71875,5.419405841733885,2.8026315789473686,86.96368719736843,183,3.639327191173189,2.289649906015038,8.466341074124772,10.75599098013981,5.079804644474863,4.4096693386862285,0.5208471168452292,1.6990713158686592,1.4749273269743681
Boxing & MMA,Caribbean,slow,0.95,4.3125,1.815443012967726,2.789473684210526,68.39842103473684,69,1.3180714357698289,1.7185150375939848,2.1680345817071376,3.8865496193011224,1.3008207490242825,1.601873766645689,0.7388598780487872,0.34220802031724856,0.42140629359819864
Boxing & MMA,Central America,medium,0.99,6.0588235294117645,3.9384751430931897,2.8805970149253732,66.69268673402985,206,2.8371284781598276,2.4932898532547347,6.6001478035478405,9.093437656802575,3.960088682128704,3.441839094143924,0.5214790935884496,1.0158036689084107,0.8828672942102993
Boxing & MMA,East of USA,slow,0.95,4.384615384615385,2.103111248383433,2.5789473684210527,54.97000122,57,1.598186922002581,1.6153846153846154,2.628783555202355,4.2441681705869705,1.577270133121413,1.9419123917497696,0.7387114043325212,0.33347131208443703,0.4105651020908383
Boxing & MMA,Eastern Asia,slow,0.95,4.6,3.470510689285432,2.823529411764706,54.97000122,46,2.475554755714245,1.8554621848739494,4.071925218653542,5.927387403527491,2.443155131192125,2.9883161946663015,0.7338828770667954,0.5165393867010784,0.6317990187175091
Boxing & MMA,Eastern Europe,slow,0.95,4.555555555555555,1.509230856356236,3.0,54.97000122,41,1.4413100476875647,1.952380952380952,2.37074405950049,4.323125011881443,1.422446435700294,1.7379836938050368,0.7330962981179949,0.3007380088685762,0.36744986834154997
Boxing & MMA,Northern Europe,medium,0.95,5.529411764705882,2.600904819933429,3.2413793103448274,80.84586097172415,94,2.1594311824577344,2.5604172703564183,3.551948212617711,6.112365482974129,2.1311689275706263,2.6260419492289686,0.7393243910202258,0.6626776416370511,0.8165562397433873
Boxing & MMA,Oceania,slow,0.95,4.625,2.1998376563477846,3.4545454545454546,54.97000122,37,1.9063975999002358,2.2824675324675323,3.1357450066074843,5.418212539075016,1.8814470039644906,2.3226272146775804,0.7406939052070424,0.3977813234742054,0.49105700317089157
Boxing & MMA,South America,medium,0.99,6.777777777777778,7.589121901895506,2.4878048780487805,75.22463356341463,122,4.722978301548261,2.4088269454123115,10.987290530947819,13.39611747636013,6.592374318568691,5.72903426527515,0.5214237531207737,1.9073420862584423,1.6575557818368059
Boxing & MMA,South Asia,slow,0.95,3.0833333333333335,1.8319554050414564,3.3846153846153846,54.97000122,37,1.4722285987309622,1.4908424908424909,2.4216005503243068,3.9124430411667976,1.452960330194584,1.7918964542555114,0.7399636798131451,0.3071893504746457,0.37884827029438134
Boxing & MMA,Southeast Asia,slow,0.95,2.5833333333333335,2.274696116900546,3.4,54.97000122,31,1.6565290087539846,1.2547619047619047,2.7247477481993188,3.9795096529612235,1.6348486489195913,2.022679804305711,0.742336535792138,0.345644739329328,0.42764119734751654
Boxing & MMA,Southern Europe,slow,0.95,4.944444444444445,3.351421510910087,2.5161290322580645,77.88548303161289,89,2.2256754340737657,1.7772657450076805,3.660910310153026,5.438176055160707,2.1965461860918154,2.714681036073971,0.7415316973336332,0.6579963873269543,0.8132086298899254
Boxing & MMA,US Center ,slow,0.95,2.75,1.2817398889233114,2.6666666666666665,54.97000122,22,0.8018721009070908,1.0476190476190474,1.3189622335282252,2.3665812811472726,0.7913773401169351,0.9753293912492271,0.7394672618034105,0.16731543596810877,0.20620714548796876
Boxing & MMA,West Africa,slow,0.95,3.0,0.7559289460184544,2.625,54.97000122,24,0.762648446573665,1.125,1.254445063435599,2.379445063435599,0.7526670380613594,0.9274064659648208,0.7392961979737044,0.1591311846172566,0.19607513294431572
Boxing & MMA,West Asia,slow,0.95,3.4545454545454546,1.8635254955935732,2.2142857142857144,54.97000122000001,38,1.18248381206697,1.0927643784786643,1.9450127870897587,3.037777165568423,1.1670076722538552,1.43124745751084,0.7358550375662856,0.2467323583367069,0.30259874802112613
Boxing & MMA,West of USA ,slow,0.95,3.5,1.1677484162422844,2.4285714285714284,54.97000122000001,42,1.1003343550387537,1.2142857142857142,1.809888954744803,3.024174669030517,1.0859333728468816,1.3367440978918839,0.738577963243257,0.2295913801162762,0.28261855650747947
Boxing & MMA,Western Europe,medium,0.99,7.88,5.939416357409764,2.75,81.16029301529412,197,4.060371017499111,3.0957142857142856,9.4458354843761,12.541549770090386,5.66750129062566,4.934185895561766,0.5223662749285825,1.7691387131220624,1.5402306656758629
Camping & Hiking,Canada,slow,0.95,3.857142857142857,2.53546276418555,2.8641975308641974,299.980011,81,1.85132308075493,1.5782312925170068,3.0451554840387196,4.623386776555726,1.8270932904232318,2.253635187693919,0.7400722884287585,2.1080440975353354,2.6001750322861885
Camping & Hiking,Caribbean,fast,0.95,15.022727272727273,5.0875526915213705,2.94553706505295,299.980011,661,4.515298925803454,6.321428571428571,7.427005814877898,13.748434386306469,4.456203488926739,5.4702110071689,0.7365297865003533,5.141430660101852,6.311361377318645
Camping & Hiking,Central Africa,medium,0.95,6.0476190476190474,2.765432886117298,3.0866141732283463,299.980011,127,2.250346693434935,2.6666666666666665,3.701490920594706,6.368157587261372,2.2208945523568233,2.727396381778068,0.7368372475542548,2.5623998932532306,3.1467861407967117
Camping & Hiking,Central America,fast,0.99,52.79545454545455,12.535678468766836,2.978476108480413,299.980011,2323,13.847960421549871,22.464285714285715,32.21517328647425,54.67945900075996,19.329103971884546,16.799874318127006,0.5214894909530269,22.3013262388695,19.383178779809068
Camping & Hiking,Central Asia,slow,0.95,2.4375,1.7876893839068724,2.6923076923076925,299.980011,39,1.2071079366825508,0.9375,1.9855158677742017,2.9230158677742017,1.191309520664521,1.4620643722576074,0.7363649900701158,1.3744963196667221,1.6868849479713277
Camping & Hiking,East Africa,medium,0.95,6.5,3.7129118338191502,3.034965034965035,299.980011,143,2.8117481347788966,2.8181818181818183,4.624914117565105,7.443095935746923,2.7749484705390626,3.412602296281009,0.7378736576578105,3.201650279679774,3.9373556706807786
Camping & Hiking,East of USA,fast,0.95,25.818181818181817,7.865756789408752,2.9577464788732395,299.980011,568,7.300135564903601,10.909090909090908,12.007654461169123,22.91674537026003,7.204592676701473,8.82948168918061,0.7353211001976926,8.312437655413182,10.187184670171916
Camping & Hiking,Eastern Asia,medium,0.95,17.72,8.93737470774649,2.9232505643340856,299.98001099999993,443,7.092480334161539,7.399999999999999,11.666092001727597,19.066092001727597,6.999655201036558,8.605692793471711,0.7376671461357686,8.075987093089052,9.92898391864717
Camping & Hiking,Eastern Europe,medium,0.95,14.454545454545455,4.5953109924011795,2.89937106918239,299.980011,318,4.086773269311326,5.987012987012987,6.722143834555061,12.709156821568047,4.033286300733036,4.9437460304489935,0.7354418697552639,4.6534818033078675,5.7039422638280595
Camping & Hiking,North Africa,medium,0.95,10.590909090909092,3.698894183647078,3.07725321888412,299.980011,233,3.324432514630545,4.6558441558441555,5.468204879245455,10.12404903508961,3.280922927547273,4.0322904292097945,0.7374066111740496,3.785428061137628,4.652332797344419
Camping & Hiking,Northern Europe,fast,0.95,16.80851063829787,9.023250879213778,3.039240506329114,299.980011,790,6.9124609542531,7.297872340425532,11.369986471763646,18.667858812189177,6.821991883058187,8.447964661256924,0.7430056915403283,7.871004615852715,9.747002046197935
Camping & Hiking,Oceania,fast,0.95,29.125,21.676098838803195,2.964234620886981,299.980011,699,15.399898351727245,12.333333333333332,25.33057865852256,37.66391199185589,15.198347195113534,18.721036160638434,0.7390686337258102,17.535385995276837,21.599756282306597
Camping & Hiking,South America,fast,0.99,27.636363636363637,11.910696597852233,2.8914473684210527,299.980011,1216,9.815833001330322,11.415584415584416,22.83504223458472,34.25062665016914,13.701025340750832,11.94771126806051,0.5232182688922359,15.807822047806589,13.784902144683139
Camping & Hiking,South Asia,fast,0.95,12.25,8.17291328890176,2.9517625231910944,299.980011,539,5.875086545715412,5.165584415584416,9.663657413373791,14.829241828958207,5.798194448024274,7.142898542434017,0.7391506379922751,6.689778593455618,8.241256858966308
Camping & Hiking,South of  USA ,medium,0.95,14.818181818181818,6.215467370361993,2.8435582822085887,299.980011,326,5.028149233933626,6.019480519480519,8.270569504288991,14.29005002376951,4.9623417025733945,6.103437367836174,0.7379706276177264,5.725397378937406,7.041958495158872
Camping & Hiking,Southeast Asia,fast,0.95,27.818181818181817,9.084976419165685,3.065359477124183,299.980011,612,8.6352547151778,12.181818181818183,14.203730037910006,26.38554821972819,8.522238022746004,10.445494895551773,0.7354050568176502,9.832696368492172,12.051691052569481
Camping & Hiking,Southern Africa,slow,0.95,4.7894736842105265,2.225582255111908,2.78021978021978,299.980011,91,1.6784372242554904,1.9022556390977443,2.760783555927005,4.66303919502475,1.6564701335562029,2.0404489707969455,0.7390832817793322,1.911184341866774,2.354207325786948
Camping & Hiking,Southern Europe,fast,0.95,15.666666666666666,8.591750800516843,2.8638297872340424,299.980011,705,6.334089635414415,6.409523809523809,10.418650310247129,16.82817411977094,6.2511901861482775,7.6531591401610415,0.7345633947070741,7.212431156937893,8.829979857885615
Camping & Hiking,US Center ,fast,0.95,21.136363636363637,5.91443314955199,2.89247311827957,299.980011,465,5.797583700842267,8.733766233766234,9.536176577885142,18.269942811651376,5.721705946731085,7.091928070709007,0.7436867399409879,6.601528510919832,8.182448694855756
Camping & Hiking,West Africa,medium,0.95,13.181818181818182,5.142135591518221,2.986206896551724,299.980011,290,4.330401834021894,5.623376623376624,7.12287716284822,12.746253786224845,4.273726297708932,5.277458608336942,0.7409166952735499,4.930894083837364,6.088969582234464
Camping & Hiking,West Asia,fast,0.95,21.181818181818183,5.315174715010058,2.851931330472103,299.980011,466,5.621829301359026,8.62987012987013,9.247086316442454,17.876956446312583,5.548251789865472,6.825468390175902,0.7381209774195988,6.401402434440823,7.8750157029427665
Camping & Hiking,West of USA ,fast,0.95,27.90909090909091,8.895740505106875,3.006514657980456,299.980011,614,8.4378834611636,11.987012987012987,13.87908321488879,25.866096201901776,8.327449928933275,10.305818059697282,0.7425431420889322,9.60795585108982,11.89053621119996
Camping & Hiking,Western Europe,fast,0.99,44.0,21.77675992261642,2.915656565656566,299.980011,1980,16.908257160218675,18.32698412698413,39.33448809841054,57.66147222539467,23.600692859046323,20.537116837394148,0.5221147606144652,27.229754244093606,23.695094364576082
Cardio Equipment,Canada,medium,0.95,12.4,5.743646375275076,3.0921052631578947,98.14815581105263,248,4.775503308584598,5.477443609022557,7.855003937644132,13.332447546666689,4.713002362586479,5.80575521320895,0.7391155064080347,1.77912496238845,2.1916314125648584
Cardio Equipment,Caribbean,fast,0.95,42.86363636363637,18.280235748684536,2.941732283464567,98.11624988579528,1886,15.08822760753262,18.013334696799266,24.817925904519363,42.83126060131863,14.890755542711616,18.30861858620955,0.7377175134073366,5.6193272762191695,6.909126908724048
Cardio Equipment,Central Africa,medium,0.95,16.80952380952381,10.777843233314574,2.9478260869565216,97.55556315182608,353,7.841884798935122,7.078793256433008,12.89875265366405,19.97754591009706,7.73925159219843,9.51093380133108,0.7373529872773691,2.903873259425325,3.5686327041868906
Cardio Equipment,Central America,fast,0.99,140.3181818181818,36.085668563670865,2.9715686274509805,98.24024791350001,6174,37.78040887852953,59.566443850267376,87.89037387496087,147.45681772522823,52.73422432497652,46.193084873064535,0.5255761562555431,19.92547412004545,17.453923499304643
Cardio Equipment,Central Asia,medium,0.95,5.666666666666667,3.4978985287808246,2.6578947368421053,96.30631376210526,102,2.335167567056335,2.1516290726817044,3.841008842212058,5.992637914893763,2.3046053053272346,2.8455565660661186,0.7408357238842874,0.8536463139717579,1.0540194749207017
Cardio Equipment,East Africa,fast,0.95,23.272727272727273,12.383482924874139,2.97972972972973,98.09837629621622,512,9.388185871922076,9.906633906633909,15.442191581925595,25.348825488559505,9.265314949155357,11.413471209226921,0.7391095459912495,3.495816739943076,4.306319205879895
Cardio Equipment,East of USA,fast,0.95,68.72727272727273,21.08527316846392,3.0242424242424244,97.8690888339394,1512,20.047824797789414,29.692561983471077,32.97573733113158,62.66829931460266,19.78544239867895,24.451150505293914,0.7414891215248183,7.447627768211928,9.203891618825509
Cardio Equipment,Eastern Asia,fast,0.95,51.96,26.09833966621887,2.912442396313364,98.21605782207374,1299,20.230758121756306,21.618643844634626,33.276635872548816,54.89527971718344,19.96598152352929,24.57099378023642,0.7383857513224762,7.542230753036188,9.281792868713518
Cardio Equipment,Eastern Europe,fast,0.95,39.54545454545455,15.807554772284924,2.944055944055944,97.05335459314685,870,13.142561610162002,16.632004359277087,21.61759013190815,38.249594491185235,12.970554079144888,15.933984521441083,0.7370842181859156,4.841676093510909,5.9478717301582105
Cardio Equipment,North Africa,fast,0.95,31.681818181818183,12.210012923187902,3.0211864406779663,97.91402334720338,697,10.418170052197082,13.673811358133394,17.13636479655358,30.81017615468697,10.281818877932148,12.732287128320127,0.7429981375560359,3.8720548217906336,4.794882535175516
Cardio Equipment,Northern Europe,fast,0.95,45.86666666666667,25.52147046205321,2.9710982658959537,99.18086493676302,2064,19.208534591556205,19.467767685108726,31.59522779134404,51.06299547645277,18.957136674806424,23.304774764936045,0.7376042647592722,7.23148158512205,8.889952762856943
Cardio Equipment,Oceania,fast,0.95,82.58333333333333,46.3483189195322,2.8900602409638556,98.51430513403615,1982,34.396400313402914,34.09582974756167,56.577043809575535,90.67287355713721,33.94622628574532,41.42949199783824,0.7322668207494148,12.862264978703667,15.69768313931979
Cardio Equipment,South America,fast,0.99,74.68181818181819,31.502508373566673,2.9206642066420665,98.0530052992989,3286,25.72150628666209,31.16007332151244,59.837171467104476,90.99724478861691,35.90230288026268,31.56006980086817,0.5274325143897943,13.539725748367044,11.902152659349117
Cardio Equipment,South Asia,fast,0.95,31.727272727272727,21.17739430615364,2.9106382978723406,98.35193408029787,1396,15.324849221534066,13.192373583862945,25.207133824524753,38.3995074083877,15.12428029471485,18.60171579124709,0.737954418806193,5.721162379068242,7.036595097235269
Cardio Equipment,South of  USA ,fast,0.95,38.04545454545455,15.06960761244544,2.904109589041096,98.07246367205481,837,12.56942973462256,15.7840241949831,20.674872087705598,36.4588962826887,12.404923252623359,15.402688405418214,0.7449955840151238,4.67915917325974,5.809921534970607
Cardio Equipment,Southeast Asia,fast,0.95,73.95454545454545,25.3893064717586,2.9113207547169813,97.87709226422642,1627,23.123353000835788,30.75791472678265,38.034531050703954,68.7924457774866,22.820718630422373,28.305637412018893,0.7442089235774869,8.590867626637698,10.655667248361203
Cardio Equipment,Southern Africa,medium,0.95,12.272727272727273,5.791470067359888,2.977777777777778,97.65699793133334,270,4.571982200503368,5.220779220779221,7.520241504855537,12.741020725634758,4.512144902913322,5.54069345169445,0.7367706805847967,1.6947789440372405,2.0811057267318347
Cardio Equipment,Southern Europe,fast,0.95,36.666666666666664,24.00138884870346,2.861685214626391,98.7660074363752,1870,17.085473993768474,14.989779695662046,28.10310386683513,43.09288356249718,16.86186232010108,20.82544821690178,0.7410373002064795,6.40530315114707,7.9109475902168
Cardio Equipment,US Center ,fast,0.95,51.59090909090909,15.38910898410546,2.8058510638297873,98.50084896936171,1135,14.773091933196795,20.679486736667588,24.299573847606286,44.979060584273874,14.579744308563772,17.90295351207657,0.7367599787697579,5.523527662114427,6.782523538455993
Cardio Equipment,West Africa,fast,0.95,35.86363636363637,13.35342101537478,2.913207547169811,98.40531866316982,789,11.256600337628806,14.925459446214164,18.515459892491908,33.440919338706074,11.109275935495145,13.657950096393881,0.7376511399499309,4.204660917498015,5.169288198158888
Cardio Equipment,West Asia,fast,0.95,56.95454545454545,14.717910283626649,2.978922716627635,97.69524383180328,1253,15.449328724658766,24.237598467106665,25.411884386720534,49.649482853827195,15.24713063203232,18.770719442348618,0.7386590918128692,5.729123633968287,7.053115433917765
Cardio Equipment,West of USA ,fast,0.95,77.77272727272727,19.51539518817514,3.037433155080214,97.49481077051693,1711,21.45322190496389,33.74706576845614,35.28740986017463,69.03447562863076,21.172445916104774,25.960759497175637,0.735694674107406,7.93924464669092,9.734766671677074
Cardio Equipment,Western Europe,fast,0.99,121.57446808510639,68.00215619370847,2.935924369747899,98.37258194306723,5714,51.06906962639152,50.990491941457435,118.80442155459959,169.794913496057,71.28265293275975,62.80688451271818,0.5286578032270767,26.970225449027424,23.76336689736973
Cleats,Canada,medium,0.95,21.4,10.864718370172229,3.1241379310344826,59.990001680000006,428,8.67939856055596,9.550935960591133,14.276340202087857,23.82727616267899,8.565804121252715,10.512865966026293,0.7363838222690174,1.9763946293250054,2.4256417190905086
Cleats,Caribbean,fast,0.95,84.72093023255815,26.968522728575316,2.987489574645538,59.990001680000006,3643,25.15309467105919,36.157556546291346,41.37315899874545,77.5307155450368,24.82389539924727,30.418832041382892,0.735231071968792,5.7276366411730315,7.018560712562299
Cleats,Central Africa,fast,0.95,34.4,15.184479610860281,2.858921161825726,59.99000168,688,12.127129454748154,14.049555423829283,19.94735286815253,33.99690829198181,11.968411720891519,14.747538294723793,0.7393230767110638,2.7614809201662074,3.4027109502936335
Cleats,Central America,fast,0.99,276.45454545454544,56.6090035346316,2.9479553903345725,59.99000167999999,12164,69.08371635019154,116.4250953507459,160.71275666210855,277.13785201285447,96.42765399726512,84.53539281840762,0.5260030042054442,22.248827404978435,19.504916758445127
Cleats,Central Asia,medium,0.95,13.263157894736842,8.278768730669219,2.9753086419753085,59.990001680000006,252,6.259692843205229,5.637426900584795,10.296278476748293,15.933705377333087,6.177767086048976,7.578055898549701,0.7359995085275661,1.4254009918104877,1.7484907157120406
Cleats,East Africa,fast,0.95,37.86363636363637,15.119509486076828,3.060931899641577,59.990001680000006,833,12.558548719355384,16.55685891169762,20.65697441027847,37.21383332197609,12.394184646167082,15.277901878547848,0.7396001745030913,2.859719837483821,3.52508215138831
Cleats,East of USA,fast,0.95,128.8181818181818,33.675816338443916,2.9158576051779934,59.99000168,2834,34.95674575423731,53.659353591392424,57.498730040277714,111.15808363167014,34.49923802416663,42.63133969030462,0.7414309787440779,7.960035950109524,9.83636207554625
Cleats,Eastern Asia,fast,0.95,83.37931034482759,52.62292669353446,2.878228782287823,59.99000168,2418,37.956756866764295,34.28353298311308,62.433309199612445,96.71684218272553,37.459985519767464,45.99974384466153,0.7367820869079782,8.643171516398562,10.613556578926213
Cleats,Eastern Europe,fast,0.95,79.04545454545455,23.574557053309405,2.9169611307420493,59.99000167999999,1739,23.31195127005997,32.93893121013262,38.344747597874125,71.28367880800675,23.006848558724474,28.387349510591722,0.740319112497315,5.308388014189949,6.549835172427478
Cleats,North Africa,fast,0.95,66.72727272727273,27.309830461334613,2.8464730290456433,59.99000168,1468,22.09146788324353,27.133911731422106,36.33723107243508,63.47114280385719,21.80233864346105,26.79523531720029,0.7374044341404644,5.030470507112144,6.182485429595541
Cleats,Northern Europe,fast,0.95,77.70588235294117,51.54814996395004,2.941448382126348,60.91450086536209,3963,37.25611522321339,32.652548846965594,61.2808562510245,93.93340509799009,36.7685137506147,45.38428535765245,0.740594830655515,8.614367933384221,10.632927268048311
Cleats,Oceania,fast,0.95,154.08333333333334,114.34384326562416,2.9199029126213594,59.99000168,3698,80.71743722034576,64.2726248266297,132.76836937011348,197.04099419674316,79.66102162206808,98.62092599801176,0.7428043777738194,18.380249311301462,22.75488275501493
Cleats,South America,fast,0.99,138.04545454545453,44.256627171823574,2.9657869012707723,59.99000168,6074,41.38857256789395,58.48762869583983,96.28421780290516,154.771846498745,57.7705306817431,50.13436444497487,0.52069140290053,13.329439356354847,11.567540797229903
Cleats,South Asia,fast,0.95,64.77272727272727,45.440921848434364,2.9460317460317462,59.99000168,2850,32.689848902566006,27.260358688930115,53.770016531881296,81.03037522081141,32.26200991912878,39.59714124559302,0.7364167578805765,7.443838574033508,9.136279114793549
Cleats,South of  USA ,fast,0.95,78.68181818181819,28.68446794519119,2.868600682593857,59.99000168,1731,25.37517771331241,32.243816763441345,41.73845309628008,73.98226985972143,25.043071857768048,30.64168270977412,0.7341355617346788,5.778207395461023,7.069979220143756
Cleats,Southeast Asia,fast,0.95,147.82608695652175,54.44985363859872,2.8849868305531166,59.99000168,3400,47.1486565081677,60.925187725966445,77.55263866334877,138.47782638931523,46.531583198009265,56.9390589507739,0.7341988606982522,10.73626828546783,13.137593238902097
Cleats,Southern Africa,medium,0.95,19.5,11.048593963551587,3.026315789473684,59.99000168,429,8.244702878236088,8.430451127819548,13.561329432403872,21.991780560223418,8.136797659442323,10.014117683228305,0.7384318575213027,1.8774096356144807,2.310565140925322
Cleats,Southern Europe,fast,0.95,70.46153846153847,48.80511928245809,2.9128697042366105,61.52477378884093,3664,34.564430744766725,29.320754385502585,56.85342927404252,86.17418365954511,34.11205756442551,41.87869284890816,0.736608035498549,8.072063942781538,9.909911938851634
Cleats,US Center ,fast,0.95,118.5,30.03608940369346,2.832744405182568,59.99000168,2607,30.87058736935832,47.95431600201918,50.77759760061134,98.73191360263053,30.4665585603668,37.4585904813095,0.7376991478789166,7.029572689308549,8.642849638093034
Cleats,West Africa,fast,0.95,70.77272727272727,29.20523732904575,3.0826771653543306,59.99000168,1557,24.29105826982625,31.167067184783715,39.955235297613264,71.12230248239698,23.973141178567957,29.460910500079724,0.7373479415309457,5.531341459912188,6.797538732285048
Cleats,West Asia,fast,0.95,121.4090909090909,23.0974315020381,2.958477508650519,59.99000168,2671,29.25165056209843,51.31229497146452,48.11468352138467,99.42697849284919,28.8688101128308,35.77527924900919,0.7435418178134496,6.660922950647388,8.25445793173281
Cleats,West of USA ,fast,0.95,165.72727272727272,46.943919752526014,3.0139802631578947,59.99000168,3646,47.25526620007725,71.35696129528365,77.72799600175438,149.08495729703804,46.63679760105263,57.451410562272045,0.7391340767485544,10.760544486296027,13.25580852365027
Cleats,Western Europe,fast,0.99,207.11320754716982,140.66731898311846,2.8710027100271,61.485936567794035,10977,100.85921456230908,84.94608287861854,234.63361937445674,319.5797022530753,140.78017162467404,123.13793206555462,0.5248094130493559,33.292310394299484,29.12019646181547
Electronics,Canada,slow,0.95,4.846153846153846,3.5319058558176457,2.9545454545454546,39.21727345227273,63,2.4555514833587577,2.0454545454545454,4.03902276356872,6.084477309023265,2.423413658141232,3.00029762265743,0.7428276091235707,0.3655372158434511,0.45255189348446234
Electronics,Caribbean,medium,0.95,12.428571428571429,6.638947977812512,2.9865771812080535,39.31214826704698,435,5.122482358374839,5.302698260512258,8.425733686167785,13.728431946680043,5.055440211700671,6.228742786872524,0.7392522739115314,0.7643854429137237,0.9417894613647387
Electronics,Central Africa,medium,0.95,6.866666666666666,4.4539976692961165,3.1818181818181817,38.20212173454546,103,3.238807959929945,3.121212121212121,5.327365019890069,8.44857714110219,3.196419011934041,3.9052568866479604,0.7330559989915139,0.46965380080199903,0.5738042268784515
Electronics,Central America,fast,0.99,40.5,12.60725414762696,2.9129554655870447,39.951539171072874,1458,11.680675799081012,16.85352805089647,27.17331531255241,44.02684336344888,16.303989187531446,14.221081226254684,0.523347300934068,2.505267164116966,2.1852080140989347
Electronics,Central Asia,slow,0.95,4.25,1.5811388300841898,2.8333333333333335,40.990000725,34,1.2828965937975054,1.7202380952380953,2.1101771153115165,3.830415210549612,1.2661062691869098,1.5606290935230993,0.7395725610893615,0.19960652650730187,0.24603918336526132
Electronics,East Africa,medium,0.95,6.0,3.4978985287808246,3.2051282051282053,41.63102643948718,108,2.7129600362020088,2.7472527472527473,4.4624221553212715,7.209674902574019,2.677453293192763,3.265246679181096,0.7317207035841312,0.4287120339976921,0.5228291185862921
Electronics,East of USA,medium,0.95,19.727272727272727,10.525170819479406,2.8642857142857143,39.368572030785714,434,7.75483872246553,8.072077922077922,12.75557459907115,20.82765252114907,7.653344759442689,9.449530932059268,0.740815778910295,1.1588509786098302,1.4308251505996654
Electronics,Eastern Asia,medium,0.95,16.73913043478261,8.718931290350316,3.15702479338843,38.452810476611575,385,6.817592994107539,7.549407114624507,11.213942563436731,18.76334967806124,6.728365538062039,8.314533748153435,0.7414460793889857,0.9950944802017856,1.2296815016120575
Electronics,Eastern Europe,medium,0.95,15.05,9.599753286303496,2.86734693877551,38.84714344571428,301,6.947780408792402,6.164795918367347,11.428081804664565,17.59287772303191,6.856849082798739,8.445178802586682,0.7389848048812215,1.0244961534811425,1.26181181680304
Electronics,North Africa,medium,0.95,11.904761904761905,5.503678423606905,2.9746835443037973,39.43303861506329,250,4.360870653556004,5.0589856195642815,7.172993911167831,12.231979530732112,4.3037963467006985,5.27962078208814,0.736041442035543,0.6527375674262191,0.800736500665278
Electronics,Northern Europe,medium,0.95,14.083333333333334,8.890232386392269,2.8620689655172415,39.13655236681035,338,6.61415488114731,5.758210180623974,10.879316645473937,16.63752682609791,6.527589987284362,8.04247778682124,0.7392447567161405,0.9825667975631589,1.210595588703225
Electronics,Oceania,fast,0.95,23.541666666666668,14.071182907126078,2.935,38.72000058175,565,10.319511188728695,9.870684523809524,16.974085407146692,26.844769930956218,10.184451244288015,12.555357047659724,0.7396779706536337,1.5166998388601403,1.8697824314979365
Electronics,South America,fast,0.99,21.555555555555557,9.640522939119151,2.8333333333333335,40.35434180286821,776,7.67751571696655,8.724867724867726,17.860572366080273,26.585440090947998,10.716343419648164,9.355232183639574,0.52379240664238,1.6632730201284598,1.4520162968607098
Electronics,South Asia,fast,0.95,12.195121951219512,7.510724040314363,3.0764331210191083,39.00910885318471,500,5.55556589952904,5.359639583656984,9.13809271960826,14.497732303265243,5.482855631764956,6.747920744456704,0.7384386382923438,0.8226204314069847,1.012424518666057
Electronics,South of  USA ,medium,0.95,13.095238095238095,5.5579201317108,2.9479166666666665,38.771250565833334,275,4.733125959515344,5.514810090702948,7.785299401326981,13.300109492029929,4.671179640796188,5.729099882028598,0.7358869051397163,0.6965672165051092,0.8543244886262191
Electronics,Southeast Asia,fast,0.95,26.272727272727273,9.789118439718656,2.8009708737864076,39.28611710932039,578,8.308383316829982,10.512734837977556,13.666074432790898,24.178809270768454,8.199644659674538,10.058381449615379,0.7360110248983363,1.238970001364567,1.5198259675377135
Electronics,Southern Africa,slow,0.95,4.764705882352941,3.1529631254723287,3.076923076923077,41.1438469523077,81,2.3588953199363845,2.094376212023271,3.8800375225962154,5.974413734619486,2.328022513557729,2.84415970420402,0.733023762693133,0.3683992384590226,0.4500756599141959
Electronics,Southern Europe,medium,0.95,13.4,8.587782018658833,2.843137254901961,39.176275141176475,335,6.204032422896534,5.442577030812325,10.204725232525893,15.647302263338219,6.122835139515536,7.561867082059203,0.7410162360821816,0.9225764387297088,1.1394068668759874
Electronics,US Center ,medium,0.95,15.545454545454545,8.33653618104279,2.819672131147541,40.408033496229514,342,6.159438371181617,6.26186927826272,10.131374544822151,16.393243823084873,6.0788247268932905,7.507970132340789,0.7410613534348005,0.9447436660846628,1.1668550330627592
Electronics,West Africa,medium,0.95,10.285714285714286,5.5420470689345205,3.0555555555555554,39.7955562275,216,4.346322507465768,4.489795918367347,7.149064340305886,11.638860258673233,4.289438604183531,5.26845438504134,0.7369432046286382,0.6565407506045956,0.8063887411997369
Electronics,West Asia,medium,0.95,16.636363636363637,9.052994529806696,2.9491525423728815,39.64254303313559,366,6.848178891484914,7.009024873431653,11.264251887671474,18.273276761103126,6.758551132602884,8.384337542697798,0.7443315034418139,1.030485208137912,1.2783710070797376
Electronics,West of USA ,fast,0.95,23.40909090909091,8.318991988554126,2.739884393063584,38.880173975317916,515,6.97056291384884,9.162600405374974,11.465555690737688,20.62815609611266,6.879333414442613,8.499981991357211,0.7413493266814639,1.0287295384144102,1.27107991773476
Electronics,Western Europe,fast,0.99,37.61538461538461,19.865702953737976,2.984520123839009,39.113839618978325,978,15.331561983370536,16.037696050079948,35.66654662573942,51.70424267581937,21.399927975443653,18.477384560004406,0.5180592546257299,3.2193590411122717,2.7796979086853804
Fishing,Canada,slow,0.95,3.45,2.139232523470435,2.869565217391304,399.980011,69,1.5968258419386503,1.4142857142857144,2.626544777722627,4.040830492008341,1.5759268666335762,1.9374767341959451,0.7376522763399657,2.424381713274205,2.9805844825228394
Fishing,Caribbean,fast,0.95,19.232558139534884,6.4284976001666845,3.010882708585248,399.98001099999993,827,5.9236213310875225,8.272425249169435,9.743490031126418,18.015915280295854,5.846094018675851,7.239262889225306,0.7429845841786523,8.993541345757695,11.136770961785498
Fishing,Central Africa,medium,0.95,8.0,4.39317652729776,2.9464285714285716,399.980011,168,3.302555006339502,3.3673469387755106,5.432219580384272,8.799566519159782,3.2593317482305633,4.01721808015234,0.7395168808452628,5.014105955807346,6.180026661110507
Fishing,Central America,fast,0.99,64.13636363636364,14.656677038748645,2.9560595322466336,399.98001099999993,2822,16.56027147967988,27.084415584415584,38.52495235029246,65.60936793470805,23.114971410175475,20.115860846055806,0.5221514789466858,35.55971738041027,30.94593170184565
Fishing,Central Asia,slow,0.95,3.5555555555555554,2.2809240187005284,3.03125,399.980011,64,1.7312498097856968,1.5396825396825398,2.8476525287850496,4.387335068467589,1.7085915172710298,2.1026517195480596,0.7383807182560843,2.6284709764329737,3.234687145823084
Fishing,East Africa,medium,0.95,9.0,5.080307452263476,3.090909090909091,399.980011,198,3.844769396218449,3.974025974025974,6.324082886161937,10.298108860187911,3.794449731697162,4.706968319485377,0.7442926356618357,5.837323251627608,7.241127846940048
Fishing,East of USA,fast,0.95,32.09090909090909,9.461244712782326,2.9475920679886687,399.980011,706,9.11162883351647,13.512987012987015,14.987295734245176,28.50028274723219,8.992377440547106,11.102632564230683,0.7408029281000812,13.833735490716089,17.08011959680749
Fishing,Eastern Asia,fast,0.95,24.03846153846154,12.395098286760842,3.0688,399.980011,625,9.813899112260431,10.53846153846154,16.142427549337402,26.680889087798942,9.68545652960244,11.930095689940867,0.7390521440147682,14.899957727886177,18.353076174206155
Fishing,Eastern Europe,medium,0.95,17.227272727272727,5.060884716386465,3.0026385224274406,399.980011,379,4.839501254379212,7.3896103896103895,7.960271190901846,15.349881580512236,4.776162714541107,5.851690240254504,0.7351119201746124,7.347575442692085,9.002150487175342
Fishing,North Africa,medium,0.95,14.5,5.325142519890228,2.8557993730407523,399.980011,319,4.66949949320311,5.915584415584416,7.680643177443198,13.596227593027614,4.6083859064659185,5.6742543583612655,0.7387733328148389,7.089470175232628,8.72918584874668
Fishing,Northern Europe,fast,0.95,19.97826086956522,11.249669882435132,2.941240478781284,399.98001100000005,919,8.483426615277683,8.3944099378882,13.953995037116147,22.34840497500435,8.372397022269688,10.308665386621898,0.7387608609005479,12.879967127168454,15.858692672062874
Fishing,Oceania,fast,0.95,37.333333333333336,23.538436035864677,2.989955357142857,399.980011,896,17.30854134954463,15.946428571428573,28.470017016038014,44.41644558746658,17.08201020962281,21.017461849015806,0.7382314466891973,26.27870242902709,32.33294085215932
Fishing,South America,fast,0.99,32.61363636363637,15.333829311462466,2.970731707317073,399.980011,1435,12.332976226780861,13.840909090909092,28.690793025767885,42.531702116676975,17.21447581546073,14.90024071122535,0.5193387543468418,26.482485484720065,22.9223017060714
Fishing,South Asia,fast,0.95,15.090909090909092,10.197624396906395,2.9322289156626504,399.980011,664,7.3899967375052675,6.321428571428572,12.155462936845085,18.476891508273656,7.293277762107051,8.953940355879189,0.7366186217999492,11.219866613513977,13.774604469376547
Fishing,South of  USA ,medium,0.95,17.454545454545453,6.68136906933696,3.0052083333333335,399.98001099999993,384,5.83325679983368,7.4935064935064934,9.594853604145765,17.08836009765226,5.756912162487459,7.0843649770050225,0.738350502184212,8.856345346452953,10.898478390117244
Fishing,Southeast Asia,fast,0.95,36.130434782608695,13.612508778947289,2.9759326113116726,399.980011,831,11.624398273183727,15.360248447204969,19.120433660774683,34.48068210797965,11.47226019646481,14.191381867488492,0.7422102510468642,17.6487490752956,21.831804136397107
Fishing,Southern Africa,medium,0.95,5.9523809523809526,3.556349117791875,3.0,399.980011,125,2.65238736568073,2.5510204081632653,4.36278897852021,6.913809386683475,2.617673387112126,3.212875624340998,0.7364270057890252,4.026988577582752,4.9426385675597855
Fishing,Southern Europe,fast,0.95,16.87037037037037,12.18574220422313,2.8814489571899013,399.98001099999993,911,8.578013664050136,6.944444444444445,14.109576887352153,21.054021331796598,8.465746132411292,10.358561908234078,0.7341511365602684,13.023573966019521,15.935452715383258
Fishing,US Center ,fast,0.95,27.045454545454547,8.780266145913437,2.9058823529411764,399.980011,595,7.908180310908853,11.227272727272727,13.007799066984647,24.235071794257372,7.804679440190788,9.567825385476485,0.7355452937277277,12.006599108996097,14.718995780496016
Fishing,West Africa,medium,0.95,17.045454545454547,6.252445409043856,2.970666666666667,399.980011,375,5.4524261421160185,7.233766233766235,8.968442915544557,16.202209149310793,5.381065749326734,6.5689589732492175,0.73245256006074,8.27814899079781,10.10558570145681
Fishing,West Asia,fast,0.95,26.954545454545453,7.26031137156811,2.833052276559865,399.980011,593,7.243331428644991,10.909090909090908,11.914219971618301,22.823310880709208,7.14853198297098,8.816464777463901,0.7399951317388985,10.997191927625325,13.563114148735092
Fishing,West of USA ,fast,0.95,37.0,10.184021097498068,2.901719901719902,399.980011,814,10.237281770321326,15.337662337662339,16.83883005003722,32.17649238769956,10.103298030022332,12.505054588759332,0.7426320327243692,15.54275868147927,19.237584122952146
Fishing,Western Europe,fast,0.99,52.12,32.76860119824764,2.9056024558710667,399.980011,2606,23.839984841375163,21.63428571428571,55.46009805289898,77.0943837671847,33.276058831739384,28.98486570810769,0.5226255763280716,51.191378375214484,44.58987271062476
Fitness Accessories,Caribbean,slow,0.95,3.2857142857142856,1.5898026693500449,2.8823529411764706,34.99000168,46,1.3460538652444485,1.352941176470588,2.2140615823193794,3.5670027587899673,1.3284369493916277,1.637255837260412,0.7394807128830064,0.1787769657345659,0.2203368634474293
Fitness Accessories,Central America,medium,0.99,5.041666666666667,3.7472211926528525,3.0714285714285716,34.99000168,121,2.735507270747375,2.2121598639455784,6.363741523726418,8.575901387671996,3.8182449142358506,3.328929671867276,0.523108875408559,0.5138476767837072,0.4479971338893763
Fitness Accessories,Eastern Asia,slow,0.95,3.3333333333333335,2.2696949467968492,3.25,34.99000168,40,1.7285710310503244,1.5476190476190477,2.8432463298663717,4.39086537748542,1.705947797919823,2.0958233741329693,0.7371233903013495,0.22958121659694963,0.2820494745457533
Fitness Accessories,Northern Europe,slow,0.95,4.090909090909091,2.2115399817568506,3.25,140.9274995275,45,1.8367563504841955,1.8993506493506493,3.0211953449200784,4.920545994270728,1.812717206952047,2.2390624911321844,0.7411180792718373,0.9825450127931759,1.213636454465669
Fitness Accessories,Oceania,slow,0.95,4.333333333333333,3.278719262151,2.6315789473684212,34.99000168,39,2.2109887331112437,1.6290726817042607,3.6367528368068696,5.2658255185111305,2.1820517020841215,2.66867187643161,0.7338062266488116,0.2936538181606549,0.35914166707581074
Fitness Accessories,South America,slow,0.99,4.5625,2.756053942384534,2.576923076923077,34.99000168,73,1.9020551430844104,1.6796016483516485,4.424841938422865,6.104443586774514,2.6549051630537193,2.3176313864174443,0.5237772147954988,0.3572889850595781,0.3118997157860273
Fitness Accessories,South Asia,slow,0.95,3.6,1.429840705968481,2.6,34.99000168,36,1.056908719551601,1.3371428571428572,1.7384601407110871,3.0756029978539443,1.0430760844266522,1.2850915527730231,0.7392125494734545,0.14037397671713994,0.17294367534800725
Fitness Accessories,Southeast Asia,slow,0.95,3.0833333333333335,2.391588796113782,3.125,34.99000168,37,1.7188395254446365,1.3764880952380953,2.8272394275751576,4.203727522813253,1.6963436565450944,2.089040579841024,0.7388976538264869,0.2282887207398854,0.2811366669162523
Fitness Accessories,US Center ,slow,0.95,3.5,2.2360679774997894,3.0,34.99000168,42,1.6793019219470167,1.5,2.7622058570611285,4.2622058570611285,1.6573235142366771,2.0237747905420607,0.7326661716282334,0.22303750979786474,0.2723533973884937
Fitness Accessories,West Africa,slow,0.95,4.666666666666667,1.5,2.4166666666666665,34.99000168,42,1.3048799332550258,1.6111111111111112,2.1463364909507243,3.7574476020618355,1.2878018945704346,1.586901243241152,0.739353428473012,0.17330842482510264,0.21356029679616154
Fitness Accessories,West Asia,slow,0.95,5.0,2.449489742783178,3.25,34.99000168,50,1.8242275413031621,2.3214285714285716,3.0005872876972726,5.322015859125845,1.8003523726183635,2.215757895420688,0.7384414059559378,0.24228589439426354,0.29818989416631975
Fitness Accessories,West of USA ,slow,0.95,3.642857142857143,1.5984195491000024,3.4444444444444446,34.99000168,51,1.4502761719828026,1.7925170068027212,2.38549202156721,4.178009028369932,1.431295212940326,1.7638229960243994,0.7393958898532014,0.19261931502060758,0.23736988305429374
Fitness Accessories,Western Europe,medium,0.99,5.555555555555555,2.914915440650687,2.7837837837837838,111.34135148,100,2.089591156452643,2.2093522093522093,4.861115944428147,7.070468153780356,2.9166695666568883,2.5299040206277126,0.5204368810679182,1.249022812969861,1.0833958952745204
Girls' Apparel,Caribbean,medium,0.95,5.67741935483871,2.959584393955719,2.967741935483871,44.67451661677419,176,2.1868247528611433,2.4070165006689463,3.5970066262509084,6.004023126919854,2.158203975750545,2.6348692514755516,0.7325172081269768,0.37083353606559943,0.4527365775310458
Girls' Apparel,Central Africa,slow,0.95,5.545454545454546,4.107642544419764,3.2777777777777777,43.60888926222222,61,3.1011890382170697,2.5966810966810967,5.101002037373495,7.697683134054591,3.0606012224240966,3.7952188686549184,0.7440143800862068,0.5133439222481323,0.6365587668041102
Girls' Apparel,Central America,fast,0.99,16.457142857142856,8.01595048543053,2.7593582887700534,42.40390416556149,576,6.30796971102292,6.48730765033286,14.674531926752186,21.161839577085047,8.804719156051311,7.689003093099747,0.5239692231056736,1.435978720376474,1.2540144241865676
Girls' Apparel,East of USA,medium,0.95,7.454545454545454,5.28904773792277,3.0166666666666666,38.16500028,164,3.791889850348815,3.212554112554112,6.237103773346724,9.449657885900836,3.7422622640080343,4.61783979893191,0.7403820694254788,0.549320924437308,0.677845604689352
Girls' Apparel,Eastern Asia,medium,0.95,7.85,4.648429276308516,3.0384615384615383,41.05557727846154,157,3.4513079570931455,3.407417582417582,5.676896410951136,9.084313993368719,3.4061378465706817,4.168451200544228,0.73428347089494,0.5378498291575969,0.6582237322901512
Girls' Apparel,Eastern Europe,slow,0.95,5.6875,4.126641087696708,2.78125,44.840625525,91,2.9265757315697143,2.259765625,4.813788706620603,7.073554331620603,2.8882732239723614,3.580212906801535,0.7437411828810684,0.49812299250011194,0.6174576394371515
Girls' Apparel,North Africa,slow,0.95,3.8333333333333335,2.79067711996189,3.411764705882353,42.056470983529415,46,2.1592491723397385,1.8683473389355743,3.5516488326149833,5.419996171550558,2.13098929956899,2.634532495624335,0.7417773039471922,0.3446995755520574,0.4261505363745776
Girls' Apparel,Northern Europe,medium,0.95,8.526315789473685,5.13558847707329,3.1454545454545455,41.906909457454546,162,3.8766441042679456,3.8313055365686948,6.376512115305172,10.207817651873867,3.825907269183103,4.6797354651379095,0.7339020738164069,0.6166613443164365,0.7542817323937435
Girls' Apparel,Oceania,medium,0.95,9.25,7.853091915390966,2.9827586206896552,42.0674140537931,185,5.4812379629878345,3.9415024630541877,9.01583414360464,12.957336606658828,5.409500486162783,6.680665111783202,0.7409924589753146,0.8752449875984804,1.0809165592773613
Girls' Apparel,South America,medium,0.99,9.121212121212121,5.342971877602247,2.8762886597938144,42.11051594886598,301,3.939409327040357,3.747891283973758,9.164436512936994,12.912327796910752,5.498661907762196,4.751500027772275,0.5184715962694282,0.8905826537086223,0.7695696834636214
Girls' Apparel,South Asia,medium,0.95,6.1,4.325944186353805,3.125,43.65875033,183,3.1895074324998984,2.7232142857142856,5.246272868536136,7.969487154250421,3.1477637211216813,3.848688344909767,0.7336043018257387,0.528567039993397,0.6462650905707555
Girls' Apparel,South of  USA ,medium,0.95,5.7894736842105265,3.8955665308772773,2.8529411764705883,41.32058872941177,110,2.7699320033080213,2.359575409111013,4.556132702050156,6.915708111161169,2.733679621230093,3.3892323434610656,0.7438835883634356,0.43445096671854927,0.5386349068175967
Girls' Apparel,Southeast Asia,medium,0.95,10.55,6.492708460873223,3.056338028169014,39.434648218591555,211,4.909134380288351,4.606338028169014,8.074807490609462,12.681145518778475,4.844884494365677,5.944379705865552,0.7361636438736806,0.7348319834423819,0.9015943176097799
Girls' Apparel,Southern Africa,slow,0.95,5.375,2.9246489410818914,2.3333333333333335,42.915000279999994,43,1.984086421843682,1.791666666666667,3.263531747154749,5.055198413821416,1.9581190482928494,2.4150665756356573,0.7400162654281482,0.323202613483696,0.3986253183447033
Girls' Apparel,Southern Europe,medium,0.95,6.444444444444445,4.579008654876938,3.051282051282051,41.535128765128206,116,3.337855824306167,2.809116809116809,5.490284258851095,8.299401067967905,3.294170555310657,4.025546383898013,0.7332127434764926,0.5262453776504694,0.6430830284815392
Girls' Apparel,US Center ,medium,0.95,7.842105263157895,4.336705840134842,2.795918367346939,42.650000514285715,149,3.2472966883224395,3.132269449133037,5.3413277355746684,8.473597184707705,3.204796641344801,3.9692213562141596,0.7431151115813557,0.525709916928988,0.6511049726301837
Girls' Apparel,West Africa,slow,0.95,4.5625,1.8962682651284688,2.5925925925925926,45.36925944592593,73,1.532864882475372,1.6898148148148147,2.5213383615661575,4.211153176380972,1.5128030169396944,1.8456802483928052,0.7320240220540413,0.26397981756198646,0.32206594632136226
Girls' Apparel,West Asia,medium,0.95,7.526315789473684,3.7023779303552042,3.1020408163265305,38.97673517387755,143,2.986036007391679,3.335276967930029,4.911592156965897,8.246869124895927,2.946955294179538,3.599285592544849,0.7328144270774068,0.4417796002711241,0.5395707744452828
Girls' Apparel,West of USA ,medium,0.95,10.727272727272727,8.177680531450154,2.8783783783783785,38.78108153513514,236,5.621803531120167,4.4110214110214105,9.247043928171601,13.658065339193012,5.548226356902961,6.842334124189631,0.7399482664231867,0.8275623797016904,1.0205889136955213
Girls' Apparel,Western Europe,medium,0.99,16.304347826086957,11.990279330314719,2.9153846153846152,42.650692837538465,375,8.539631197544482,6.790492116579073,19.866152881500444,26.656644998079518,11.919691728900267,10.383454203354896,0.5226706079073855,1.955319656336435,1.7033135223843743
Golf Apparel,Caribbean,slow,0.95,3.6470588235294117,2.6443613706949223,2.88,40.79000000400001,62,1.9569781385558906,1.5005042016806722,3.2189425890683974,4.719446790749069,1.9313655534410383,2.359090379721806,0.7328774324007302,0.3030015420484055,0.37010498691649557
Golf Apparel,Central America,medium,0.99,4.108108108108108,2.7057940278818937,2.8666666666666667,60.52333379893333,152,1.90844559641942,1.6823680823680822,4.439708355952922,6.122076438321004,2.663825013571753,2.3240648164758633,0.523472406325896,0.6200906556859667,0.5410005794535593
Golf Apparel,East of USA,slow,0.95,5.076923076923077,2.6913917855989946,3.590909090909091,19.98999977,66,2.3405955482272542,2.6043956043956045,3.8499370767280685,6.454332681123673,2.309962246036841,2.8468583993885312,0.7394558255502659,0.1776005567960967,0.21887961057307428
Golf Apparel,Eastern Asia,slow,0.95,3.3333333333333335,1.5000000000000002,3.6666666666666665,19.98999977,30,1.2585651034811056,1.7460317460317463,2.0701553752154513,3.8161871212471974,1.2420932251292707,1.529812045643174,0.7389841670623196,0.0954978587871257,0.11761900938673185
Golf Apparel,North Africa,slow,0.95,3.875,2.6423744732991303,3.3,19.98999977,31,2.128606716443407,1.8267857142857142,3.5012464778952017,5.328032192180916,2.1007478867371208,2.588477098756958,0.739301593046668,0.1615151914334732,0.19901406388000714
Golf Apparel,Northern Europe,slow,0.95,2.8125,1.4705441169852742,3.2333333333333334,104.32333490066667,45,1.153292021414549,1.299107142857143,1.8969965643579159,3.196103707215059,1.1381979386147494,1.3883641911196172,0.7318749106904906,0.4566946335898267,0.5570722402856347
Golf Apparel,Oceania,slow,0.95,3.4166666666666665,2.0652243256245835,2.8125,19.98999977,41,1.5012264077551534,1.3727678571428572,2.4692977016713935,3.8420655588142507,1.481578621002836,1.8251586626723157,0.7391407935288323,0.11391060112724466,0.14032662018089653
Golf Apparel,South America,slow,0.99,2.652173913043478,1.4015801359431275,3.411764705882353,75.57823608588235,61,1.1358830806704725,1.2926561929119473,2.6424591898767145,3.935115382788662,1.5854755139260286,1.3805294354243158,0.5224411565987989,0.4608747796149502,0.40129992151541855
Golf Apparel,South Asia,slow,0.95,3.1666666666666665,1.5275252316519465,2.7857142857142856,19.98999977,38,1.1110444524122796,1.260204081632653,1.8275054972546503,3.0877095788873032,1.09650329835279,1.3500268222924734,0.7387265451844255,0.08430423339183275,0.10379629179661684
Golf Apparel,Southeast Asia,slow,0.95,4.083333333333333,1.781640374554423,3.3333333333333335,19.98999977,49,1.5098342846483408,1.9444444444444444,2.483456399199505,4.4279008436439495,1.4900738395197028,1.8356788466113927,0.7391629050556672,0.11456375272800723,0.14113546046752157
Golf Apparel,Southern Europe,slow,0.95,2.238095238095238,2.896631870030465,2.6296296296296298,69.6196296251852,47,1.8307043900608995,0.8407659360040314,3.0112407558676533,3.8520066918716847,1.8067444535205919,2.20812202938368,0.7332930869379907,0.48378799877485096,0.5912639917419388
Golf Apparel,US Center ,slow,0.95,4.5,2.32992949004287,3.0,19.98999977,36,1.609197820416095,1.9285714285714284,2.6468948713938176,4.575466299965246,1.5881369228362905,1.9565249441161803,0.7391774283373415,0.12210329508548445,0.15042666608800656
Golf Apparel,West Africa,slow,0.95,3.4545454545454546,1.916436086262016,2.5833333333333335,19.98999977,38,1.4230847016348716,1.274891774891775,2.340766032943272,3.615657807835047,1.4044596197659631,1.7301913533062212,0.7391560407815231,0.10798133644652266,0.13302509521018213
Golf Apparel,West Asia,slow,0.95,3.1818181818181817,1.7786613965666325,2.5,19.98999977,35,1.3132634975195239,1.1363636363636362,2.1601262270379644,3.2964898634016007,1.2960757362227786,1.5968337425021792,0.7392316812392069,0.09964828334229203,0.12277194671287232
Golf Apparel,West of USA ,slow,0.95,5.6,2.836272984824353,3.066666666666667,19.98999977,56,2.3695779098606295,2.4533333333333336,3.897608819378345,6.350942152711679,2.338565291627007,2.8821899172031578,0.739476445884802,0.17979969092982254,0.22159606069995172
Golf Apparel,Western Europe,medium,0.99,6.142857142857143,3.77824460234277,3.125,78.62636461056819,172,2.8265463376774793,2.7423469387755106,6.575530063533928,9.317877002309439,3.9453180381203565,3.432074697656127,0.5219464688770058,1.1931000560380876,1.0378906021100625
Golf Bags & Carts,Southern Europe,slow,0.95,1.25,0.4629100498862757,3.0,169.9900055,10,0.4565130830670002,0.5357142857142857,0.750897200433554,1.2866114861478397,0.4505383202601324,0.5562224569101482,0.7407438149842558,0.2945654289960795,0.36366253272838306
Golf Bags & Carts,Western Europe,slow,0.99,2.2,1.3165611772087666,2.590909090909091,169.9900055,22,0.9231203876583128,0.8142857142857144,2.147499151312673,2.9617848655983874,1.2884994907876037,1.1257813523229019,0.5242290091871564,0.8424309058681999,0.7360445318198752
Golf Balls,Canada,slow,0.95,4.375,4.172614801981401,3.3333333333333335,16.90666643666667,35,2.945926347726226,2.0833333333333335,4.8456176377893865,6.92895097112272,2.907370582673632,3.5835335521052927,0.7395411317967986,0.18905363326553964,0.23302156319249015
Golf Balls,Caribbean,medium,0.95,6.866666666666666,5.538164350018524,3.1142857142857143,17.74714262714286,206,4.014994954221829,3.0549659863945577,6.604079012643636,9.659044999038194,3.9624474075861813,4.880780216533704,0.7390553939753532,0.270469689596094,0.333153471671388
Golf Balls,Central Africa,slow,0.95,4.3,2.406010991015812,2.9375,18.36499977,43,1.7826022088286086,1.8044642857142856,2.9321197086034427,4.736583994317728,1.7592718251620656,2.1673131891564292,0.7391625869834326,0.12426548717103392,0.15308733161682997
Golf Balls,Central America,fast,0.99,19.47222222222222,8.590646445361743,2.974468085106383,17.526169982765957,701,7.125448612065324,8.2742147922999,16.576272230265428,24.850487022565325,9.945763338159257,8.682523399806545,0.5237922784565366,0.6704274572036188,0.5852745422475095
Golf Balls,East Africa,slow,0.95,4.416666666666667,2.353269807709857,3.0588235294117645,18.931176240588236,53,1.8408750024164946,1.929971988795518,3.027969924489071,4.957941913284589,1.8167819546934427,2.2375104788711275,0.7389473920381415,0.13228392067316136,0.162918096983355
Golf Balls,East of USA,medium,0.95,7.666666666666667,5.062937223917884,3.0714285714285716,17.507856912857143,161,3.7508065706984715,3.363945578231293,6.169527791806794,9.533473370038086,3.701716675084076,4.527732694162408,0.7338864248533398,0.24926586876657425,0.3048880621117716
Golf Balls,Eastern Asia,medium,0.95,10.571428571428571,5.563914346675626,2.972972972972973,17.63864841864865,222,4.273148825891809,4.489795918367347,7.028704344771567,11.518500263138915,4.21722260686294,5.204287134404689,0.7404333543032002,0.28610041102166284,0.3530638116671569
Golf Balls,Eastern Europe,medium,0.95,7.052631578947368,4.075314360206207,2.723404255319149,17.98999977,134,2.9449898904286673,2.743880979043353,4.844077302607012,7.587958281650365,2.906446381564207,3.582444274054063,0.7395514254337031,0.2011037297532978,0.24787758333180931
Golf Balls,North Africa,medium,0.95,5.842105263157895,3.131615803999534,3.0,17.684444214444444,111,2.298639099980641,2.5037593984962405,3.7809248606556256,6.284684259151867,2.2685549163933754,2.79504443982273,0.7392488723878157,0.15430051102447048,0.1901107979728392
Golf Balls,Northern Europe,slow,0.95,4.333333333333333,2.9888682361946524,3.2,17.504285484285717,91,2.1883928015310565,1.980952380952381,3.5995858367928517,5.580538217745232,2.1597515020757108,2.6621396729632387,0.7395683263758878,0.14540348795172361,0.17922635705612133
Golf Balls,Oceania,medium,0.95,12.409090909090908,7.8658943784095126,3.0526315789473686,17.568947138421052,273,5.783781787955326,5.411483253588517,9.513474451414188,14.924957705002704,5.708084670848513,6.972354950731176,0.732892592116514,0.3857116840144964,0.4711420598450167
Golf Balls,South America,medium,0.99,12.272727272727273,8.790167544168055,3.0078125,17.62281227,405,6.3377150143238055,5.2734375,14.7437298498489,20.0171673498489,8.84623790990934,7.729638611833488,0.5242661586011564,0.5995984230080365,0.5239152698895576
Golf Balls,South Asia,medium,0.95,6.935483870967742,5.182891624508258,2.779220779220779,18.288701068701297,215,3.6378667249364045,2.7536058411634445,5.983758276877719,8.737364118041164,3.5902549661266314,4.381012064322119,0.732150575208078,0.25254269167657795,0.3081654616260047
Golf Balls,South of  USA ,medium,0.95,5.578947368421052,5.080636327968774,2.861111111111111,17.12888865888889,106,3.5144316378655676,2.280284043441938,5.7807256262161815,8.06100966965812,3.4684353757297086,4.241137313325841,0.7336686754499901,0.22850170527471397,0.27940757241160574
Golf Balls,Southeast Asia,medium,0.95,9.545454545454545,5.762995853904565,2.9565217391304346,17.16391281347826,210,4.338351176545399,4.031620553359684,7.135952667729886,11.167573221089569,4.281571600637932,5.28049433079972,0.7399844949475497,0.2826481602231309,0.34859209348427933
Golf Balls,Southern Europe,medium,0.95,8.56,5.493025881363871,3.0303030303030303,17.671817951818184,214,4.066396723114179,3.705627705627706,6.688627398637939,10.394255104265644,4.013176439182764,4.938092006181032,0.7382818195533836,0.27276970554524516,0.3356348575483071
Golf Balls,US Center ,medium,0.95,10.7,5.786554287856961,2.63768115942029,17.26536208884058,214,4.198325822002248,4.0318840579710145,6.905631455444419,10.937515513415434,4.143378873266651,5.11146476308086,0.7401878881113714,0.27514206353154247,0.33942803822669526
Golf Balls,West Africa,medium,0.95,8.0625,5.755794182097434,2.951219512195122,17.77048757487805,129,4.118093433721449,3.3991724738675955,6.773660920581768,10.172833394449363,4.064196552349061,5.01218888610679,0.7399527293840845,0.2777798243668507,0.3425732320134714
Golf Balls,West Asia,medium,0.95,8.428571428571429,5.491551953422899,2.671875,17.52124977,177,3.7656354475032305,3.217155612244898,6.1939191236027185,9.411074735847617,3.716351474161631,4.543561663947578,0.7335519843379544,0.25044277850728325,0.30618799522854745
Golf Balls,West of USA ,medium,0.95,10.368421052631579,4.205955120960299,3.08955223880597,17.18402962074627,197,3.694241019828239,4.576254068005835,6.076485740297384,10.65273980830322,3.6458914441784303,4.456664707927927,0.7334279875574623,0.240965794503029,0.29455176288756935
Golf Balls,Western Europe,medium,0.99,20.681818181818183,9.857974116402096,2.980392156862745,17.493267743856208,455,7.7588460822108525,8.805704099821748,18.049775088361322,26.855479188183068,10.829865053016793,9.405083508922575,0.5210637508157687,0.7286528038548241,0.6327909383650355
Golf Gloves,Caribbean,medium,0.95,5.966666666666667,4.491243076010927,2.9482758620689653,43.17965546960345,179,3.19877577705103,2.513054187192118,5.261517938686901,7.774572125879019,3.1569107632121405,3.9027377713745683,0.741751300072268,0.5242858427068582,0.6481495090621611
Golf Gloves,Central America,medium,0.99,10.523809523809524,6.474106380516815,2.88125,63.14625115501875,442,4.701162200048568,4.331675170068028,10.936538689604149,15.268213859672176,6.561923213762489,5.720348870406523,0.5230492967435909,1.5936955819853613,1.3893022556346852
Golf Gloves,East of USA,medium,0.95,7.214285714285714,5.1317798895865385,2.8333333333333335,23.990000343366667,101,3.443953088531899,2.9200680272108843,5.664798728722419,8.584866755933303,3.398879237233451,4.1533261578440674,0.7331815933345202,0.31361197718573974,0.38322421520304983
Golf Gloves,Eastern Asia,medium,0.95,6.863636363636363,4.03904107602941,2.8979591836734695,23.459388071204085,151,2.914088957849787,2.841505433342168,4.793249791578458,7.634755224920626,2.8759498749470747,3.5089144210146737,0.7320533194785073,0.25949240072967034,0.31660378888933705
Golf Gloves,Eastern Europe,slow,0.95,4.916666666666667,1.7816403745544227,3.0,28.903044161956522,59,1.6514566716725034,2.107142857142857,2.7164044961537237,4.823547353296581,1.6298426976922342,2.008671623384368,0.7394596888013308,0.18118236718631153,0.2232950947597973
Golf Gloves,North Africa,slow,0.95,3.3076923076923075,1.6012815380508714,2.8666666666666667,22.990000279733334,43,1.195231175266745,1.3545787545787544,1.9659803336829764,3.3205590882617306,1.1795882002097857,1.4532137704917452,0.7391802174182291,0.10430281943381967,0.1284976345773752
Golf Gloves,Northern Europe,medium,0.95,4.7,2.601723566646038,2.696969696969697,125.52030279707577,141,1.9693485473074532,1.810822510822511,3.2392901007702775,5.050112611592788,1.9435740604621663,2.3952773659077455,0.7394451535347722,0.9383000176067431,1.1563690009681626
Golf Gloves,Oceania,medium,0.95,8.722222222222221,5.665224730037641,2.7450980392156863,27.048824123627448,157,3.9283584755095116,3.4204793028322436,6.461574686407376,9.882053989239619,3.8769448118444254,4.744526175899801,0.734267791701058,0.403333839817653,0.4935917464686939
Golf Gloves,South America,medium,0.99,8.125,5.238846516220228,3.1140350877192984,55.95491315677193,325,3.8802532038166615,3.6145050125313283,9.026818791439052,12.64132380397038,5.4160912748634304,4.729583533381772,0.5239479868441874,1.165603526669744,1.0178593687618294
Golf Gloves,South Asia,medium,0.95,5.481481481481482,4.734248135987953,2.9056603773584904,25.839056986679246,148,3.2133621103388053,2.275331935709294,5.2855103218992205,7.560842257608515,3.1713061931395323,3.911056470483577,0.7399581558433572,0.3151675440259277,0.3886846577651759
Golf Gloves,South of  USA ,slow,0.95,5.266666666666667,2.2509257354845507,2.8181818181818183,31.12636444831818,79,1.9769601340534606,2.1203463203463206,3.251810046836303,5.372156367182624,1.9510860281017819,2.4047318835864835,0.7395056442260688,0.23357774915660628,0.28788677311155203
Golf Gloves,Southeast Asia,medium,0.95,5.473684210526316,2.220320823980964,3.2941176470588234,25.872353329382353,104,1.9919585637833508,2.5758513931888545,3.27648026837609,5.8523316615649446,1.965888161025654,2.4235909039504677,0.739693422646999,0.19562366580040552,0.24116923151109104
Golf Gloves,Southern Europe,medium,0.95,4.961538461538462,3.3163928504418076,3.0392156862745097,103.81352914245097,129,2.3677513091155364,2.154169360051713,3.8946043285177865,6.048773688569499,2.336762597110672,2.886545839094244,0.7411653651072712,0.9330291229774546,1.1525481176455035
Golf Gloves,US Center ,medium,0.95,6.111111111111111,3.848435723295878,2.8857142857142857,25.418571962942856,110,2.776787338431385,2.5192743764172336,4.567408724891789,7.086683101309022,2.740445234935073,3.350275750156619,0.7335178329668742,0.26791617082577307,0.32753548173484
Golf Gloves,West Africa,slow,0.95,5.4,3.5617010382279823,2.9285714285714284,22.847143241535715,81,2.576661342409861,2.2591836734693875,4.238230754488509,6.497414427957896,2.542938452693105,3.1095684800589276,0.733694944940346,0.22345722724264835,0.27324906339719546
Golf Gloves,West Asia,medium,0.95,6.235294117647059,4.616944495073364,3.2051282051282053,25.759231372179485,106,3.3758411468466876,2.8549881491057962,5.552764554402792,8.407752703508589,3.331658732641675,4.116200993731807,0.7412885875861723,0.33008064672022763,0.40780836066127985
Golf Gloves,West of USA ,medium,0.95,8.473684210526315,4.325228588084252,3.0,23.67421083282456,161,3.372310629433028,3.6315789473684204,5.546957370029919,9.17853631739834,3.328174422017951,4.068377800357609,0.7334431344900828,0.3030457805971808,0.37044474535865035
Golf Gloves,Western Europe,medium,0.99,10.257142857142858,5.932675505660342,2.8766233766233764,114.40558465474027,359,4.43970576625658,4.215133845746091,10.328300070697857,14.543433916443949,6.196980042418714,5.3829501299353595,0.5211845214690444,2.7268043263333466,2.368613679932942
Golf Shoes,Caribbean,slow,0.95,3.4705882352941178,2.294494689981422,2.9130434782608696,72.21739130434783,59,1.6393268185516816,1.4442820606503473,2.6964526632535515,4.140734723903899,1.6178715979521308,1.9835523647592828,0.7356154965338497,0.44937871642115207,0.5509499126864831
Golf Shoes,Central America,medium,0.99,7.638888888888889,4.343486274396756,2.9722222222222223,79.8425925925926,275,3.2080633526346967,3.2434964726631392,7.4630713601900585,10.706567832853198,4.477842816114035,3.89907685730673,0.5224493602064973,1.3750868448486941,1.1973554038659522
Golf Shoes,East of USA,slow,0.95,5.153846153846154,2.9395621512438956,3.235294117647059,65.0,67,2.2114660233505608,2.382029734970912,3.637537909388119,6.0195676443590305,2.1825227456328715,2.706963016519135,0.7441745169260604,0.5456306864082179,0.6767407541297837
Golf Shoes,Eastern Asia,slow,0.95,4.25,0.7071067811865475,2.6363636363636362,65.0,34,0.9724521917843172,1.6006493506493504,1.5995415146933427,3.200190865342693,0.9597249088160056,1.1729058716624274,0.733276292542674,0.2399312272040014,0.29322646791560686
Golf Shoes,Northern Europe,slow,0.95,5.166666666666667,3.761257611960315,3.3142857142857145,87.85714285714286,93,2.850709042569863,2.446258503401361,4.688999108054397,7.135257611455758,2.813399464832638,3.4842162147101243,0.7430618207466086,0.9506816872923476,1.1773587758498498
Golf Shoes,South America,medium,0.99,5.923076923076923,6.852287658428107,3.0,82.14285714285714,154,4.6899404044682775,2.5384615384615383,10.910432889313018,13.448894427774556,6.546259733587811,5.729232987801264,0.5251150935920389,2.0681864542928525,1.8100598725196304
Golf Shoes,South Asia,slow,0.95,5.583333333333333,3.36987545853858,2.6315789473684212,65.0,67,2.382335836393799,2.098997493734336,3.9185937411088094,6.017591234843145,2.3511562446652854,2.912335240695015,0.7432092819785237,0.5877890611663213,0.7280838101737538
Golf Shoes,South of  USA ,slow,0.95,4.0,2.5634797778466227,3.3636363636363638,65.0,32,1.9566735620873064,1.922077922077922,3.2184416053593625,5.140519527437284,1.9310649632156174,2.3797953115292514,0.7394247289018406,0.4827662408039044,0.5949488278823128
Golf Shoes,Southern Europe,medium,0.95,5.5,3.069373328804912,2.8529411764705883,77.70588235294117,110,2.350648221433746,2.241596638655462,3.8664722527123248,6.108068891367787,2.3198833516273947,2.868800879081822,0.7419685676185473,0.6933407030542508,0.8573950138613319
Golf Shoes,US Center ,slow,0.95,4.333333333333333,2.1213203435596424,1.9285714285714286,65.0,39,1.4945370773178597,1.1938775510204083,2.458294732239734,3.6521722832601426,1.4749768393438405,1.825098829677103,0.7424247409155325,0.3687442098359601,0.4562747074192758
Golf Shoes,West Asia,slow,0.95,3.5454545454545454,2.769968821616459,3.3076923076923075,65.0,39,2.111319705901511,1.6753246753246753,3.472811875906216,5.148136551230891,2.0836871255437295,2.567597464712469,0.7393425144984178,0.5209217813859325,0.6418993661781173
Golf Shoes,West of USA ,slow,0.95,3.8181818181818183,1.9400093720485896,2.4375,65.0,42,1.4771728237947426,1.3295454545454546,2.4297330768529304,3.759278531398385,1.457839846111758,1.8035509502002196,0.7422835731965413,0.3644599615279395,0.45088773755005496
Golf Shoes,Western Europe,medium,0.99,9.586206896551724,7.326650186522148,2.7079646017699117,90.23893805309734,278,5.010101381201939,3.7084441344435244,11.65523869688821,15.363682831331735,6.993143218132926,6.102366931836101,0.5235728834507138,2.427130067913596,2.117965813612414
Hockey,Caribbean,slow,0.95,3.8181818181818183,2.4424102778542274,3.5517241379310347,23.137931034482758,84,1.886862045771678,1.93730407523511,3.1036118795446193,5.040915954779729,1.8621671277267715,2.2947001009869465,0.7393643889917185,0.16571805606162648,0.20421004877483304
Hockey,Central Africa,slow,0.95,3.75,2.659215781283755,3.6,23.2,30,2.074412874890195,1.9285714285714288,3.412105541057968,5.340676969629397,2.047263324634781,2.5232237651325176,0.7394917111356875,0.18267888127510354,0.22514919750413234
Hockey,Central America,medium,0.99,7.666666666666667,4.320493798938574,2.6818181818181817,23.53409090909091,253,3.0487290372233544,2.937229437229437,7.09240431427113,10.029633751500567,4.255442588562678,3.729159167867216,0.5257961902092229,0.3851845105294278,0.3375475802732956
Hockey,East of USA,slow,0.95,5.0,2.951996902824546,2.923076923076923,23.615384615384617,75,2.275388765582025,2.0879120879120876,3.7426814637922265,5.830593551704315,2.245608878275336,2.7675870394455755,0.7394663602072488,0.20396506675459417,0.2513755092040804
Hockey,Eastern Asia,slow,0.95,3.8333333333333335,2.0816659994661326,2.8125,23.5,46,1.4631883873895684,1.5401785714285716,2.4067307259110073,3.946909297339579,1.4440384355466043,1.7787864033303977,0.7390882512031266,0.13051885859748155,0.16077492491640133
Hockey,Eastern Europe,slow,0.95,4.111111111111111,2.088327347690278,2.8461538461538463,23.153846153846153,37,1.6504389548814016,1.6715506715506714,2.7147305009986704,4.386281172549342,1.6288383005992022,2.0061088671681024,0.7389716461468693,0.14505335162140826,0.17865052337798784
Hockey,Northern Europe,slow,0.95,3.125,1.9958289839896939,3.227272727272727,79.36181640000001,50,1.5616277050945415,1.4407467532467533,2.5686489946726607,4.009395747919414,1.5411893968035963,1.8841480754012723,0.7335171443466846,0.4704291921028992,0.5751131293477275
Hockey,Oceania,slow,0.95,4.65,2.870448342020899,3.27027027027027,23.37837837837838,93,2.220656604066926,2.1723938223938224,3.652655069413223,5.825048891807045,2.1915930416479337,2.700824382102456,0.7394140237107927,0.19706112068871753,0.2428495936090046
Hockey,South America,medium,0.99,5.615384615384615,4.427883675770384,2.74,23.2,146,2.952753283288781,2.198021978021978,6.869131323145968,9.067153301167945,4.12147879388758,3.5813930654595816,0.5213749595078861,0.3677627231468918,0.3195704581487011
Hockey,South Asia,slow,0.95,6.0,3.6055512754639896,2.5384615384615383,23.5,90,2.5245917648756335,2.1758241758241756,4.152583921027504,6.32840809685168,2.4915503526165024,3.074344217519575,0.7403448734538441,0.2251978203326454,0.27787341966042317
Hockey,South of  USA ,slow,0.95,4.5,4.052539564652876,3.3181818181818183,23.90909090909091,63,2.910200676400347,2.1331168831168834,4.786854137733738,6.919971020850621,2.872112482640243,3.5090987586841114,0.7330699155887461,0.2641138401868475,0.3226898508859865
Hockey,Southeast Asia,medium,0.95,5.0,3.5540932665545544,2.5609756097560976,23.609756097560975,100,2.2889198478416843,1.8292682926829267,3.7649381135236064,5.594206406206533,2.2589628681141636,2.784984856719606,0.7397159721473185,0.20512908596008542,0.25289543539442577
Hockey,Southern Europe,slow,0.95,3.8333333333333335,1.9778181680534621,3.5185185185185186,57.22111002222223,69,1.6377422158222013,1.9268077601410936,2.6938462237066885,4.620653983847782,1.616307734224013,1.9737760728769722,0.7326981234144422,0.3557189334223115,0.4343909916358575
Hockey,US Center ,slow,0.95,4.647058823529412,4.227013964824759,3.2903225806451615,23.451612903225808,79,3.074807939503289,2.184331797235023,5.0576089914711675,7.241940788706191,3.0345653948827005,3.7440259577227906,0.7402758821483589,0.27371328065505257,0.33770556715440064
Hockey,West Africa,slow,0.95,3.0,1.4142135623730951,3.6666666666666665,23.0,42,1.2099361876691237,1.5714285714285716,1.9901679266673953,3.561596498095967,1.194100756000437,1.4710686079104862,0.7391680813456989,0.10563198995388481,0.13013299223823532
Hockey,West Asia,slow,0.95,5.1875,2.1360009363293826,2.9,23.3,83,1.9197529754187477,2.149107142857143,3.1577126444684076,5.3068197873255505,1.8946275866810445,2.3348127006713018,0.7393999909274078,0.16978777988333976,0.20923513817554362
Hockey,West of USA ,slow,0.95,5.0588235294117645,1.951620744256364,2.75,23.285714285714285,86,1.6774285856011382,1.987394957983193,2.7591244929781102,4.746519450961303,1.655474695786866,2.040696837850657,0.7396175283297908,0.1482650414358567,0.18276570580750387
Hockey,Western Europe,medium,0.99,9.826086956521738,7.246642946364535,2.9166666666666665,96.40237861904762,226,5.117719216146168,4.094202898550724,11.905595218419595,15.999798116970318,7.143357131051757,6.167865006365724,0.518064396883172,2.6486023798412512,2.28691099082632
Hunting & Shooting,Caribbean,slow,0.95,4.666666666666667,3.3523268393901033,2.9545454545454546,53.44636396909091,70,2.385565516555766,1.96969696969697,3.9239060922371136,5.893603061934083,2.354343655342268,2.8990887902242055,0.7388272609172879,0.48396579966054915,0.5959452102347476
Hunting & Shooting,Central America,medium,0.99,6.314285714285714,4.357356379945155,2.8421052631578947,56.43868484013158,221,3.087376368509561,2.563694951664876,7.182311451246148,9.746006402911025,4.309386870747689,3.744916645095359,0.5214082778943827,0.9354466440474217,0.8129160395580763
Hunting & Shooting,East of USA,slow,0.95,4.0,3.1167748898959187,2.9047619047619047,29.98999977,60,2.122213487720676,1.6598639455782311,3.4907305524426877,5.150594498020919,2.0944383314656125,2.5613949747331985,0.7337704633033983,0.24158540414974194,0.29544705655049147
Hunting & Shooting,Eastern Asia,slow,0.95,5.555555555555555,2.6034165586355513,2.5384615384615383,29.98999977,50,1.8025718122044478,2.0146520146520146,2.964966783144974,4.979618797796989,1.7789800698869844,2.1941677857306425,0.7400311525255145,0.20519850725671251,0.25308881303616687
Hunting & Shooting,Northern Europe,slow,0.95,4.611111111111111,2.9533408577782247,3.1333333333333333,82.69300136700001,83,2.2298180092298887,2.064021164021164,3.6677242399234937,5.731745403944657,2.200634543954096,2.691358253589274,0.7337951485811305,0.6999118282748596,0.8559865067044024
Hunting & Shooting,Oceania,slow,0.95,5.7272727272727275,3.4085454109021076,2.6470588235294117,29.98999977,63,2.427901610362182,2.165775401069519,3.993542769685555,6.159318170755074,2.396125661811333,2.933183911695391,0.7344816572294642,0.27638387710235757,0.3383314801427403
Hunting & Shooting,South America,medium,0.99,3.8518518518518516,2.684767626439429,2.8085106382978724,71.99127798,104,1.9078335173855454,1.5454238432961835,4.438284447193723,5.983708290489907,2.662970668316234,2.3100280597777982,0.5204776952136095,0.737348698597463,0.6396225853579367
Hunting & Shooting,South Asia,slow,0.95,4.090909090909091,2.586679162731453,2.933333333333333,29.98999977,45,1.8383555250471164,1.714285714285714,3.023825753000027,4.738111467285741,1.8142954518000163,2.2363434072834862,0.7395741652986266,0.20927200070074822,0.2579536087310491
Hunting & Shooting,Southeast Asia,slow,0.95,3.3636363636363638,2.2033033051637387,2.933333333333333,29.98999977,37,1.6399996904915388,1.4095238095238094,2.6975594391042996,4.1070832486281095,1.6185356634625798,1.9951599958430046,0.7396166946020954,0.1866918622114599,0.23013403006324967
Hunting & Shooting,Southern Europe,slow,0.95,3.4285714285714284,2.3573592974221933,2.814814814814815,63.10333400333333,72,1.6268848332775216,1.3786848072562359,2.6759874186488726,4.054672225905108,1.6055924511893236,1.9824240402938178,0.7408196415567453,0.3896855258485791,0.4811444859649936
Hunting & Shooting,US Center ,slow,0.95,3.0,1.414213562373095,2.0,29.98999977,24,0.822426191004485,0.8571428571428571,1.3527707031736114,2.2099135603164686,0.8116624219041668,0.999672803163018,0.7389817068168147,0.0936221378700908,0.11530841206513141
Hunting & Shooting,West Africa,slow,0.95,3.75,2.0528725518857023,2.909090909090909,29.98999977,30,1.5111674583574504,1.5584415584415585,2.48564927481029,4.044090833251849,1.491389564886174,1.838061164692933,0.7394692337812694,0.17202604887660292,0.2120132842553346
Hunting & Shooting,West Asia,slow,0.95,3.909090909090909,1.9211738835693897,3.0,29.98999977,43,1.455050739385277,1.6753246753246753,2.393345486076294,4.068670161400969,1.4360072916457762,1.7712103373592012,0.7400562717181983,0.1656379167160583,0.20430229850009257
Hunting & Shooting,West of USA ,slow,0.95,4.222222222222222,2.488864087178013,2.25,29.98999977,38,1.5550832260399519,1.3571428571428572,2.557884284563211,3.915027141706068,1.5347305707379264,1.891368014776849,0.7394267309867079,0.17702526716708608,0.21816202433901177
Hunting & Shooting,Western Europe,medium,0.99,6.481481481481482,4.060791608791134,2.933333333333333,85.43293485160001,175,2.942683693691137,2.7160493827160495,6.845705954793026,9.561755337509075,4.107423572875815,3.593480694711968,0.5249247803575305,1.349650963497791,1.1807753926223459
Indoor/Outdoor Games,Canada,medium,0.95,15.904761904761905,8.64814871463692,2.8073394495412844,49.979999539999994,334,6.512605176911697,6.378580790114212,10.712282246146138,17.09086303626035,6.427369347687683,7.875318991921269,0.7351672417662913,1.2355381424647711,1.5138786138214548
Indoor/Outdoor Games,Caribbean,fast,0.95,66.4186046511628,25.210761645942974,2.9571577847439916,49.97999954,2856,21.759673258748702,28.058613399431362,35.79147748093176,63.850090880363126,21.474886488559054,26.423402686158703,0.7382596234043709,4.12813391084513,5.0793909773055645
Indoor/Outdoor Games,Central Africa,fast,0.95,26.238095238095237,15.208237116460152,2.8854166666666665,49.97999954,551,11.621280269627654,10.815405328798185,19.115305001316628,29.930710330114813,11.469183000789977,14.217039888001976,0.7437516632364868,2.204729850398688,2.7329524887019248
Indoor/Outdoor Games,Central America,fast,0.99,221.6818181818182,54.040799714906505,2.9311515899969125,49.97999954000001,9754,58.9309222074583,92.82614483386327,137.0938255925868,229.91997042645005,82.25629535555207,71.25427086379982,0.5197482129906572,15.81219078474076,13.69726317306058
Indoor/Outdoor Games,Central Asia,medium,0.95,11.823529411764707,6.531034509532612,2.4615384615384617,49.97999954,201,4.506692694620324,4.157724628312864,7.412849824301944,11.570574452614807,4.447709894581166,5.487702165492383,0.7402958775047289,0.854986686481616,1.0549051988729474
Indoor/Outdoor Games,East Africa,fast,0.95,29.40909090909091,19.067946404544465,2.7677725118483414,49.97999954000001,647,13.501244006617563,11.628239059518682,22.207570172641724,33.83580923216041,13.324542103585033,16.429670114483297,0.7398229516673364,2.5613869546457337,3.158288095247028
Indoor/Outdoor Games,East of USA,fast,0.95,101.68181818181819,34.44303283426869,2.858267716535433,49.97999954,2237,30.563162753485933,41.51912260967379,50.27192910617948,91.79105171585327,30.163157463707684,36.990634547442504,0.735810922817672,5.79828690831176,7.110738067944172
Indoor/Outdoor Games,Eastern Asia,fast,0.95,73.3103448275862,48.33152139743931,3.0028735632183907,49.97999954000001,2126,35.16483306366262,31.448813770454674,57.84100320590851,89.28981697636318,34.704601923545106,42.68882422421026,0.7380374104550379,6.671292262210262,8.206105442650655
Indoor/Outdoor Games,Eastern Europe,fast,0.95,66.68181818181819,19.47009028187634,2.8755274261603376,49.97999954,1467,18.38524799197935,27.392199572579322,30.24104184200951,57.63324141458883,18.144625105205705,22.429561540871894,0.7416927517924911,3.4879552092755914,4.311651828827611
Indoor/Outdoor Games,North Africa,fast,0.95,51.40909090909091,17.745983022078924,2.8826666666666667,49.97999954,1131,15.532295014935647,21.170753246753243,25.54835179019717,46.71910503695041,15.329011074118302,18.803658236852186,0.7360027915408264,2.9467075632041837,3.614641653954575
Indoor/Outdoor Games,Northern Europe,fast,0.95,65.82978723404256,36.08162193219831,2.9503968253968256,49.97999954,3094,27.327982157051125,27.746285038838234,44.95053056829066,72.6968156071289,26.970318340974394,33.35324801602303,0.7419989840909983,5.184524993367515,6.411520463455143
Indoor/Outdoor Games,Oceania,fast,0.95,122.79166666666667,71.15688678007129,2.9558676028084254,49.97999954,2947,53.12066270764696,51.850844199264465,87.37571472073891,139.22655892000338,52.425428832443345,64.56843061710698,0.7389745631663652,10.07778041896085,12.412038971313574
Indoor/Outdoor Games,South America,fast,0.99,114.22727272727273,38.37444864318022,3.0315288518738845,49.97999954,5026,34.991731093467,49.46903899194203,81.40293923829574,130.87197823023777,48.841763542977446,42.52797252013008,0.522437800380099,9.388889690041545,8.175184796127823
Indoor/Outdoor Games,South Asia,fast,0.95,49.73809523809524,32.15288138953095,2.8788300835654597,49.97999954,2089,23.168635028757084,20.45536069581036,38.10901335856602,58.56437405437637,22.86540801513961,28.16448363104221,0.7390504541811102,4.395434931071501,5.414080303553182
Indoor/Outdoor Games,South of  USA ,fast,0.95,59.36363636363637,23.406440820027974,2.8388520971302427,49.97999954,1306,19.3547977539731,24.074940512026608,31.83580928453486,55.91074979656147,19.101485570720914,23.34583853000059,0.733320090007622,3.671893230915185,4.487788457655169
Indoor/Outdoor Games,Southeast Asia,fast,0.95,119.43478260869566,41.28264668109407,2.942982456140351,49.97999954,2747,36.817898735489486,50.21349569576115,60.5600542718019,110.77354996756304,36.33603256308114,44.86233910993661,0.740790933056107,6.98490342610854,8.623921877222909
Indoor/Outdoor Games,Southern Africa,medium,0.95,17.136363636363637,9.745794964009837,3.0859375,49.97999954,377,7.404981808691314,7.554535308441559,12.18011118553558,19.734646493977138,7.308066711321348,8.976313633864976,0.7369648353066551,1.4048352725774242,1.7255236588133354
Indoor/Outdoor Games,Southern Europe,fast,0.95,58.3921568627451,38.79230770726204,2.9334698055271238,49.97999954,2978,27.837602601070433,24.47023271949517,45.78878160400444,70.25901432349961,27.473268962402663,33.78828293505886,0.7379161827731165,5.281207577319929,6.495147559813969
Indoor/Outdoor Games,US Center ,fast,0.95,90.18181818181819,26.698736127811568,2.9261538461538463,49.97999954,1984,25.60471597402222,37.69798201798202,42.11600993693275,79.81399195491477,25.26960596215965,31.000524734426392,0.7360745897070637,4.857595747556617,5.959254661409192
Indoor/Outdoor Games,West Africa,fast,0.95,57.68181818181818,24.58878250561067,3.0024271844660193,49.97999954,1269,20.50190127483267,24.740779851216743,33.72262667130953,58.46340652252627,20.233576002785714,24.983848481770483,0.7408630628119546,3.8895158435068655,4.802664367793533
Indoor/Outdoor Games,West Asia,fast,0.95,90.81818181818181,23.907831678854013,2.9212121212121214,49.979999539999994,1998,24.30274207390616,37.89988193624558,39.97445344513069,77.87433538137627,23.984672067078414,29.44920431746699,0.7367006120018437,4.610591918767807,5.661043147078331
Indoor/Outdoor Games,West of USA ,fast,0.95,115.04545454545455,29.300540012457876,2.925,49.97999954,2531,31.501079579879658,48.07256493506493,51.81466499985201,99.88722993491695,31.088798999911205,38.54348252262055,0.7438720779673214,5.976223691210441,7.409243225963744
Indoor/Outdoor Games,Western Europe,fast,0.99,159.86274509803923,102.8884871320097,2.9055433989788475,49.97999954,8153,74.73895438032562,66.35544910889229,173.8688076307059,240.2242567395982,104.32128457842354,91.66029726482381,0.527180800937616,20.053760597083915,17.619929288969836
Kids' Golf Clubs,Caribbean,slow,0.95,3.125,1.9594095320493148,2.625,149.166875358125,25,1.3546244647414982,1.171875,2.22815896398725,3.40003396398725,1.33689537839235,1.6350885449211647,0.7338293951860613,0.7670019472134809,0.9380809583836668
Kids' Golf Clubs,Central America,medium,0.99,15.875,7.661359446692771,3.0952380952380953,141.8207932652381,127,6.164818178670489,7.019557823129252,14.341511663798421,21.361069486927672,8.604906998279052,7.517352951811602,0.5241674049456927,4.693672063344362,4.100449841848849
Kids' Golf Clubs,Northern Europe,slow,0.95,4.733333333333333,3.575045787252575,3.0961538461538463,206.72788060461542,71,2.572800794212192,2.0935897435897437,4.231880717783552,6.325470461373296,2.539128430670131,3.117618608149589,0.7366981292852797,2.0188793809821513,2.478841105370291
Kids' Golf Clubs,South America,slow,0.99,7.333333333333333,7.211102550927978,3.2777777777777777,133.63888760722224,66,5.221631516881362,3.433862433862434,12.147331378321606,15.58119381218404,7.288398826992964,6.285227341568576,0.5174163069911248,3.7462058141427814,3.230579962637397
Kids' Golf Clubs,Southern Europe,slow,0.95,5.333333333333333,3.373566715058764,3.2549019607843137,203.7460757845098,80,2.550735286187118,2.4799253034547153,4.195586186877982,6.675511490332697,2.517351712126789,3.0945208760855945,0.7375657984965119,1.9726943565971164,2.4249864805218584
Kids' Golf Clubs,Western Europe,medium,0.99,16.235294117647058,8.996731432614194,2.86144578313253,221.63800870030119,276,6.676844216097495,6.636630555836792,15.53266234742029,22.16929290325708,9.319597408452173,8.120619659047813,0.5228092568687369,7.944526967299336,6.9224537332456775
Lacrosse,Caribbean,slow,0.95,2.909090909090909,1.4459976109624424,3.3333333333333335,24.98999977,32,1.2255719095868745,1.3852813852813854,2.0158864005738124,3.401167785855198,1.2095318403442874,1.4900070267979086,0.7391324364179377,0.1162546169692747,0.14321259714222354
Lacrosse,Central America,medium,0.99,6.282051282051282,3.7553380809940538,3.0,44.869517336024096,245,2.7715914039589142,2.692307692307692,6.447685770309689,9.139993462617381,3.868611462185813,3.3561615837993783,0.5205218900793577,0.6676258810341842,0.5791898091030165
Lacrosse,East of USA,slow,0.95,3.8,2.440400695696417,2.0,24.98999977,38,1.406197193128323,1.0857142857142856,2.312988553326102,3.3987028390403875,1.3877931319956611,1.7096396070906472,0.7391474569263075,0.13338826942068904,0.1643226668768391
Lacrosse,Eastern Asia,slow,0.95,4.555555555555555,3.166666666666667,2.6923076923076925,24.98999977,41,2.2232449387994624,1.7521367521367521,3.6569125011857997,5.409049253322552,2.19414750071148,2.703945795562253,0.7394067521947721,0.21089132899279217,0.25989078772766605
Lacrosse,Eastern Europe,slow,0.95,2.6666666666666665,1.224744871391589,3.1,24.98999977,24,0.9226783561753231,1.180952380952381,1.5176708406646024,2.6986232216169834,0.9106025043987614,1.119533975887163,0.7376658665965463,0.08752290913648643,0.10760443769202842
Lacrosse,North Africa,slow,0.95,2.9,1.1972189997378648,2.7,24.98999977,29,0.955659831888792,1.1185714285714285,1.5719205406141137,2.6904919691855422,0.9431523243684682,1.1614273506138115,0.7388588167186034,0.09065144757324226,0.11163103547965716
Lacrosse,Northern Europe,slow,0.95,4.6,2.164651077128664,2.782608695652174,57.59869459173913,69,1.7085647056025182,1.8285714285714283,2.8103388528915763,4.638910281463005,1.6862033117349458,2.058609828391871,0.7325130299763509,0.3735504214315394,0.4560509184195995
Lacrosse,Oceania,slow,0.95,6.125,4.793969425970806,3.2666666666666666,24.98999977,49,3.3573613150806394,2.8583333333333334,5.522367936096954,8.380701269430286,3.3134207616581723,4.0477790414534915,0.7329788757817434,0.3184707079682729,0.38905383582666764
Lacrosse,South America,slow,0.99,3.4166666666666665,2.0834057958412537,2.9310344827586206,40.50724075413793,82,1.5066186065572487,1.430623973727422,3.5049189923548294,4.935542966082251,2.1029513954128976,1.841729599880263,0.5254699477784138,0.32763368641630986,0.28693609348604593
Lacrosse,South Asia,slow,0.95,3.2222222222222223,1.3017082793177759,3.111111111111111,24.98999977,29,1.079397499253754,1.432098765432099,1.7754508915698863,3.2075496570019855,1.0652705349419318,1.3124630328384914,0.7392280119209534,0.1023888862430256,0.1261478880337208
Lacrosse,Southeast Asia,slow,0.95,3.875,2.6958963523950885,2.4545454545454546,24.98999977,31,1.8136979439561998,1.3587662337662338,2.9832676413107833,4.342033875077017,1.78996058478647,2.205701418716028,0.7393575380809247,0.17204274846970366,0.21200183825539315
Lacrosse,Southern Europe,slow,0.95,4.733333333333333,2.1536237457121516,3.05,58.739998910500006,71,1.6935081003998953,2.062380952380952,2.7855729412144656,4.847953893595418,1.6713437647286793,2.068833257745306,0.7426957762029839,0.37759511892012926,0.4673971665614057
Lacrosse,US Center ,slow,0.95,4.666666666666667,4.47213595499958,2.923076923076923,24.98999977,42,3.0087377839391474,1.9487179487179487,4.948933256458242,6.8976512051761905,2.9693599538749447,3.6300634089354777,0.7335042161254307,0.28540117140146953,0.34890493751685775
Lacrosse,West Asia,slow,0.95,3.625,2.38671920665766,2.888888888888889,24.98999977,29,1.8219002268258093,1.496031746031746,2.996759196038142,4.492790942069888,1.7980555176228852,2.215781053971129,0.7393924266255683,0.1728207960455505,0.21297064626580336
Lacrosse,West of USA ,slow,0.95,3.6363636363636362,2.3779288161224374,3.4285714285714284,24.98999977,40,1.8260613375077122,1.7810760667903525,3.0036036140354168,4.78467968082577,1.8021621684212499,2.2207411078408335,0.7393589145597053,0.17321550836288363,0.2134473837468153
Lacrosse,Western Europe,medium,0.99,4.416666666666667,2.48327740429189,3.1315789473684212,56.56894633421052,106,1.8312222671027365,1.9758771929824563,4.2600600279707,6.235937220953156,2.5560360167824197,2.234846626687759,0.5246044919588467,0.5561240933141305,0.48624199573188953
Men's Footwear,Canada,medium,0.95,6.05,2.605156829302827,2.9008264462809916,129.9900055,121,2.0990643726850013,2.507142857142857,3.4526536466155413,5.959796503758398,2.071592187969325,2.55625804154836,0.7403748835491009,1.0357164611841907,1.2780307572318865
Men's Footwear,Caribbean,fast,0.95,24.558139534883722,7.57282838770233,2.9640151515151514,129.9900055,1056,7.253190547683315,10.398671096345515,11.930436779327035,22.32910787567255,7.158262067596221,8.774737682790912,0.7354917380724658,3.5788558674510544,4.38703153710403
Men's Footwear,Central Africa,medium,0.95,9.952380952380953,3.866215080362065,2.889952153110048,129.9900055,209,3.255524458737693,4.108843537414966,5.354861213583923,9.46370475099889,3.2129167281503537,3.9449022351751064,0.7366955141933261,1.6063348583204096,1.972299474028363
Men's Footwear,Central America,fast,0.99,82.27272727272727,21.304398100756515,2.959668508287293,129.9900055,3620,22.170054428984564,34.785714285714285,51.57525898823796,86.36097327395225,30.945155392942777,27.193180142694146,0.5272524205626521,15.471388152796102,13.595544755043472
Men's Footwear,Central Asia,slow,0.95,3.909090909090909,3.190896140869863,2.7906976744186047,129.9900055,86,2.1901929756339813,1.5584415584415585,3.6025468596951913,5.16098841813675,2.1615281158171147,2.655040445896137,0.7369898433800741,1.0806809679364284,1.3274181621721588
Men's Footwear,East Africa,medium,0.95,11.227272727272727,5.10771422348046,2.88663967611336,129.9900055,247,4.034805783167145,4.629870129870129,6.636664926487254,11.266535056357384,3.981998955892352,4.901326101951396,0.738522459133045,1.9908464083747734,2.4504746421152133
Men's Footwear,East of USA,fast,0.95,40.72727272727273,11.666728509421745,2.9497767857142856,129.9900055,896,11.570555808868166,17.162337662337663,19.03187068806123,36.194208350398895,11.419122412836737,14.10087819407201,0.7409086802443203,5.709122250960849,7.04989705385481
Men's Footwear,Eastern Asia,fast,0.95,28.678571428571427,17.373998391441738,2.991282689912827,129.9900055,803,12.974508498095982,12.255102040816325,21.341167361005876,33.5962694018222,12.804700416603525,15.744934381927456,0.7377728741632129,6.401857990692863,7.871861949630342
Men's Footwear,Eastern Europe,fast,0.95,22.90909090909091,7.3349073478037745,2.9761904761904763,129.9900055,504,6.871693724685092,9.740259740259742,11.302930346347944,21.043190086607687,6.781758207808767,8.323595767870579,0.7364104274569816,3.3906184105105064,4.16147792171259
Men's Footwear,North Africa,medium,0.95,19.5,6.277321236384347,2.9393939393939394,129.9900055,429,5.6468532157673925,8.188311688311687,9.28824699281758,17.47655868112927,5.572948195690548,6.859783499456493,0.7385444750512158,2.78625987157319,3.4296280570121493
Men's Footwear,Northern Europe,fast,0.95,23.941176470588236,15.931618580302356,2.9443079443079445,129.9900055,1221,11.498384205574734,10.070028011204482,18.913158964621122,28.983186975825603,11.347895378772673,13.901402159706091,0.7350121778022379,5.673511471923401,6.950166704607334
Men's Footwear,Oceania,fast,0.95,47.583333333333336,29.692506252188142,2.9728546409807355,129.9900055,1142,21.889154550826497,20.208333333333336,36.00445525382829,56.212788587161626,21.602673152296973,26.61857108101864,0.7393132570222218,10.800506161083792,13.308262312399055
Men's Footwear,South America,fast,0.99,42.90909090909091,16.8823813235673,2.9322033898305087,129.9900055,1888,14.238432145786785,17.974025974025974,33.123546352025855,51.09757232605183,19.874127811215512,17.41891531419221,0.5258771246614075,9.936299936490798,8.708788067291843
Men's Footwear,South Asia,fast,0.95,19.886363636363637,13.449675208477364,2.9474285714285715,129.9900055,875,9.721235345314135,8.373376623376624,15.9900092161888,24.363385839565424,9.59400552971328,11.769588840196603,0.7360589153557643,4.796633967594076,5.88434199257652
Men's Footwear,South of  USA ,fast,0.95,25.714285714285715,8.39727847068833,2.9296296296296296,129.9900055,540,7.988893773008,10.761904761904763,13.14056089786224,23.902465659767003,7.884336538717344,9.691309338134548,0.7375110859774007,3.9418651924296864,4.84528213140889
Men's Footwear,Southeast Asia,fast,0.95,43.04545454545455,12.941175602472365,2.9408658922914466,129.9900055,947,12.221327180234121,18.084415584415584,20.102294338568704,38.18670992298429,12.061376603141222,14.857190732096546,0.7390793549167775,6.030224657614996,7.428024249922227
Men's Footwear,Southern Africa,medium,0.95,7.476190476190476,4.7393991984116255,3.0254777070063694,129.9900055,157,3.4344349633302076,3.231292517006803,5.649142805962638,8.880435322969442,3.389485683577583,4.151521447658345,0.7348940521164445,1.6946125486554666,2.0756011377479853
Men's Footwear,Southern Europe,fast,0.95,23.897959183673468,15.068240466235576,2.927412467976089,129.9900055,1171,10.985696334151925,9.994169096209912,18.069862459817287,28.0640315560272,10.841917475890371,13.29181850255,0.7355793953665988,5.420541970467444,6.645398308659525
Men's Footwear,US Center ,fast,0.95,36.09090909090909,10.281324219458686,2.920654911838791,129.9900055,794,10.0684004151986,15.05844155844156,16.561044940539126,31.619486498980685,9.936626964323475,12.17247959277186,0.7350067363790148,4.967931514399449,6.085771881588661
Men's Footwear,West Africa,fast,0.95,20.818181818181817,8.53361065566685,2.958515283842795,129.9900055,458,7.111985155967178,8.798701298701298,11.698174578617644,20.496875877318942,7.018904747170587,8.64089421655294,0.7386532111041569,3.5091825641872334,4.320114948979365
Men's Footwear,West Asia,fast,0.95,36.5,9.262057778145971,2.925280199252802,129.9900055,803,9.749752849008102,15.253246753246753,16.036916335571426,31.29016308881818,9.622149801342855,11.826736083026034,0.7374694633028167,4.810705021532237,5.912913417229242
Men's Footwear,West of USA ,fast,0.95,47.13636363636363,13.228020240403303,2.914175506268081,129.9900055,1037,13.443493094383236,19.623376623376622,22.112578375193333,41.73595499856995,13.267547025116,16.335399190377615,0.7387378763890889,6.633263502947452,8.167071656161083
Men's Footwear,Western Europe,fast,0.99,63.568627450980394,40.02412017869264,2.8871067242442936,129.9900055,3242,29.079214517093966,26.218487394957986,67.64836887061911,93.8668562655771,40.589021322371465,35.69150654778911,0.5276033575332896,20.29295040359494,17.844381278655355
Men's Golf Clubs,Central America,medium,0.99,10.555555555555555,4.27525177946022,3.0923076923076924,117.99000151353847,95,3.5981643592272086,4.663003663003663,8.37058200753774,13.033585670541402,5.022349204522643,4.380627351226822,0.523336053249589,2.2791807317044057,1.9879624146211572
Men's Golf Clubs,Northern Europe,slow,0.95,3.5,2.4308621740219887,3.3225806451612905,117.40935591806452,42,1.7755633842973868,1.6612903225806452,2.9205418725437875,4.5818321951244325,1.7523251235262725,2.157977100723712,0.7388961346560381,0.7913052465856251,0.9744873133919356
Men's Golf Clubs,South America,slow,0.99,6.222222222222222,3.5629263877386586,3.05,121.74000226400001,56,2.878268081143094,2.711111111111111,6.695852831486847,9.406963942597958,4.017511698892108,3.492597188872148,0.5216060264121127,1.881122628149122,1.63534149877129
Men's Golf Clubs,Southern Europe,slow,0.95,5.181818181818182,3.6281725928677044,3.1621621621621623,118.09810969351352,57,2.664904891049858,2.340821340821341,4.383378475524077,6.7241998163454175,2.630027085314446,3.224562011127155,0.7356339474522848,1.1946201046860656,1.4646718388601203
Men's Golf Clubs,Western Europe,medium,0.99,11.76923076923077,5.599908424159663,3.0618556701030926,115.66010380226804,153,4.597312116848144,5.147955137645859,10.694947269331877,15.842902406977736,6.4169683615991255,5.549902487879011,0.518927522325757,2.8545662569170185,2.4688549916944313
Shop By Sport,Canada,medium,0.95,9.45,5.062504061076994,2.693548387096774,39.345485442580646,189,3.7506995990264786,3.6362903225806447,6.169351839064136,9.80564216164478,3.7016111034384815,4.521234196205994,0.7328540038157146,0.5601603299401294,0.684192900958926
Shop By Sport,Caribbean,fast,0.95,37.48837209302326,16.302748954617986,2.9369202226345084,40.602524845602964,1612,13.323035830956814,15.72862258766388,21.914443808553735,37.64306639621761,13.14866628513224,16.185860002442485,0.7385932375853753,2.0533424981870145,2.5276414726793166
Shop By Sport,Central Africa,medium,0.95,18.15,10.897971805509695,2.793103448275862,39.55939815931035,363,7.8620806285907285,7.242118226600985,12.93197183732237,20.174090063923355,7.759183102393422,9.561380200954973,0.7393598069368132,1.1805715913022088,1.4547786397004792
Shop By Sport,Central America,fast,0.99,126.43181818181819,27.298860805324804,2.9745808545159544,41.08268961588966,5563,31.891776233288734,53.72595225218265,74.19136583969745,127.9173180918801,44.51481950381847,38.72838584787826,0.5220066433546627,7.033801973010485,6.119485596587679
Shop By Sport,Central Asia,slow,0.95,6.133333333333334,3.502380143083652,2.4482758620689653,38.956553230344824,92,2.47094845634595,2.1451559934318554,4.064348530430777,6.209504523862632,2.438609118258466,2.979191296389863,0.7330058615996943,0.3653838689363085,0.4463808627738143
Shop By Sport,East Africa,medium,0.95,15.619047619047619,9.002645113943958,2.8521739130434782,39.81626252034782,328,6.556817419576012,6.364034309375924,10.785004913848196,17.149039223224122,6.471002948308917,7.995109203951361,0.7413171591313283,0.9909659698454331,1.2243667959360636
Shop By Sport,East of USA,fast,0.95,64.63636363636364,19.80030171618473,2.8241525423728815,39.587861781864405,1422,18.135614044497803,26.07756438476778,29.83043053808427,55.90799492285205,17.89825832285056,22.029664968438077,0.7384963800744673,2.725206833158124,3.3542589687357958
Shop By Sport,Eastern Asia,fast,0.95,40.857142857142854,24.33670339785428,3.0406091370558377,39.635027001015224,1144,18.4048832083021,17.747228840774888,30.273338898793956,48.02056773956885,18.164003339276373,22.357917096076037,0.7385348927259141,2.768964472302884,3.4082947991901293
Shop By Sport,Eastern Europe,fast,0.95,32.36363636363637,11.761703207344686,2.9665271966527196,39.822804999163175,712,10.81392385217889,13.715372493615174,17.787321869833484,31.502694363448658,10.67239312190009,13.120644500063086,0.7376402471422706,1.6346331929532216,2.0096187207282887
Shop By Sport,North Africa,fast,0.95,25.454545454545453,14.117625838198125,3.0267379679144386,39.56262192898395,560,10.67475041111804,11.006319883325231,17.55840193052923,28.56472181385446,10.535041158317537,12.915666733545818,0.735583271453026,1.6030532705876994,1.965298615153955
Shop By Sport,Northern Europe,fast,0.95,35.44444444444444,20.099248691923737,2.949626865671642,42.17304274731343,1595,15.145794239381608,14.935412224591328,24.91261458770755,39.84802681229888,14.94756875262453,18.469068004521013,0.7413540613932217,2.4245555998955415,2.995756901760398
Shop By Sport,Oceania,fast,0.95,67.16666666666667,48.219305773469635,2.994475138121547,39.62204581701658,1612,34.8367431143814,28.73270192054723,57.30134326286697,86.03404518341421,34.380805957720185,42.71153205474393,0.7453844818053734,5.239376418779791,6.508916461492447
Shop By Sport,South America,fast,0.99,65.0,25.154406891169423,2.8946259220231823,42.04510179038988,2860,21.33520761232415,26.87866927592955,49.63311487115025,76.5117841470798,29.77986892269015,25.88385059836002,0.521503650648476,4.815760077534521,4.185727435135735
Shop By Sport,South Asia,fast,0.95,30.40909090909091,22.706743370707542,2.8482142857142856,39.72241234928571,1338,15.8596578678017,12.373086734693876,26.086815766063076,38.459902500756954,15.652089459637844,19.313150806930096,0.7403414422106284,2.3913028909370886,2.9506343850646823
Shop By Sport,South of  USA ,fast,0.95,33.77272727272727,14.803255170278044,2.9681274900398407,39.67159525195218,743,12.471523550957786,14.320251461685725,20.513830746403617,34.83408220808934,12.30829844784217,15.147903105454086,0.7384239098350629,1.8780378240885611,2.311313388136016
Shop By Sport,Southeast Asia,fast,0.95,64.18181818181819,24.43969519651792,2.8562628336755647,39.72332812386037,1412,20.446387015583575,26.188591695778555,33.63131384063613,59.81990553641469,20.17878830438168,24.837984021844484,0.7385374279322142,3.0829562652187286,3.794797650903575
Shop By Sport,Southern Africa,medium,0.95,9.857142857142858,6.75489240688343,2.8904109589041096,39.57945366575342,207,4.7638410902681105,4.070170533967011,7.835821295547957,11.905991829514967,4.701492777328774,5.817909802660419,0.7424760702449856,0.7157019828467638,0.8856526594843489
Shop By Sport,Southern Europe,fast,0.95,36.422222222222224,22.39570665926121,2.8451730418943533,40.93739693522768,1639,16.204620544545065,14.80393211322173,26.65422887606729,41.45816098928902,15.992537325640374,19.56591174249372,0.7340640704133018,2.5180494173122483,3.0806826746234535
Shop By Sport,US Center ,fast,0.95,47.36363636363637,15.779871007214508,2.83008356545961,39.62824674451254,1042,13.9050590937065,19.149006981876063,22.871786883257688,42.020793865133754,13.723072129954613,16.91363285981252,0.7394976591091543,2.0916203402253255,2.577913908902868
Shop By Sport,West Africa,fast,0.95,30.772727272727273,12.274370581018529,3.109170305676856,39.7282549110917,677,10.500801676611122,13.66823569443657,17.272281723671902,30.94051741810847,10.36336903420314,12.75059808690414,0.7382115629476602,1.5835329489559102,1.9483038887130997
Shop By Sport,West Asia,fast,0.95,48.81818181818182,21.634708365508562,2.9518716577540105,39.64275563229946,1074,17.74967512917833,20.58642961316758,29.195617513439313,49.7820471266069,17.517370508063586,21.535171277356792,0.7376165709611633,2.670910916813901,3.2835135863383447
Shop By Sport,West of USA ,fast,0.95,69.18181818181819,20.139126485138707,2.939516129032258,39.587179031612905,1522,20.34369951615134,29.051581483033097,33.46240793475244,62.51398941778554,20.077444760851463,24.544067484731777,0.7334818083800088,3.056959231712098,3.7370399757002537
Shop By Sport,Western Europe,fast,0.99,106.80851063829788,60.55491158691255,2.8714454976303316,41.60156567219194,5020,45.22687373610045,43.81354528299168,105.21344156549083,149.02698684848252,63.12806493929449,55.36210116608903,0.526188482596385,10.100870535886374,8.858269566967643
Soccer,Caribbean,slow,0.95,2.0,1.3093073414159542,3.8,106.98999788400002,16,1.0698930796177992,1.0857142857142856,1.7598175124596174,2.8455317981739032,1.0558905074757703,1.3077172929004053,0.7430982381080342,0.4344989352329553,0.53812565538571
Soccer,Central America,slow,0.99,10.25,3.4121631178560534,3.0833333333333335,97.48999787555556,82,3.2829896028014414,4.5148809523809526,7.637375882975317,12.152256835356269,4.582425529785191,4.00280965874354,0.5241079815995847,1.7182332890909608,1.5008996351044654
Soccer,Northern Europe,slow,0.95,2.3,1.5670212364724212,3.357142857142857,105.70428359714286,23,1.2114993014543736,1.103061224489796,1.9927390200464012,3.095800244536197,1.1956434120278407,1.4627045071261544,0.7340170952702553,0.4860947319463324,0.5946697386157004
Soccer,Southern Europe,slow,0.95,4.0,2.6246692913372702,3.2941176470588234,93.22529198941177,40,2.0440657071580173,1.8823529411764706,3.3621888921459906,5.244541833322462,2.0173133352875943,2.4934537409301516,0.7416161973394214,0.7233254796781543,0.8940498194627096
Soccer,Western Europe,medium,0.99,8.083333333333334,4.077841080619484,2.58,106.08999788320001,97,2.99545251433087,2.979285714285715,6.9684645885039105,9.947750302789625,4.181078753102346,3.6298899138868594,0.52090239790774,1.7060409079466174,1.4811346664634848
Strength Training,Northern Europe,slow,0.95,2.0,1.7056057308448835,3.1666666666666665,619.0370788,24,1.2157103499478354,0.9047619047619048,1.9996655784341406,2.9044274831960455,1.1997993470604844,1.480349107668967,0.7402983396994662,2.856616472886422,3.5245807200599386
Strength Training,Western Europe,slow,0.99,3.3529411764705883,2.9355829163598033,2.807017543859649,492.83701253333334,57,1.995275049760721,1.3445378151260503,4.641703870137586,5.986241685263636,2.7850223220825514,2.433978607862928,0.5243717987961136,5.279084927130045,4.61367209872772
Tennis & Racquet,Caribbean,slow,0.95,5.4,3.0258148581093915,2.625,44.99000168,54,2.1479336692782316,2.0250000000000004,3.5330364863634833,5.558036486363484,2.11982189181809,2.6230859073489388,0.7424451792313226,0.366810732593064,0.4538947668400503
Tennis & Racquet,Central America,medium,0.99,5.583333333333333,4.095773714310957,3.1777777777777776,44.99000168,134,3.0443893762387773,2.5346560846560844,7.0823087531656,9.616964837821685,4.24938525189936,3.686368581371864,0.5205037947158343,0.7353071139304593,0.6378835718039206
Tennis & Racquet,East of USA,slow,0.95,4.111111111111111,2.1473497877875207,3.0,44.99000168,37,1.6872198488537724,1.7619047619047616,2.7752296878516423,4.537134449756404,1.6651378127109853,2.036134070742167,0.7336812803838146,0.28813289612037984,0.3523295202438282
Tennis & Racquet,Eastern Asia,slow,0.95,2.75,1.2880570286640687,2.4615384615384617,44.99000167999999,33,0.9497280838394921,0.9670329670329672,1.5621636833210606,2.5291966503540277,0.9372982099926364,1.1561528358881026,0.7400971154509207,0.16218864631626806,0.2000589154959327
Tennis & Racquet,Eastern Europe,slow,0.95,2.875,1.3562026818605375,2.375,44.99000168,23,0.9912121843418568,0.9754464285714286,1.6303989564931944,2.6058453850646233,0.9782393738959166,1.2055966760976995,0.739448876176174,0.1692730425962286,0.20861460185783814
Tennis & Racquet,North Africa,slow,0.95,3.3333333333333335,1.4142135623730951,2.9,44.99000168,30,1.2190848208609255,1.380952380952381,2.005216089154579,3.38616847010696,1.2031296534927474,1.4827865430871277,0.7394647146045424,0.20818771204575587,0.2565791117868126
Tennis & Racquet,Northern Europe,slow,0.95,4.166666666666667,2.757908737804898,2.9411764705882355,44.99000168,50,2.031868233084707,1.750700280112045,3.3421258326768593,5.092826112788904,2.0052754996061153,2.448783571607588,0.7327023859081473,0.34698980036977684,0.42373375769454535
Tennis & Racquet,Oceania,slow,0.95,4.071428571428571,2.5256921584232863,3.3,44.99000168,57,1.8203151485201894,1.9193877551020406,2.9941519742381413,4.913539729340182,1.7964911845428848,2.2177981443740364,0.7407099450716267,0.3108620823488061,0.3837643932357261
Tennis & Racquet,South America,medium,0.99,5.705882352941177,4.01193073660228,2.6206896551724137,44.99000168,97,2.705629016363742,2.1361924079976817,6.294234310161002,8.430426718158683,3.7765405860966013,3.2899253886884994,0.522688738068975,0.653486797357978,0.5692836490929625
Tennis & Racquet,South Asia,slow,0.95,3.8,1.9888578520235063,2.923076923076923,44.99000167999999,38,1.4365187973064697,1.5868131868131865,2.3628631539335134,3.9496763407467,1.417717892360108,1.7330129980275926,0.7334377342769959,0.24531973215018196,0.2998779142027816
Tennis & Racquet,Southeast Asia,slow,0.95,3.7333333333333334,2.6850556436550455,3.1666666666666665,44.99000168,56,1.9226242292512845,1.6888888888888889,3.162435436748754,4.851324325637643,1.8974612620492524,2.317572092589127,0.7328440813867756,0.3283337898743492,0.40102912438117677
Tennis & Racquet,Southern Europe,slow,0.95,3.5,2.4608038433722332,2.4285714285714284,44.99000168,35,1.58870511818757,1.2142857142857142,2.613187375807192,3.827473090092906,1.567912425484315,1.9146664389520704,0.7326938958445893,0.27130916406397004,0.3313109473272818
Tennis & Racquet,US Center ,slow,0.95,4.583333333333333,2.3532698077098573,2.8823529411764706,44.99000168,55,1.7570692908234091,1.887254901960784,2.8901217958159355,4.777376697776719,1.7340730774895612,2.118760043395797,0.7331040672622005,0.300061348728839,0.36662699196882226
Tennis & Racquet,West Africa,slow,0.95,3.3333333333333335,1.6583123951776997,2.5,44.99000168,30,1.1210580836911717,1.1904761904761905,1.8439764549826907,3.034452645458881,1.1063858729896143,1.362711750783066,0.739007131626232,0.19144731647896546,0.23580155368109953
Tennis & Racquet,West Asia,slow,0.95,4.076923076923077,2.253202848596432,2.7222222222222223,44.99000168,53,1.7370912151696116,1.5854700854700854,2.857260785617276,4.442730871087361,1.7143564713703654,2.094061211654826,0.7328911740208656,0.2966496174118139,0.36235314396297486
Tennis & Racquet,West of USA ,slow,0.95,5.5,3.5290998079603035,2.7222222222222223,44.99000168,66,2.463748835892337,2.138888888888889,4.052506208614978,6.191395097503866,2.431503725168987,3.0102817926075534,0.7428197854967322,0.42074367953953457,0.5208945496411048
Tennis & Racquet,Western Europe,slow,0.99,5.733333333333333,3.494212902718409,3.142857142857143,44.99000168,86,2.5433371286589197,2.5741496598639455,5.916686922224814,8.49083658208876,3.5500121533348885,3.1038666471698737,0.5245953838643783,0.6142886643944503,0.5370883295025715
Trade-In,Caribbean,medium,0.95,5.481481481481482,3.555822639541326,2.9583333333333335,47.115000486250004,148,2.606876936494962,2.31657848324515,4.287930984009881,6.604509467255031,2.5727585904059285,3.188912467238839,0.7436949146641141,0.4662135470691508,0.5778677401714101
Trade-In,Central America,medium,0.99,9.975609756097562,6.306694081997511,3.1156462585034013,45.09204124897959,409,4.886650803650532,4.440067316125057,11.368049708252382,15.808117024377438,6.820829824951429,5.931149253889454,0.5217385045021283,1.1829428454576156,1.0286447185009147
Trade-In,East of USA,medium,0.95,5.944444444444445,3.3689276042406107,3.0,18.98999977,107,2.520235025358863,2.5476190476190474,4.145417722231661,6.693036769850709,2.4872506333389968,3.0655145486111484,0.739494727436261,0.18166495751938425,0.22390046374252834
Trade-In,Eastern Asia,medium,0.95,6.894736842105263,5.032060952224306,2.9302325581395348,17.943488142093024,131,3.657309460688601,2.8861689106487143,6.015738731297579,8.901907641946293,3.609443238778547,4.407911715579186,0.7327299127281764,0.24910000751761807,0.304205044614954
Trade-In,Eastern Europe,slow,0.95,5.9,3.784471194529326,3.111111111111111,18.323333103333333,59,2.8201778821983594,2.6222222222222227,4.638779818182293,7.261002040404516,2.7832678909093755,3.4311699813433347,0.7396708004752507,0.1961490180036327,0.241809501931969
Trade-In,North Africa,slow,0.95,4.833333333333333,3.0401355631656037,3.0,16.93736819105263,58,2.208689427682876,2.071428571428571,3.63297081593355,5.7043993873621215,2.1797824895601297,2.6855512610955614,0.7392163045508711,0.14199914846957404,0.1749468096350817
Trade-In,Northern Europe,medium,0.95,5.391304347826087,5.254773850637521,2.795918367346939,70.11245003591837,124,3.498001349411743,2.1533781214349097,5.753700206661049,7.90707832809596,3.4522201239966295,4.248336186364894,0.7383659269293528,0.9309369652180987,1.1456202253934333
Trade-In,Oceania,medium,0.95,9.2,10.206293208243215,2.8548387096774195,17.63516106032258,184,6.834972585942041,3.7520737327188938,11.24252944810065,14.994603180819542,6.74551766886039,8.248856071297665,0.7337188761103272,0.45753188663694117,0.5594996360798234
Trade-In,South America,medium,0.99,7.743589743589744,5.932594837966856,2.70873786407767,36.14534002087379,302,4.091073240792728,2.996479248906433,9.517259536263534,12.513738785169966,5.710355721758121,4.96776136380297,0.5219739300871591,0.7938567277041901,0.6906208601431464
Trade-In,South Asia,medium,0.95,5.409090909090909,3.6988941836470786,2.902439024390244,18.624146111463418,119,2.653114078141142,2.2427937915742793,4.363984314146469,6.606778105720748,2.6183905884878813,3.2280038153939206,0.739691892321861,0.18755880344953457,0.2312262104086837
Trade-In,South of  USA ,slow,0.95,5.083333333333333,3.0883456393154556,2.8947368421052633,16.621578717368422,61,2.2598403644144027,2.1021303258145365,3.717106619738367,5.819236945552904,2.23026397184302,2.748150086189875,0.7393250631006401,0.14257887757115195,0.17568689609518395
Trade-In,Southeast Asia,medium,0.95,7.368421052631579,4.9689091840696955,3.1458333333333335,17.98999977,140,3.729956052837131,3.31140350877193,6.135231741878752,9.446635250650683,3.681139045127251,4.491829164112955,0.7321368373833343,0.2547065022122203,0.3108000216510437
Trade-In,Southern Africa,slow,0.95,3.5555555555555554,1.740051084818425,2.5454545454545454,18.717272497272727,32,1.271616724174218,1.2929292929292928,2.091623380850112,3.384552673779405,1.2549740285100672,1.5452582599313407,0.7387841779160507,0.0903449648793194,0.11124238434537076
Trade-In,Southern Europe,slow,0.95,4.882352941176471,3.2573446421352252,3.3823529411764706,79.166471875,83,2.571938939769309,2.3591201186356896,4.2304630933772716,6.589583212012961,2.538277856026363,3.124292779437255,0.7385226417240915,0.7728711634617168,0.9513047555868656
Trade-In,US Center ,medium,0.95,7.4375,5.046038049797088,3.0,17.532856912857145,119,3.7245565411967405,3.1875,6.126350335573289,9.313850335573289,3.675810201343973,4.4929867659471165,0.7333871750458217,0.24787482422686344,0.3029803618411983
Trade-In,West Africa,slow,0.95,6.066666666666666,5.216274897810104,2.7586206896551726,17.23137908034483,91,3.5143974065669776,2.3908045977011496,5.78066932074054,8.17147391844169,3.4684015924443243,4.241393261275811,0.7337200981308617,0.22986670247030702,0.2810963658225521
Trade-In,West Asia,medium,0.95,7.4,3.5003759196616824,3.204081632653061,17.826734463877553,148,2.8016336717791632,3.3871720116618076,4.608277306415327,7.995449318077135,2.7649663838491962,3.407507896172229,0.7394320414330385,0.1895781597170283,0.23363360941780145
Trade-In,West of USA ,medium,0.95,9.473684210526315,4.78850963885461,2.75,17.91857119857143,180,3.688025881296623,3.721804511278195,6.06626274714165,9.788067258419845,3.6397576482849896,4.441245752072124,0.7321222204173048,0.25084329448592113,0.30607991622637415
Trade-In,Western Europe,medium,0.99,8.3125,7.5709014250019635,2.8613861386138613,77.47514975990099,266,5.158248773515189,3.39789603960396,11.999881068040835,15.397777107644796,7.199928640824501,6.294358472139227,0.524535071343576,2.1454444219556867,1.875601404890339
Water Sports,Canada,slow,0.95,4.6,3.3150375087184956,2.858695652173913,199.9900055,92,2.30731561426518,1.8785714285714286,3.7951964566458454,5.6737678852172735,2.2771178739875073,2.7989497628836957,0.737497991173131,1.7515416005496536,2.1529306864358997
Water Sports,Caribbean,fast,0.95,16.90909090909091,6.212583561061472,2.9018817204301075,199.9900055,744,5.354100444058969,7.00974025974026,8.806711534472884,15.816451794213144,5.28402692068373,6.544891883792145,0.7431709166552011,4.06443297280649,5.034280630140371
Water Sports,Central Africa,medium,0.95,7.0,3.8340579025361623,2.8503401360544216,199.9900055,147,2.7802721692663637,2.8503401360544216,4.5731407615300155,7.423480897584437,2.743884456918009,3.4025550116875016,0.7440302385420395,2.1105748755015274,2.6172192134670618
Water Sports,Central America,fast,0.99,58.43181818181818,14.719703180893806,2.941656942823804,199.9900055,2571,15.695133047905763,24.5551948051948,36.512339398783716,61.06753420397852,21.90740363927023,18.99217419229401,0.5201576920301817,16.851006824262974,14.608634696822449
Water Sports,Central Asia,slow,0.95,2.5625,1.7499999999999998,2.951219512195122,199.9900055,41,1.2747046189870805,1.0803571428571428,2.096702515832694,3.1770596586898368,1.2580215094996163,1.538293889108091,0.7336729352361968,0.9676604946305638,1.1832438590128598
Water Sports,East Africa,medium,0.95,8.0,4.710676829339515,2.9261363636363638,199.9900055,176,3.5157312466153354,3.344155844155844,5.7828632923818555,9.1270191365377,3.469717975429113,4.268988719342246,0.7382136674346192,2.6688804499596817,3.283673374848822
Water Sports,East of USA,fast,0.95,29.59090909090909,7.902134075281369,2.8433179723502304,199.9900055,651,7.95659061374417,12.019480519480519,13.087426929185138,25.10690744866566,7.8524561575110825,9.675106223390316,0.7392672582426953,6.040049038958271,7.442017487803513
Water Sports,Eastern Asia,fast,0.95,20.53846153846154,11.296834137866306,2.99250936329588,199.9900055,534,8.679198178718037,8.780219780219781,14.276010603294976,23.05623038351476,8.565606361976986,10.497209388188512,0.7353041182083251,6.58859870554851,8.074372935686432
Water Sports,Eastern Europe,medium,0.95,14.636363636363637,5.122736011393155,2.798136645962733,199.9900055,322,4.512011868312829,5.850649350649351,7.421599086442445,13.272248437091797,4.452959451865467,5.508732868624924,0.7422568646544264,3.425182251037891,4.237275064208959
Water Sports,North Africa,medium,0.95,13.954545454545455,5.037736384407969,2.960912052117264,199.9900055,307,4.519441720235404,5.902597402597403,7.4338201053250055,13.336417507922409,4.460292063195003,5.486488251107968,0.7380442589911314,3.4308224394229807,4.220164675056799
Water Sports,Northern Europe,fast,0.95,18.386363636363637,9.6910793530692,2.9208899876390606,201.287904007911,809,7.440561454822654,7.672077922077922,12.238634495520365,19.910712417598287,7.343180697312219,9.10562011739983,0.7440062141518081,5.684974812743565,7.049427646629541
Water Sports,Oceania,fast,0.95,31.833333333333332,18.931608412954493,2.9581151832460733,199.9900055,764,13.940522191908018,13.452380952380953,22.93011848895739,36.38249944133834,13.758071093374435,16.86979256026403,0.7357045524377961,10.582602744743632,12.97611502658101
Water Sports,South America,fast,0.99,31.545454545454547,11.05683950270526,2.897694524495677,199.9900055,1388,9.698563057803383,13.058441558441558,22.562231550771937,35.6206731092135,13.537338930463163,11.762423450460473,0.5213324499392453,10.412817258302661,9.047565886734304
Water Sports,South Asia,fast,0.95,13.272727272727273,9.150838407042114,2.787671232876712,199.9900055,584,6.423703354718439,5.285714285714286,10.566051761468964,15.85176604718325,6.3396310568813785,7.752569057545661,0.7337243118396238,4.876395576667991,5.963216647914179
Water Sports,South of  USA ,medium,0.95,16.454545454545453,6.801451334806438,2.9806629834254146,199.9900055,362,5.522339954694015,7.0064935064935066,9.083440903737479,16.089934410230985,5.450064542242488,6.689988539481105,0.7365037776299549,4.192147837609347,5.14588786463755
Water Sports,Southeast Asia,fast,0.95,31.0,8.890872794479689,2.9281524926686218,199.9900055,682,8.935378360734614,12.967532467532466,14.69738950483803,27.664921972370497,8.818433702902817,10.933975322498137,0.7439399574257002,6.78307155671123,8.410329941858718
Water Sports,Southern Africa,medium,0.95,4.523809523809524,2.7680145884559137,2.905263157894737,199.99000549999997,95,2.0428342708514435,1.8775510204081634,3.360163359670763,5.237714380078926,2.0160980158024575,2.4920366355108374,0.7416415122611816,1.550767127957202,1.9168554632385149
Water Sports,Southern Europe,fast,0.95,16.235294117647058,10.830675390379156,2.8707729468599035,201.62044011630434,828,7.663303710445518,6.658263305322129,12.605012902556986,19.263276207879116,7.563007741534191,9.373664616057933,0.7436457771619132,5.864834420965925,7.268932251508576
Water Sports,US Center ,fast,0.95,22.181818181818183,6.321816824724357,2.8995901639344264,199.9900055,488,5.983715194697174,9.188311688311689,9.84233564064228,19.030647328953968,5.905401384385368,7.220081427407234,0.7335739900591394,4.542389443626682,5.553631247606233
Water Sports,West Africa,medium,0.95,15.272727272727273,7.2714825774706275,2.9910714285714284,199.9900055,336,5.753368604499029,6.525974025974026,9.463449216298958,15.989423242272984,5.678069529779375,6.988649378925217,0.7384886016917196,4.367527524961383,5.375615491264715
Water Sports,West Asia,fast,0.95,24.227272727272727,8.439881618340493,2.9136960600375232,199.9900055,533,7.459783849234618,10.084415584415583,12.270252520687574,22.35466810510316,7.362151512412544,9.120800657240318,0.7433262389557755,5.662910467150839,7.015649898484212
Water Sports,West of USA ,fast,0.95,33.04545454545455,9.824542993017284,2.9821182943603852,199.99000549999997,727,9.539475193944062,14.07792207792208,15.69104037197249,29.76896244989457,9.414624223183493,11.581680196496553,0.7381078578565051,7.241656731441923,8.908539562294562
Water Sports,Western Europe,fast,0.99,46.254901960784316,30.037871520635353,2.9097075031793134,201.51607571314116,2359,21.815886682170976,19.226890756302524,50.75134160338434,69.97823235968687,30.450804962030602,26.341365198904196,0.5190279580145647,23.601256608671747,20.416186706961078
Women's Apparel,Canada,medium,0.95,17.5,7.251134212550548,3.169642857142857,50.0,350,6.329652777742135,7.924107142857143,10.411352328812612,18.335459471669754,6.2468113972875665,7.695531624897812,0.7391481319483372,1.2013098840937628,1.479909927864964
Women's Apparel,Caribbean,fast,0.95,67.30232558139535,21.967004351462833,2.949290060851927,50.0,2894,19.77477045146239,28.356297129918527,32.52660289922071,60.882900029139236,19.515961739532425,24.000564955756232,0.7378749336387431,3.7530695652946977,4.615493260722352
Women's Apparel,Central Africa,fast,0.95,31.095238095238095,12.473591150525825,2.892523364485981,50.0,653,10.238105088696624,12.849100387818677,16.840184288252967,29.689284676071644,10.10411057295178,12.476831190464676,0.7408963570053096,1.943098187106112,2.3993906135508993
Women's Apparel,Central America,fast,0.99,235.04545454545453,54.00256434283966,2.924500587544066,50.0,10342,61.20206023442594,98.19865284539198,142.37728271327626,240.57593555866822,85.42636962796576,74.4358748759908,0.5228072446493592,16.42814800537803,14.314591322305926
Women's Apparel,Central Asia,medium,0.95,10.0,8.75394647843865,2.8615384615384616,50.0,200,5.856303632974728,4.087912087912088,9.632762271227564,13.720674359139652,5.779657362736539,7.104761388759328,0.737562205804745,1.1114725697570267,1.3663002670691016
Women's Apparel,East Africa,fast,0.95,26.954545454545453,15.242413484457401,2.861244019138756,50.0,593,11.138472465930157,11.017647424345988,18.321156834284327,29.338804258630315,10.992694100570596,13.48304593136398,0.7359276520210337,2.1139796347251147,2.592893448339227
Women's Apparel,East of USA,fast,0.95,116.0,29.573153848912167,2.9131944444444446,50.0,2552,30.77097892678542,48.27579365079365,50.61375629257032,98.88954994336397,30.368253775542193,37.37006308513169,0.738338068984959,5.840048802988884,7.186550593294556
Women's Apparel,Eastern Asia,fast,0.95,75.14814814814815,45.0330679387626,2.9620991253644315,50.0,2029,33.57627537038534,31.799466271769482,55.22805832249971,87.0275245942692,33.136834993499825,40.71957205676065,0.7372986357583322,6.372468267980736,7.830686933992433
Women's Apparel,Eastern Europe,fast,0.95,66.0,29.50383348780613,2.90702479338843,50.0,1452,23.51777347092381,27.40909090909091,38.683294991472145,66.09238590056306,23.209976994883288,28.49682750286124,0.7366701184359672,4.463457114400633,5.480159135165623
Women's Apparel,North Africa,fast,0.95,49.72727272727273,24.947911102901347,2.9029649595687332,50.0,1094,19.013213664013538,20.622361466027236,31.273953455255956,51.89631492128319,18.764372073153574,23.03247385111961,0.7364746476352108,3.608533090991072,4.42932189444608
Women's Apparel,Northern Europe,fast,0.95,69.48,44.64565248391254,2.9810508182601207,50.0,3474,32.835620647097684,29.58905869324474,54.009789714581274,83.59884840782601,32.40587382874876,39.917383698069116,0.7390768212395472,6.231898813220916,7.676419941936369
Women's Apparel,Oceania,fast,0.95,127.54166666666667,89.89509788185563,2.941118743866536,50.0,3061,64.039904930922,53.58788377961587,105.33626989525453,158.9241536748704,63.20176193715272,77.51100335307332,0.735843441486485,12.154184987913986,14.90596218328333
Women's Apparel,South America,fast,0.99,128.9090909090909,53.847682760627855,3.002116402116402,50.0,5672,44.87341865340784,55.28572802858517,104.39118208529993,159.6769101138851,62.634709251179956,54.25530401546764,0.5197307179751508,12.045136394457684,10.433712310666854
Women's Apparel,South Asia,fast,0.95,51.97727272727273,39.46767216187671,2.876984126984127,50.0,2287,27.570219170486965,21.362541228612656,45.34897499842249,66.71151622703515,27.209384999053494,33.72120835864301,0.7435936172717472,5.232574038279519,6.484847761277503
Women's Apparel,South of  USA ,fast,0.95,69.5909090909091,22.143813692507546,2.8895463510848125,50.0,1531,20.288280274758883,28.726593918901614,33.37125139454516,62.097845313446776,20.022750836727095,24.736218647903556,0.7412433640995231,3.850529007062903,4.756965124596838
Women's Apparel,Southeast Asia,fast,0.95,123.04347826086956,44.54974569957985,2.8814814814814813,50.0,2830,38.93558313031877,50.64964343225213,64.04333512937538,114.69297856162751,38.42600107762522,47.29353611747045,0.7384614811507195,7.389615591851005,9.09491079182124
Women's Apparel,Southern Africa,medium,0.95,19.045454545454547,12.194757939874052,2.773049645390071,50.0,419,8.644960821770733,7.544855853366492,14.219695162542969,21.76455101590946,8.531817097525781,10.473802482444292,0.7365701136852794,1.6407340572164963,2.0141927850854406
Women's Apparel,Southern Europe,fast,0.95,58.90909090909091,44.22847780738389,3.0027223230490017,50.0,3240,31.641343310451912,25.26966318617861,52.04537830581353,77.31504149199213,31.227226983488116,38.627291987874266,0.7421848633879476,6.0052359583631,7.4283253822835125
Women's Apparel,US Center ,fast,0.95,103.0,28.680506072442803,2.824675324675325,50.0,2266,27.573520311722593,41.563079777365495,45.35440489255699,86.91748466992249,27.212642935534195,33.63020363486821,0.7414980686999861,5.233200564525807,6.467346852859271
Women's Apparel,West Africa,fast,0.95,64.68181818181819,24.343545861443957,2.896694214876033,50.0,1423,20.544479463767175,26.76620693356231,33.79266155980748,60.558868493369786,20.275596935884487,25.120057421235618,0.7433583583458565,3.899153256900863,4.830780273314542
Women's Apparel,West Asia,fast,0.95,101.04545454545455,26.09046034879648,2.8983739837398375,50.0,2223,27.24472388559073,41.83821666138739,44.81358289850532,86.65179955989271,26.888149739103188,33.345925426766065,0.7441030881705794,5.170798026750614,6.4126779666857825
Women's Apparel,West of USA ,fast,0.95,130.04545454545453,35.725777371964476,2.897089397089397,50.0,2861,35.676104363192465,53.82190107190107,58.68196965729637,112.50387072919744,35.20918179437782,43.49757206490935,0.7412425369996245,6.770996498918811,8.36491770479026
Women's Apparel,Western Europe,fast,0.99,182.8846153846154,120.38217799275996,2.9001579778830964,50.0,9510,86.9927754891977,75.770610905682,202.37545831620722,278.1460692218892,121.42527498972433,106.13111746291617,0.5244268170950285,23.35101442110083,20.40983028133003
Women's Golf Clubs,Central America,slow,0.99,8.222222222222221,4.893306085301066,2.925,135.24000072500002,74,3.6451932212396794,3.435714285714285,8.479987500699012,11.915701786413297,5.087992500419407,4.388686971761665,0.51753460384227,2.646538882482751,2.282792420164791
Women's Golf Clubs,Northern Europe,slow,0.95,5.5,3.7032803990902057,2.8333333333333335,129.99000040666667,44,2.663529191712011,2.2261904761904763,4.381115651478625,6.607306127669101,2.628669390887175,3.2245558292810292,0.7360124876394767,1.314233596886216,1.6121538983060015
Women's Golf Clubs,Southern Europe,slow,0.95,4.6,3.687817782917155,3.35,125.990000152,46,2.8650732047041387,2.2014285714285715,4.71262605223908,6.914054623667651,2.8275756313434477,3.4751732820398065,0.737417576425074,1.3701779008567403,1.6839887782016214
Women's Golf Clubs,Western Europe,medium,0.99,12.846153846153847,5.0140827317691565,2.927536231884058,135.64217465188406,167,4.25474445384044,5.37251154642459,9.898015714778767,15.270527261203357,5.93880942886726,5.12234931053898,0.5175127478218468,3.0982808683641108,2.6723330761849473
