trial_id,current_policy_stockouts,current_policy_cost,optimized_policy_stockouts,optimized_policy_cost
0,72.0,1857.2909102158299,48.0,2101.5678281049754
1,72.0,1948.501643776141,59.0,2263.829176039955
2,71.0,2114.4018006902525,49.0,2097.508574943405
3,85.0,1996.9460084023403,62.0,2063.9460257136934
4,79.0,2076.514412536413,45.0,2062.941666013319
5,85.0,2139.338449630566,62.0,2055.9831545873844
6,73.0,1950.539718576159,59.0,2105.817969992425
7,76.0,1988.9517497387155,53.0,2039.8352299968208
8,91.0,2093.843852553552,56.0,2133.9709119229783
9,91.0,2032.4452796362195,63.0,2063.667166384353
10,74.0,2028.3878959125757,65.0,2081.9658998707605
11,88.0,2083.824247596811,56.0,2175.7782629268613
12,75.0,2021.890904143221,54.0,2070.9505779062906
13,74.0,2055.56508544184,54.0,2013.1618814263377
14,78.0,1917.1182793116802,40.0,2034.7784746395437
15,76.0,2062.1723619821746,54.0,2195.165112086486
16,78.0,2058.839165684895,56.0,2179.4350572401213
17,76.0,1982.6669349048982,58.0,2229.1032394584213
18,77.0,2044.5692372271365,58.0,2138.3443902472573
19,65.0,2016.1690903437132,52.0,2112.272928451289
20,72.0,1901.3743581568085,63.0,2147.3728600793384
21,69.0,1875.6933414439004,52.0,2017.1529094243892
22,83.0,2055.1858610671848,50.0,2044.013583533068
23,69.0,1938.706559221721,69.0,2241.4303772111093
24,77.0,2023.3880690174024,54.0,2097.357545709999
25,67.0,2007.9111762123755,56.0,2065.0788368677086
26,64.0,1987.8182434503658,59.0,2117.517537768205
27,86.0,2029.0460590958346,47.0,2071.093371549733
28,56.0,1976.5259295661351,46.0,2133.9590334376144
29,78.0,2003.519108408297,53.0,2046.4018164393608
30,65.0,1909.198610008999,47.0,1971.7602397050991
31,73.0,2071.941045913529,52.0,2039.5156188207336
32,79.0,2018.7396449310331,56.0,2057.724103447274
33,68.0,2046.3149209554135,62.0,2210.881224218319
34,80.0,2004.8411669882803,45.0,2074.7767423819305
35,73.0,2124.4387329922824,47.0,2155.132200147324
36,68.0,1984.8185825592027,51.0,2111.519218944749
37,62.0,2003.8663740400857,55.0,2078.4963169852413
38,64.0,1944.9687556869796,45.0,1982.878025921185
39,65.0,2074.4812530289164,54.0,1991.6986368036805
40,69.0,1946.2679901139588,51.0,2040.285990368456
41,82.0,2090.0694934555736,60.0,2059.5426488122175
42,88.0,2063.954017177252,56.0,2157.5372684615954
43,62.0,1949.6551601117205,54.0,2125.553818376597
44,67.0,2037.4149159790156,48.0,2073.9247679881937
45,65.0,2123.9620131588676,60.0,2124.74148361728
46,85.0,2019.0345101546955,47.0,2145.898714606113
47,65.0,1979.5677679304479,59.0,2225.5809320532717
48,63.0,1993.4142146842212,53.0,2075.5388830223287
49,76.0,2026.8557765633732,60.0,2207.551363653052
50,70.0,2105.498234924244,57.0,2031.281682775907
51,82.0,2076.986335110616,55.0,2122.0277924867487
52,74.0,1910.1670336596903,66.0,2193.346218525849
53,68.0,2153.2054164255487,55.0,2062.501741344454
54,59.0,1937.0784533762555,52.0,2045.4476153250305
55,81.0,2260.3846801296695,59.0,2192.4213376077055
56,66.0,1996.4556468028757,55.0,2065.5166712818736
57,77.0,2150.263505073021,62.0,2224.581357224427
58,80.0,2000.676679749175,47.0,1997.3565843372278
59,76.0,2020.0266525642103,53.0,2052.966925264586
60,80.0,1992.0610669142968,64.0,2168.3382477047385
61,68.0,1950.8766066270111,58.0,2148.813433565901
62,67.0,1988.3719971798064,48.0,2026.0969719358075
63,76.0,2184.233475292481,64.0,2124.023125054988
64,62.0,1882.1809043563603,55.0,2145.3065991290073
65,65.0,1922.7981803466816,59.0,2025.7680405763128
66,82.0,2141.4246172645458,52.0,2089.3576215242647
67,84.0,2248.572343719957,62.0,2048.534298003771
68,76.0,2011.3511449421596,63.0,2083.1201257467937
69,87.0,2015.2624436582987,60.0,2093.6959974908177
70,63.0,1984.8557138537499,60.0,2106.174477687841
71,83.0,2107.2792723909124,59.0,2286.8300000529825
72,67.0,1908.1019974596768,56.0,2109.031135170872
73,76.0,2051.0873198780223,47.0,1993.563805758744
74,87.0,1950.9771631584524,48.0,2085.858034618511
75,83.0,2123.2573370770074,40.0,1974.7168991752947
76,82.0,2040.0939889035521,55.0,2028.5925947655335
77,71.0,2045.5427991428846,57.0,2037.8744122742776
78,70.0,1976.5128097705165,58.0,2169.9443412705727
79,65.0,1977.0922919474808,60.0,2055.9952258389194
80,63.0,1871.5865493370652,59.0,2082.0997752352223
81,65.0,1895.5823282859456,50.0,2019.9113696092493
82,64.0,1955.5811207561658,64.0,2148.147331872554
83,87.0,2165.3581321821166,52.0,2063.0158291240805
84,81.0,1941.9471305621826,53.0,2049.5642270648664
85,60.0,2023.8034689520123,75.0,2143.9957901190714
86,75.0,2109.08473160179,62.0,2178.547756398181
87,79.0,2016.1337085363748,56.0,2064.765075727647
88,67.0,2070.075533273518,64.0,2212.0195962430416
89,66.0,1925.6706918503417,49.0,2164.3524929342825
90,74.0,1931.4970470066871,72.0,2200.497799180707
91,72.0,2134.2746150640896,48.0,2099.0194892099794
92,73.0,2050.6292672560658,62.0,2080.55012149827
93,61.0,1864.3727401303636,56.0,1983.2932723841445
94,60.0,2025.659218629831,62.0,2195.715756195981
95,72.0,2074.8717134656467,48.0,2121.4999767709796
96,75.0,1935.4691501934267,55.0,2085.6992300353686
97,80.0,2037.430550653484,47.0,2112.6850826234877
98,67.0,2036.48965011067,54.0,2286.3149408870822
99,68.0,2046.1923142321386,62.0,2039.6498393405518
100,74.0,2021.966547622546,56.0,2073.857013719381
101,70.0,1903.8453791256345,47.0,1977.7340046229476
102,64.0,1917.4848516516379,51.0,2087.075057538928
103,76.0,2130.122106333368,50.0,2022.5405073767563
104,66.0,2048.2180235862697,65.0,2007.8106682443167
105,64.0,1994.679768604846,52.0,2039.2836921114574
106,75.0,1946.961515768326,59.0,2057.90690954258
107,73.0,1999.916270124434,62.0,2148.9096333953485
108,79.0,2078.786917667589,49.0,2027.9008727455732
109,61.0,2008.8780097859917,71.0,2314.300486203967
110,74.0,1889.3516409510178,62.0,2080.77760063455
111,64.0,1909.5027446387303,40.0,2087.1972586458
112,73.0,1968.2899423970175,47.0,2264.035933495074
113,81.0,2016.5679054051145,56.0,2131.3251725834302
114,88.0,2364.8433684265487,57.0,2144.921933246931
115,69.0,1927.0553720233627,57.0,2043.5708573117702
116,67.0,1962.4425572818623,56.0,2102.8388316217574
117,72.0,2238.1141731462317,40.0,2081.2658626730604
118,69.0,1995.181435845804,49.0,2043.2092338201326
119,87.0,2034.4024125425478,45.0,2013.6085190384188
120,75.0,1996.9163783569181,57.0,2061.2579786946008
121,85.0,2085.772023076433,64.0,2082.6622843389505
122,73.0,1965.994373164753,56.0,2301.118258353536
123,81.0,2148.7550548327167,62.0,2195.8822989310875
124,71.0,2120.7578314066363,68.0,2030.950535735157
125,58.0,2077.2022202851003,56.0,2026.7435634245512
126,79.0,1991.7417984765898,54.0,2067.4875478386216
127,62.0,2023.1037558407602,48.0,2207.279189281863
128,78.0,2066.564174067377,49.0,2053.546646606197
129,85.0,2059.3045341501224,56.0,2137.0864755607668
130,76.0,1953.5053642473074,57.0,2305.9177303374145
131,64.0,1970.0090152159166,58.0,2197.200887230052
132,70.0,2100.893206143576,51.0,2007.9018411125926
133,78.0,2099.328419908971,60.0,2255.9604031622866
134,81.0,1972.5698466909862,53.0,2043.5337443754838
135,74.0,1927.7507916160025,59.0,2160.376173363142
136,80.0,2082.3603213957026,66.0,2114.370582908455
137,77.0,1894.7273231048166,52.0,2085.681162097591
138,84.0,2060.394609424115,64.0,2079.98211230001
139,68.0,2002.4783677486314,66.0,2166.9431136911053
140,83.0,2065.6936454953784,60.0,2107.1055747161035
141,77.0,1976.29948769005,50.0,2049.1230242240176
142,92.0,2004.147624746052,63.0,2198.453412554356
143,77.0,1989.6718434166903,56.0,2024.266929823027
144,67.0,1987.9891784734675,53.0,2008.8954989468768
145,60.0,1989.9573290069122,59.0,2138.81658421771
146,74.0,1961.5272523643553,47.0,1999.4535653426199
147,82.0,2156.970593516159,56.0,1987.6289338797337
148,75.0,1935.772187300199,63.0,2142.8575562417373
149,72.0,2074.8017820398104,57.0,2146.345015775632
150,73.0,2033.0761080496338,61.0,2277.0090470940117
151,82.0,2024.2129752040992,61.0,2111.697623570223
152,76.0,1968.3918864463246,67.0,2225.056512536564
153,79.0,2049.512336440247,56.0,2129.398111813514
154,78.0,2155.667787926068,59.0,2086.242720550961
155,72.0,1963.5072611895744,52.0,2079.2064518845295
156,70.0,1905.4366978033179,60.0,2167.133629125881
157,84.0,1998.6741175805594,47.0,2032.1907701760101
158,68.0,1982.8995779092863,51.0,2070.531871485737
159,86.0,2124.3740053886904,49.0,2062.2496745884932
160,65.0,1875.0658271084799,66.0,2093.0188577497584
161,78.0,1901.4022509532483,54.0,2123.4143492851513
162,83.0,2094.5569221415612,51.0,2023.2581509466731
163,82.0,2074.03273680683,56.0,2129.6727870621335
164,65.0,1962.065989866348,53.0,2113.0295104917277
165,58.0,1864.9737808075065,46.0,2123.2677259643992
166,70.0,2029.5344731672521,52.0,2119.073499134068
167,92.0,2117.9464329649413,49.0,2099.6492906661783
168,84.0,2235.304668781736,51.0,2119.983875411369
169,62.0,2020.649222360522,56.0,2233.9106285324265
170,77.0,2002.7390617551546,55.0,2164.3871031638087
171,83.0,2067.336360154522,56.0,2079.203344348816
172,79.0,2162.105517227692,52.0,2069.8662161393627
173,63.0,1959.8214227927972,43.0,1961.6406820134725
174,75.0,2231.474248956067,48.0,2099.6053625729633
175,86.0,2127.9325664767885,52.0,2084.7581200296813
176,67.0,1887.9347875382753,44.0,1974.9645309322348
177,67.0,2182.4272089228825,52.0,2129.347302085396
178,78.0,2131.314673810852,55.0,2182.7205347258355
179,85.0,1970.1591480583427,57.0,2085.922567748046
180,66.0,2002.8955846057324,54.0,2017.4473396096048
181,67.0,1928.227714762526,59.0,2129.826166550041
182,58.0,1987.9884268147744,64.0,2152.2335900025155
183,65.0,2098.97687773856,47.0,2139.0035241222404
184,68.0,1873.9425222468092,53.0,2125.6087554438664
185,69.0,1884.3679300865306,46.0,2216.563562579761
186,75.0,2073.877112465113,56.0,1995.6646061743916
187,63.0,2009.801783819852,53.0,2059.2595841462435
188,75.0,1984.722183277914,49.0,2028.9846866489474
189,70.0,1952.381667618281,48.0,2066.17167193064
190,61.0,2004.316251325311,59.0,2107.6805920118923
191,66.0,1897.313241600956,49.0,2074.779904189348
192,70.0,1942.113705154522,64.0,2236.954115528339
193,64.0,1985.4154521187409,43.0,2082.9494654353043
194,83.0,1863.0995186115742,66.0,2092.275002130976
195,60.0,2025.8252839107288,45.0,2048.6552887873104
196,90.0,2131.909108592861,55.0,2089.806347095587
197,68.0,1875.2322141984812,63.0,2092.3759106210887
198,67.0,1884.940176895644,46.0,2143.042010221042
199,66.0,1908.927804899899,53.0,2039.7949571497377
200,68.0,2058.481294952689,56.0,2115.501923547561
201,72.0,1977.640684175022,63.0,2259.44337400764
202,74.0,2060.955220297084,59.0,2082.4728562916785
203,75.0,1983.387235228599,50.0,1997.3106541220893
204,71.0,2124.264953236134,55.0,2163.5537086180707
205,66.0,1964.1174282629393,61.0,2183.6525543676107
206,68.0,1915.6595477365004,57.0,2144.966114003117
207,75.0,2073.892411113668,47.0,2099.2853809894214
208,83.0,2152.4144172563083,63.0,2182.185437443253
209,63.0,1847.0218108156716,48.0,2077.6671863974566
210,78.0,1935.4120375069676,47.0,2135.007650710695
211,69.0,2095.947662806353,48.0,2073.2562520207744
212,77.0,2083.013643888922,53.0,2075.5368863854615
213,81.0,2040.745538004329,53.0,2209.026960188911
214,76.0,1988.7048214501963,64.0,2176.5327594336063
215,70.0,2020.6720718414924,56.0,2044.92219365174
216,75.0,2037.2444880208902,58.0,2144.756846265401
217,74.0,1957.867079089466,58.0,2216.887819428755
218,67.0,1982.4736035636947,51.0,2048.521709239912
219,75.0,1982.4518882259883,62.0,2179.303113943201
220,77.0,2047.2825788027856,48.0,2003.2526016073025
221,66.0,1988.3409487267181,64.0,2200.2056976358613
222,78.0,2160.9052185849623,54.0,2034.5682218294878
223,69.0,1969.527826927644,48.0,2029.3066155193794
224,79.0,1986.7103610246875,57.0,2024.218941832898
225,78.0,2007.6930255501895,57.0,2184.0957468541606
226,77.0,1937.2484328232579,56.0,2037.9777138821703
227,72.0,2010.3419126043868,56.0,2027.5136407494335
228,74.0,2064.0816293313596,64.0,2117.419241800466
229,65.0,2020.5628368298383,49.0,2256.5065388636067
230,69.0,2002.653772363387,44.0,1986.89819602422
231,65.0,1930.2855750886442,59.0,2098.9898021231766
232,73.0,1942.3545164035659,50.0,2062.714547206957
233,69.0,2118.9557602262266,57.0,2215.6045732235643
234,77.0,1854.6851300342519,53.0,2065.27697775678
235,79.0,2070.88313283924,48.0,2053.8020863639354
236,71.0,2212.1792546907027,57.0,2152.8476274360187
237,94.0,2198.375239649204,48.0,2034.9046230712477
238,78.0,2024.4447879801323,69.0,2174.408903809207
239,74.0,2082.1918034213977,39.0,1979.4306748676333
240,95.0,2073.7292371291915,61.0,2086.535296231318
241,76.0,2125.8176768285493,41.0,2050.052711746075
242,58.0,1975.2638336019613,52.0,2152.7915356514554
243,58.0,1964.8214691331943,58.0,2176.0944333816756
244,84.0,1942.6377353171706,74.0,2094.2310054908153
245,64.0,1889.0705698932002,54.0,2176.1404400237593
246,72.0,1918.0818209442095,51.0,1979.0881661385433
247,68.0,1961.7949914751293,54.0,2084.663233872103
248,68.0,2139.3705079479932,55.0,2086.3703128042584
249,68.0,1941.1414666527924,54.0,2042.7246454553829
250,76.0,1993.546576341773,58.0,2061.44236746042
251,74.0,1971.476265143576,63.0,2104.8200026023615
252,78.0,2128.4098581563694,48.0,2023.7048763939356
253,76.0,2010.0564975187158,56.0,2095.095972951592
254,78.0,2054.1784928790553,67.0,2084.7051875166867
255,58.0,1821.7046545860435,66.0,2272.3644869564687
256,70.0,2071.4258671617195,57.0,2074.1866829012856
257,67.0,2163.303598788835,60.0,2146.9832347837355
258,69.0,1941.946373735896,47.0,2218.320765586818
259,84.0,2037.0947034672572,69.0,2179.331608144804
260,74.0,1859.9428809053377,46.0,1987.30432748348
261,73.0,1952.9405876862954,66.0,2147.89384030583
262,67.0,1908.979704423816,47.0,2113.621731513408
263,67.0,2133.153258917698,53.0,2163.7080910612945
264,77.0,2055.978846026653,63.0,2143.9150878175165
265,71.0,1893.0869317601591,66.0,2179.3330782235266
266,77.0,1943.5777310407161,67.0,2173.2583440676867
267,77.0,1940.320843550151,61.0,2044.8797204413845
268,72.0,1968.9606499422189,51.0,2110.413795601213
269,76.0,2093.9594480374612,51.0,2035.463149877748
270,72.0,1935.1147557446789,53.0,2094.528507810223
271,72.0,1955.243359418693,50.0,2088.9189768352485
272,71.0,1964.6181622922727,67.0,2049.6721473845146
273,67.0,2003.5431467638714,59.0,2079.8518250894144
274,83.0,2039.604952716268,56.0,2041.0796821824688
275,62.0,1965.2775974020144,53.0,2097.687315167819
276,83.0,2026.516496068761,49.0,2007.8117663221067
277,72.0,1988.5238897041124,60.0,2090.3357193501593
278,68.0,1962.352519523418,59.0,2078.66640474339
279,62.0,1920.8634611316509,57.0,2016.8421736803266
280,80.0,2215.388200084842,61.0,2156.3226876008503
281,72.0,1947.3259786320114,36.0,2013.578674437466
282,81.0,1991.3399808168463,45.0,2141.7068033871724
283,75.0,2076.74715943911,63.0,2286.8980519714605
284,71.0,1973.1997208574298,55.0,2105.7850491894105
285,85.0,1945.660470007348,47.0,2004.6138372978423
286,75.0,1984.310497532406,49.0,2011.7057126735763
287,81.0,2194.4698715768764,58.0,2116.8653279027444
288,61.0,2203.2016765815397,72.0,2136.8582411146654
289,56.0,1966.4976829579493,53.0,2097.9932406985035
290,70.0,2072.9127025663165,57.0,2088.0717482239897
291,61.0,2052.6068814921837,49.0,2100.9518584386756
292,87.0,2169.172537244119,61.0,2054.3912755917095
293,65.0,1925.65458728625,52.0,2107.6551657192363
294,68.0,2076.3845594930863,57.0,2071.149989998272
295,75.0,1916.4564195433684,52.0,2072.8795779148318
296,67.0,2147.5993515161954,57.0,2037.1414209429747
297,73.0,1993.6053050756327,51.0,2038.981982519929
298,83.0,2012.7000083015173,63.0,2295.752325208825
299,77.0,1972.416648549635,60.0,2060.980519723727
300,59.0,1811.6412725882044,58.0,2128.3218479890425
301,82.0,1988.756196000176,59.0,2095.669030120011
302,66.0,1917.723115137666,58.0,2012.713497117159
303,64.0,2031.3681302885057,58.0,1990.0751717480805
304,64.0,1979.6121253252613,62.0,2122.241840203026
305,86.0,2089.2868571394197,58.0,2170.3703407398207
306,75.0,2072.7255033472698,59.0,2104.1864983950954
307,74.0,2058.9227818228287,48.0,2079.9339001256417
308,89.0,2054.209573635866,59.0,2082.023385465997
309,74.0,1921.1167616609994,61.0,2102.8057560055813
310,76.0,2031.040673275584,56.0,2040.390804232185
311,68.0,2028.83288137355,67.0,2140.4169620898488
312,68.0,2037.8481893153817,67.0,2255.4937717844837
313,89.0,1999.5648889528622,46.0,2070.6824216966725
314,74.0,1980.2640535306884,53.0,2066.851973853843
315,77.0,1971.1508600177478,60.0,2124.4976541973747
316,61.0,1944.6871597488987,61.0,2162.732663822518
317,57.0,1922.8172012747107,47.0,2117.792948694963
318,74.0,1980.1356080188723,84.0,2383.0855810295106
319,69.0,1952.921142004982,58.0,2052.136672890712
320,80.0,2109.198158326219,58.0,2092.583457628015
321,77.0,2029.8151393242833,66.0,2154.0025892706094
322,68.0,1945.7034277892435,64.0,2058.308877362905
323,65.0,2034.2687336762945,47.0,2080.6530508787064
324,62.0,1977.8450963252978,55.0,2083.21576764794
325,73.0,1957.2702464163688,63.0,2176.118044264913
326,71.0,1943.9998642904322,62.0,2194.9919937098043
327,59.0,1913.7835177023671,57.0,2157.685397696799
328,78.0,1964.271685676826,49.0,2034.0724264167818
329,86.0,2125.3009396878288,45.0,2029.408612188841
330,74.0,2014.8927427267706,59.0,2080.9103014323878
331,80.0,1962.020449457747,55.0,2141.0401034910956
332,63.0,1998.7874066216139,62.0,2212.894951965125
333,79.0,2018.9022251053927,51.0,2237.5465768876616
334,85.0,2113.9943866081812,64.0,2171.153070314759
335,75.0,2086.887389175589,59.0,2117.1980008444702
336,64.0,1867.007661700866,48.0,2023.1750855307594
337,81.0,1982.8828425763577,52.0,2070.4621838411076
338,68.0,1985.1766716193467,58.0,2042.0534959642316
339,74.0,1939.539994731958,63.0,2129.915535679751
340,80.0,2134.4601979095432,50.0,2122.8390747109916
341,82.0,1979.5069558059909,60.0,2267.478655375677
342,69.0,2040.5339427960066,52.0,2183.4252060494982
343,84.0,2012.0922840551507,65.0,2144.5479852389044
344,74.0,2035.8913561103172,53.0,2034.564541207484
345,63.0,1917.2666835543823,43.0,1984.7485418342512
346,85.0,2048.3641445658786,57.0,2088.4963368374497
347,66.0,1947.0412600579887,50.0,2094.75863935518
348,79.0,2104.7833002941643,61.0,2211.1137678646446
349,76.0,2112.338941215718,62.0,2062.3939170965286
350,69.0,1941.5268849690015,61.0,2092.2419462838743
351,71.0,2013.554344236873,62.0,2066.585601520252
352,57.0,1986.152601500806,60.0,2105.2413841918706
353,84.0,1984.477800333206,56.0,2039.2506713566968
354,77.0,1951.1934802593828,50.0,2108.8376046824887
355,80.0,2005.223531962084,61.0,2165.4054608323368
356,74.0,1963.7364854625505,44.0,1964.3221438414146
357,76.0,2069.7565654479527,58.0,2183.1292374729082
358,85.0,2112.860744186107,65.0,2158.1810606799245
359,73.0,2130.61956282833,53.0,2050.9641193069447
360,66.0,1981.8806424583497,58.0,2097.3213613832086
361,60.0,1878.9923793042442,50.0,2155.243737227197
362,55.0,1901.5414994835,64.0,2219.1174515406788
363,77.0,1980.8369188413185,55.0,2109.6179902976432
364,75.0,2159.0352083272674,62.0,2034.974506239063
365,77.0,1914.4611833685099,43.0,2020.428256420419
366,67.0,1864.422782283533,67.0,2138.2148952123484
367,67.0,2149.5608847141043,63.0,2055.5289538230454
368,67.0,1903.0619224446352,57.0,1980.9819621433228
369,85.0,2083.988165767029,57.0,2211.5526894541626
370,74.0,2107.9766620210576,61.0,2017.5773172209247
371,68.0,1900.3057663986333,48.0,2009.575022074733
372,90.0,2239.161352266184,47.0,2033.5376166441702
373,85.0,2103.96206783657,57.0,2125.6084832401534
374,84.0,2041.082062430721,56.0,2115.774231277822
375,81.0,1914.3160141789049,61.0,2348.7923867445497
376,75.0,1950.148926013028,62.0,2164.7038483429333
377,71.0,1937.2721572127896,62.0,2167.54276490111
378,55.0,1949.1033851543434,49.0,2082.3997456433895
379,74.0,1999.6233022776191,63.0,2193.901347565448
380,69.0,1943.8795438934146,53.0,2162.3070222772244
381,85.0,2026.399428195722,55.0,2067.6026103351937
382,66.0,1989.2751312707892,59.0,2031.16127381512
383,77.0,2024.3231368649624,64.0,2160.1653932739773
384,71.0,1911.3715644920321,53.0,2131.8487773863585
385,85.0,2138.5180165611805,56.0,2077.5966705286787
386,77.0,1998.687359774817,44.0,2051.2600945731065
387,68.0,1989.5396585228573,63.0,2122.9915897064984
388,71.0,2053.6343756572815,60.0,2108.6627575257016
389,69.0,1954.6960455039189,50.0,2142.0675120259816
390,69.0,2070.242059482942,51.0,2196.500654707117
391,85.0,2080.7497090992124,59.0,2079.5515713611103
392,90.0,2097.4933229724593,40.0,2072.1495285474953
393,72.0,1951.8132142941686,58.0,2090.7563631807056
394,65.0,1922.835332161732,59.0,2023.5358289096757
395,85.0,1951.5653196848555,67.0,2261.41313294183
396,69.0,1970.828205496678,50.0,2137.235142052801
397,84.0,1996.0604025624173,53.0,2094.077230114847
398,63.0,1975.8448366831442,57.0,2110.9572346080063
399,80.0,2077.500589809631,54.0,2203.286891794963
400,61.0,2156.0839901488453,53.0,2150.8034528857083
401,76.0,2134.8357131711464,55.0,2057.194776347332
402,78.0,2027.892216438036,48.0,1990.0793180446396
403,64.0,2078.333175863096,44.0,1970.7687797949889
404,60.0,1868.6503338596601,52.0,2013.0894540234563
405,85.0,2020.9751707654307,59.0,2202.6351497634846
406,55.0,1868.997831541548,52.0,2168.03697081231
407,75.0,2291.839673612924,62.0,2070.221408581424
408,75.0,2009.9917195342252,52.0,2040.0628746541474
409,64.0,2141.8296968601444,57.0,2128.855792387141
410,67.0,1890.9120958135197,55.0,2003.643925632958
411,83.0,2002.661093010179,64.0,2185.4852692825157
412,69.0,2081.4467762509857,60.0,2081.944278563155
413,74.0,2086.591708951878,64.0,2011.6830186453417
414,81.0,2035.7144420351347,69.0,2156.4659579775935
415,71.0,1942.7167480633973,69.0,2249.728757274077
416,68.0,2017.3403426766934,57.0,2092.5224755103864
417,77.0,2005.9568082866658,53.0,2058.1668102847325
418,82.0,1933.5438539260963,53.0,2150.263238690457
419,79.0,2044.266828421803,58.0,2138.359727517633
420,72.0,2032.6345835120544,63.0,2108.053461930037
421,78.0,1910.8078683661074,54.0,2086.4464640247866
422,82.0,2034.6350201581147,57.0,2033.4538468494068
423,77.0,2104.286389121526,45.0,2070.625028927253
424,78.0,2029.724278551179,66.0,2070.70627681715
425,84.0,1954.8510548728216,66.0,2226.6787104703903
426,66.0,2025.0068945030762,54.0,2052.967414440524
427,61.0,2028.9917224556436,56.0,1994.584216415949
428,65.0,1878.2873363124133,61.0,2104.4761268838793
429,73.0,2003.6907029561933,60.0,2131.8069995975097
430,79.0,2037.550699301311,48.0,2113.5783303467183
431,67.0,2026.5952104534858,56.0,2126.7075393410337
432,59.0,1979.5243793443008,56.0,2106.719375534353
433,74.0,1993.5941297274946,57.0,2144.061888839128
434,80.0,1970.6360136660062,53.0,2059.1190523320033
435,82.0,2175.877217332918,59.0,2092.747489415571
436,90.0,1977.3345154916926,55.0,2127.842341415111
437,73.0,2001.1021685792364,53.0,2146.3360243391344
438,80.0,1930.7099209789617,57.0,2140.90869497371
439,65.0,2012.5111052923123,54.0,2115.4551057443477
440,77.0,2001.4389383435584,62.0,2227.0074367423986
441,70.0,1900.012385471596,49.0,2061.094018818372
442,77.0,2143.4167758037597,57.0,2177.333580294304
443,72.0,2050.271067439465,53.0,2096.3289475934125
444,79.0,2148.9714856274973,50.0,1958.7660081989457
445,80.0,2043.138135504558,40.0,2007.3105366590935
446,75.0,2045.8975352626187,63.0,2150.7884942827095
447,66.0,1970.2933495636114,53.0,2046.008729213129
448,65.0,2061.9672337527722,61.0,2080.4207808752576
449,66.0,1891.971979270314,67.0,2074.2222029198856
450,82.0,2036.2972788292618,69.0,2194.514907568009
451,80.0,2099.837407455851,54.0,2056.272312991676
452,69.0,1884.3183522585941,57.0,2258.6788895156574
453,50.0,1959.9013526862946,53.0,2065.7524461574726
454,78.0,2120.168374873716,60.0,2111.22963250539
455,91.0,2250.9461399902502,69.0,2199.236222528476
456,60.0,1930.8390474051305,59.0,2317.325543484679
457,65.0,1992.5121144162326,61.0,2052.7985992699323
458,58.0,1968.5672399219352,50.0,2051.281005632794
459,85.0,2036.9389586304947,53.0,2161.3015614450637
460,60.0,1944.174548262663,57.0,1995.9684744483295
461,83.0,2053.9466395979553,64.0,2346.470671830001
462,78.0,2043.9378541828748,61.0,2074.719184266542
463,87.0,1922.2142240108378,43.0,2048.5357235716156
464,57.0,1981.267936740491,52.0,2010.0070842782043
465,90.0,2378.988655111857,52.0,2084.43200651905
466,73.0,1948.9278949401976,49.0,1977.4771352316252
467,80.0,1923.1240450410558,59.0,2047.5034084423735
468,82.0,2048.8723618649165,58.0,2115.777412946013
469,82.0,2013.7638816964666,46.0,2072.9976496477993
470,71.0,2023.9569953405087,58.0,2053.499894538608
471,66.0,1974.0952739856832,66.0,2130.292616429895
472,83.0,2070.4835475711952,56.0,2060.0695769809495
473,79.0,1912.2339352109034,73.0,2251.074073129626
474,75.0,2082.261510401105,54.0,2172.4886027275465
475,60.0,1873.1244117589122,64.0,2106.0221685605743
476,74.0,2091.608933794364,61.0,2215.4001632020504
477,75.0,1947.6660509862136,38.0,2026.0873232682854
478,67.0,1859.2698971778198,54.0,2155.6038221531185
479,77.0,1999.6590440141601,51.0,2135.530728097584
480,70.0,2053.12565350857,57.0,2196.1003091254865
481,71.0,1918.4184934361358,62.0,2069.479198326072
482,77.0,2117.744915728392,37.0,1913.8752093588698
483,78.0,2101.998497520108,65.0,2054.044855869236
484,70.0,2092.523017541179,46.0,2008.7426056527954
485,68.0,1977.5503117431635,44.0,2091.9105817206773
486,75.0,1974.445270355939,56.0,2096.052228662198
487,85.0,2059.8956806902484,65.0,2121.6301599464005
488,76.0,1960.8047369742335,45.0,2159.641028218254
489,81.0,2096.9498064193654,58.0,2087.5289126029893
490,78.0,2038.5639816224045,50.0,2050.35004667616
491,75.0,2038.6944912776312,65.0,2087.079501194947
492,68.0,1906.7534390165763,48.0,1996.2556049010882
493,59.0,2019.295774408636,58.0,2041.1786243736733
494,75.0,1864.8859990920434,58.0,2083.69935780825
495,66.0,1974.9320937966122,62.0,2280.84720717701
496,75.0,2056.6531941064454,65.0,2198.307359838745
497,66.0,1908.6157376098731,51.0,2060.9628538917373
498,85.0,2008.4460052937136,50.0,2106.3529281320884
499,74.0,1918.2401757809164,49.0,2161.872864050211
500,61.0,1999.9839465171092,64.0,2263.151779100005
501,85.0,1964.4420800764856,55.0,1987.3813175864268
502,73.0,1922.5110192223367,48.0,2130.4468201914124
503,87.0,2037.9042011993533,53.0,2113.9117460876605
504,71.0,2115.7929438679107,76.0,2226.606654786523
505,74.0,1961.4382771253577,59.0,2145.352872229664
506,66.0,1891.5467031255098,73.0,2031.041374915088
507,77.0,2032.1827489636848,57.0,2106.624752039093
508,71.0,1919.0060097057403,49.0,2119.210762629024
509,63.0,1940.8328464554177,48.0,2051.3127816470565
510,61.0,1906.2699662777684,55.0,2169.511932590747
511,69.0,2005.824278204026,67.0,2249.240931878329
512,68.0,2097.3601093048387,65.0,2066.55730371573
513,71.0,1955.3452222162077,60.0,2101.573987156171
514,74.0,1983.9348344400184,64.0,2192.2685833658093
515,85.0,2170.212573409967,67.0,2072.700988529862
516,70.0,1935.141650741563,54.0,2175.635510022464
517,76.0,2002.3134176974797,45.0,2082.547398052903
518,77.0,1929.8108219026049,53.0,2139.3786636385116
519,63.0,2029.0452170847975,49.0,1978.6655730177856
520,69.0,1947.6040496641494,57.0,2194.2833198996273
521,72.0,1932.9207742046178,47.0,2032.7280413971293
522,69.0,1935.9253085391674,54.0,2168.4146690912908
523,66.0,1953.7426115925707,47.0,2081.654071408777
524,75.0,2036.144958539657,53.0,2152.9897205195794
525,77.0,2002.9476251351296,61.0,2182.6785166977256
526,88.0,2022.9212473271837,54.0,2080.1293443100453
527,67.0,1938.2390617953986,49.0,2004.9990245308306
528,77.0,1984.259041542354,57.0,2081.3993613493853
529,80.0,1947.1890347690562,61.0,1986.8742206527522
530,64.0,2011.2576181786296,54.0,2098.14140927913
531,70.0,2089.712774255861,49.0,2016.5471569553072
532,72.0,2029.581263185329,54.0,2124.4201845097627
533,80.0,2175.1765453863186,65.0,2109.7256480347205
534,63.0,1820.248121935002,53.0,2087.7174017198777
535,85.0,1943.0844868561226,50.0,2132.623184390977
536,89.0,2114.6263983455456,56.0,2048.005161328252
537,76.0,2044.5716700298442,54.0,2093.2971074553784
538,87.0,2063.383741647074,76.0,2162.0624719250172
539,77.0,2066.939914885544,59.0,2147.058613761299
540,72.0,2069.073313610365,59.0,2083.0996230981714
541,72.0,1946.5778498334546,53.0,2016.0673374674534
542,58.0,1857.7772599994198,64.0,2154.6353042052856
543,77.0,2155.5230292947167,62.0,2252.853546728303
544,72.0,2106.7319673359757,50.0,2104.144880837168
545,75.0,1919.3699327031375,52.0,2120.1890886828105
546,67.0,1961.7392627268453,55.0,2078.703773481202
547,64.0,2029.2392991185761,59.0,2142.053987081267
548,78.0,2002.023547652548,55.0,2119.6863644882
549,64.0,2095.9395330212596,54.0,2198.3642793557096
550,72.0,1947.5055254261515,58.0,2243.9763900421653
551,78.0,1976.3543332563731,51.0,2081.3820858588747
552,77.0,1956.9723942001363,60.0,2151.3963817128993
553,74.0,2053.1608599857022,59.0,2078.045167052889
554,78.0,1972.4760299182046,53.0,2063.3332079918514
555,72.0,2043.9681636035878,58.0,2145.8610699725064
556,76.0,1989.1786394120352,61.0,2122.2783345049506
557,68.0,1877.897598216665,63.0,2053.1611474411156
558,78.0,2087.915387205504,54.0,2108.0949128611915
559,62.0,1864.8877164598296,61.0,2108.9564816148068
560,79.0,2020.114067038689,58.0,2061.1784772436686
561,74.0,2015.8707005031554,51.0,2147.8635174932997
562,88.0,2070.657077091704,61.0,2358.03383054552
563,80.0,2061.9421770616086,52.0,2167.9764060093094
564,73.0,1955.9957070230691,58.0,2164.7165890845486
565,67.0,1968.2746422914756,51.0,2082.5524531663937
566,70.0,1969.4014730896106,50.0,1983.4812199502283
567,87.0,1979.7265996261424,47.0,2043.760026830051
568,74.0,1997.296939729567,65.0,2266.0425044166923
569,72.0,1894.4666308414319,47.0,2076.3906812966247
570,67.0,1967.3896423828794,47.0,2038.0938546311177
571,77.0,2062.00124529259,54.0,2355.944476885823
572,63.0,1977.595180377675,57.0,2153.4699319497936
573,70.0,2141.9145814025464,64.0,2087.21538282494
574,70.0,2000.8033587075104,52.0,2107.0267696308774
575,78.0,2060.1433345170058,42.0,2032.3039769100574
576,85.0,2123.723489746091,65.0,2073.391957310334
577,77.0,1923.396684147608,55.0,2193.048901609319
578,66.0,2106.232087493333,44.0,2046.7709531684543
579,69.0,2020.7923488238634,53.0,2014.0398389125278
580,74.0,2028.5690455412162,71.0,2192.2633407686335
581,64.0,1914.6632482787838,52.0,1963.8955024281927
582,83.0,2055.6749499536445,41.0,2033.3597736276236
583,76.0,2096.6305957859317,52.0,2203.835043461831
584,79.0,2055.638677438491,58.0,2135.510949683079
585,73.0,1978.1877555482638,49.0,2138.995080502978
586,82.0,2072.4670199737784,51.0,2273.6571522144854
587,82.0,2196.584237756054,52.0,2014.8531970737145
588,64.0,1868.2963263152005,62.0,2196.1275047537224
589,58.0,1963.412475155573,53.0,2131.7273063471507
590,65.0,1998.4701792435787,57.0,2052.178628197358
591,66.0,2015.3089144304245,63.0,2154.75743759677
592,64.0,2046.6794104067708,47.0,2069.3931661932033
593,82.0,1987.7870202855368,62.0,2083.0227482491814
594,82.0,2098.287731301673,50.0,2128.635880243847
595,56.0,1890.148407421802,61.0,2202.745545398002
596,81.0,1978.1890371230322,56.0,2134.622233322095
597,68.0,1919.6093337547711,57.0,2073.555351836347
598,64.0,1848.0565195886595,49.0,2081.4877912364905
599,74.0,2073.1775917571435,46.0,2038.0834665518353
600,73.0,1928.05467560475,49.0,1973.9934084910306
601,81.0,2211.7315388291245,60.0,2139.8178446025227
602,86.0,2081.6407218875506,47.0,2162.719642040868
603,60.0,1876.449289201704,45.0,2110.7361698263785
604,72.0,1970.262112845759,56.0,2153.71794312957
605,77.0,1976.0861240661975,49.0,2063.322446497174
606,59.0,1956.9976039581773,49.0,2039.7408267040203
607,75.0,2078.6120460367274,54.0,2102.989728681608
608,74.0,2111.398011706088,46.0,2293.8987414808776
609,78.0,2068.436863285448,46.0,2105.628269883117
610,56.0,1916.6716852757602,60.0,2093.235518270203
611,76.0,1976.5142460319933,61.0,2086.950468284011
612,74.0,1944.4631064217954,60.0,2125.825556979449
613,83.0,2009.987585475321,53.0,2142.803949747128
614,90.0,1973.816139987726,56.0,2158.188709633547
615,73.0,1893.2635566110728,57.0,2113.889408210933
616,82.0,2149.385250719354,58.0,2072.4009779679755
617,76.0,1946.975168984589,48.0,2085.998557079109
618,84.0,2005.7537035206153,70.0,2160.3698329426916
619,71.0,1967.6567428021258,54.0,2145.6159379069513
620,73.0,2072.072617181104,60.0,2090.7801120504832
621,76.0,1936.6399173776242,50.0,2019.5106426778452
622,63.0,1897.4275138737055,67.0,2220.092339077601
623,75.0,2020.794355798998,60.0,2174.997930924302
624,82.0,2049.1261095944005,51.0,1993.3189422647943
625,80.0,1988.178660613247,57.0,2235.5811614035924
626,69.0,1918.7691391685707,52.0,1990.9691066424207
627,79.0,2031.1822800949972,57.0,2153.1667631308965
628,74.0,2130.8856670740465,63.0,2273.4298955750655
629,68.0,1917.3457629014465,54.0,2057.9443521758453
630,58.0,2050.51743227865,58.0,2185.9648583714034
631,59.0,1980.917861934072,62.0,2305.8395296886347
632,82.0,2036.5596145232971,52.0,2006.3745001661944
633,74.0,1942.96378720255,55.0,2162.518375017076
634,64.0,1860.8357495427979,63.0,2101.4646394405745
635,71.0,1945.6579016756598,53.0,2100.3587407893897
636,72.0,2042.572094932203,55.0,2127.3555059020446
637,60.0,1965.777161719104,48.0,2123.119506214099
638,65.0,1998.2758993469783,57.0,2038.0377908203413
639,77.0,1984.3854146653573,58.0,2127.204888827312
640,66.0,2042.7479413031995,44.0,2126.614226425467
641,77.0,2177.743633593658,52.0,2009.6705031290016
642,78.0,2146.3133387402127,62.0,2157.904522312255
643,88.0,2076.508092618822,55.0,2058.8971934156057
644,83.0,2039.6830010349393,54.0,2168.6887550495967
645,74.0,2024.8498283066986,61.0,2045.8838217577684
646,84.0,2010.8146599694442,45.0,1994.9465364128523
647,65.0,2023.9100174155299,53.0,2064.5071624026295
648,95.0,2003.617091562217,48.0,2090.6588640220475
649,62.0,1879.5756820447812,52.0,2046.570012173332
650,68.0,1959.6423305665874,56.0,2099.739954197314
651,69.0,2149.9793134662145,54.0,2196.8401984163147
652,87.0,2118.663781902363,57.0,2016.3737087405748
653,70.0,2029.9420747340682,44.0,2157.2853850953143
654,85.0,2061.258373033813,46.0,2229.312129244996
655,58.0,1865.6228073510295,61.0,2063.483816636828
656,88.0,2160.59021362285,39.0,2006.0191932761647
657,67.0,2112.8228832004675,41.0,2119.4726492046875
658,84.0,2158.229121541521,45.0,2127.6179342507985
659,77.0,1860.7699737668188,49.0,2159.981772324918
660,67.0,1976.6167676853886,49.0,2159.4814055205693
661,75.0,2012.3059253444894,64.0,2181.647622715245
662,77.0,2027.9162831706292,58.0,2140.6116055903854
663,68.0,2151.951591662623,59.0,2083.767390176878
664,75.0,1991.2598118535363,66.0,2092.739409172805
665,88.0,2273.3358363556476,56.0,2077.6620841952167
666,72.0,2022.2393124261425,58.0,2090.743070395078
667,86.0,2136.3913094080813,53.0,2154.930501771653
668,67.0,2023.4530794938314,52.0,2016.5159061633965
669,72.0,2066.7735013426545,50.0,2018.2848377305863
670,74.0,2073.850430208543,52.0,2108.744108571007
671,72.0,1999.887037576416,51.0,1938.4517380659784
672,73.0,1832.6866270195462,54.0,2016.4090611462414
673,78.0,1972.111515148241,65.0,2277.026186072181
674,70.0,2089.6427053194525,67.0,2090.5524706880724
675,68.0,1942.1281822840317,63.0,2066.9681880686385
676,68.0,2006.89618501898,56.0,2071.0912768446074
677,88.0,2113.973359108707,58.0,2227.870579341994
678,63.0,1919.1908302638292,46.0,2161.1966371571075
679,74.0,2044.3633503661215,57.0,2109.8295994141577
680,75.0,2017.4458861878857,54.0,2160.0356511344003
681,89.0,2018.759848727539,56.0,2125.736236760826
682,87.0,1998.1682657833346,54.0,2025.8351759236573
683,85.0,1988.7305355404706,57.0,2121.9488593729357
684,77.0,1989.0164975261423,54.0,2201.8958566189194
685,77.0,2012.532243266957,48.0,2090.8182913240753
686,82.0,2014.2930799910744,56.0,2050.684459447397
687,64.0,1912.4077439829273,50.0,2221.1701960031764
688,62.0,2033.5711237145206,54.0,2128.15790031362
689,69.0,1942.0112509905277,63.0,2217.4716692575084
690,73.0,1968.373524910687,57.0,2117.2303092833554
691,79.0,2081.626095272121,65.0,2073.252548830121
692,90.0,2137.4540178303455,57.0,2161.344201108924
693,71.0,1919.0418438322213,59.0,2095.58397646548
694,75.0,2066.598957043121,57.0,2071.0909130804325
695,87.0,1983.585696949341,48.0,2018.8680606306289
696,84.0,2014.9828700104708,57.0,2089.9833215000162
697,66.0,1929.5120027381954,54.0,2030.729962254518
698,65.0,1967.8332659702514,56.0,2108.961235863993
699,67.0,2066.602028998212,55.0,2320.052119093272
700,64.0,2046.2054402026788,49.0,2048.968534954735
701,65.0,1958.2585710842109,52.0,2040.8136987389712
702,71.0,2018.7965957283916,52.0,2219.6999639286764
703,71.0,1991.729097423109,55.0,2089.7995422103627
704,68.0,2036.3438524662354,58.0,2068.39564413121
705,57.0,1974.591430098928,61.0,2093.442999188392
706,82.0,2080.727246693471,49.0,1990.6320171328857
707,67.0,1938.6087136351853,53.0,2034.2920097378824
708,64.0,2001.0763263761212,59.0,2193.7102486332556
709,75.0,2011.4445855966517,59.0,2079.4997089416674
710,78.0,2073.1711197041072,42.0,1979.4914501252304
711,71.0,1982.593935000703,51.0,2034.8249064843505
712,76.0,1992.7464074708705,59.0,2145.930336174533
713,73.0,2034.7877745355217,63.0,2009.252662691371
714,88.0,2255.655354295959,70.0,2219.8223363019656
715,82.0,1987.8116360577121,57.0,2128.61139066143
716,63.0,1892.6257739630366,56.0,2110.5623218265505
717,65.0,1875.2987428165677,42.0,2045.5034783092028
718,84.0,1997.7812707727053,65.0,2147.203534399864
719,69.0,1990.4098263056694,52.0,2077.4453511489037
720,73.0,2088.7932848106107,55.0,2107.2588410820376
721,75.0,1951.8401890022096,58.0,2011.5888068663387
722,62.0,2031.3886295541474,55.0,2117.0317803108064
723,73.0,1916.8674390327203,59.0,1998.5990600926627
724,54.0,1876.3376064613433,59.0,2043.3819142224156
725,83.0,2000.3745414908421,54.0,2144.383716160931
726,99.0,2100.7332535407577,70.0,2047.9498041376482
727,68.0,1977.116829288239,66.0,2226.5268320645564
728,60.0,2014.7249713856565,57.0,2158.541359077186
729,57.0,1960.4762290637323,45.0,2134.805679084326
730,66.0,1918.99439586214,52.0,1986.6634910642235
731,88.0,2165.0340274387854,36.0,2074.9771613795983
732,58.0,1981.0557079063715,61.0,2115.8158730228397
733,83.0,2077.8263798845865,41.0,1949.713204693031
734,74.0,1969.778376003796,61.0,2126.8381592326587
735,78.0,2046.9514049712513,62.0,2124.3774323962157
736,69.0,1998.875040052119,56.0,2074.0358163065976
737,82.0,2046.611658690737,58.0,2074.390771858521
738,74.0,1963.0550312306386,60.0,2062.6142302881585
739,75.0,1955.0496992638648,59.0,2146.1619378247406
740,81.0,1913.66094325963,55.0,2051.1683874463683
741,69.0,1977.0547337024116,52.0,2076.5057257888157
742,63.0,1994.3553322375703,57.0,2051.993798246362
743,61.0,2006.4676647616461,50.0,2027.693573902029
744,76.0,2085.2031516768247,58.0,2136.4593548889306
745,89.0,2090.99327720381,60.0,2244.5889286740226
746,71.0,1966.3320269039593,62.0,2176.466231841081
747,84.0,2097.3332262993886,57.0,2308.975016098608
748,67.0,2065.870067588607,41.0,1987.0772913136263
749,52.0,1932.6201283767705,41.0,1994.2948790053315
750,60.0,2001.3264923489683,66.0,2229.1311586253323
751,72.0,2132.0860171118757,52.0,2114.734216984566
752,82.0,2160.901324277307,49.0,2060.736273023967
753,81.0,2059.083368995342,51.0,1987.845119434341
754,89.0,2025.7897930689142,55.0,2180.62084998945
755,76.0,2078.989528436436,67.0,2240.3105676624127
756,82.0,2096.6468631606413,68.0,2355.6531667738386
757,62.0,1878.0158759175079,61.0,2146.9704023560666
758,90.0,2095.002732372419,70.0,2146.792757485449
759,72.0,1930.5184778244723,59.0,2060.5771046289674
760,78.0,2007.3816122726807,47.0,2048.8832303957015
761,61.0,2087.9916194965867,44.0,2014.9534005783116
762,64.0,2072.9883283108775,50.0,2045.7091117877005
763,64.0,1919.492521719751,59.0,2181.9610560728775
764,70.0,1957.6704592120618,70.0,2063.632963156176
765,65.0,1884.473713430744,58.0,2153.091890727133
766,86.0,2093.584605410169,66.0,2083.0909180836416
767,80.0,2052.5148498682524,62.0,2017.791761063958
768,64.0,1899.2302284267205,46.0,2025.6765598119457
769,75.0,1987.6533901768407,51.0,2017.4748525047264
770,64.0,1964.385472881613,55.0,2082.0898165671338
771,81.0,2020.2152149733797,43.0,2035.9622155591264
772,79.0,2089.5954902661265,51.0,2119.393342883778
773,67.0,1981.5324637971094,52.0,2001.3093135934162
774,64.0,2130.2908226052527,61.0,2139.4631314821236
775,73.0,1927.4277286463255,45.0,2147.203233837772
776,77.0,2027.3561026259788,57.0,2135.423202573412
777,69.0,1942.9950412265785,53.0,2160.8279307537937
778,80.0,2000.1797638938233,63.0,2152.181126934164
779,86.0,2078.8956898291362,51.0,2093.752431493279
780,90.0,2053.379691720447,51.0,2086.847528171297
781,80.0,2034.4248597779651,56.0,2063.420880479857
782,84.0,2065.7590599916703,49.0,2119.199013696804
783,67.0,1933.892389663862,39.0,2024.8862599067745
784,71.0,2027.5887498556967,43.0,2081.9251827185635
785,79.0,1959.274963590538,59.0,2101.8497752368157
786,76.0,2127.46834159788,52.0,2075.744753857906
787,74.0,1929.8472048504084,45.0,2071.183528908622
788,74.0,1957.0253960342923,58.0,2303.00627371563
789,68.0,1952.6071692587009,66.0,2120.0590007569554
790,66.0,2095.0456848605613,55.0,2236.124705680134
791,71.0,2001.9739136435614,59.0,2070.9541104285067
792,78.0,2030.3459358522255,65.0,2041.0416212011787
793,95.0,2140.4970820163358,62.0,2272.4599777806684
794,94.0,2101.7568195050626,64.0,2111.890887683291
795,69.0,2121.949235244303,48.0,2067.0696201814208
796,73.0,2081.018727528318,47.0,2122.573515273743
797,77.0,2014.8524954750987,61.0,2054.6501782450314
798,74.0,2002.5963678153273,51.0,2166.330349910518
799,74.0,2185.6331387344558,59.0,2331.114799052584
800,60.0,1972.6832719193198,54.0,2051.739582077526
801,84.0,2198.534753385565,49.0,2080.9320290649966
802,67.0,1936.0875876516675,59.0,2117.4806982889168
803,67.0,1944.4435247243905,63.0,2082.6052838314054
804,73.0,2033.1932250200812,50.0,2080.5548456237193
805,78.0,2003.4695546770376,64.0,2073.5368012529634
806,73.0,1996.032046109248,67.0,2070.736358023692
807,64.0,2080.473217582286,63.0,2112.2535963031146
808,74.0,2013.7126471447089,64.0,2272.556694126354
809,74.0,1996.6783696950124,61.0,2146.055454880239
810,72.0,1912.8393831074343,60.0,2294.957435423961
811,75.0,1993.3192513620752,71.0,2270.910026303021
812,89.0,2007.3825508275809,51.0,1960.3356823024214
813,78.0,2059.807173102215,56.0,2082.9221247188416
814,65.0,1963.2825183716263,48.0,2038.570568236569
815,62.0,1994.9839265355517,57.0,2147.078511039789
816,84.0,2022.3668734071607,48.0,2112.210907648214
817,88.0,2177.3939389907846,51.0,2034.0983741325856
818,78.0,2132.243822700584,50.0,2127.6829256388132
819,72.0,1933.04089223163,51.0,2197.682991827899
820,71.0,1923.589230754744,52.0,2022.9030653849077
821,77.0,2022.599513726225,57.0,2063.072013382315
822,70.0,1954.7791227158611,55.0,2128.5779511171713
823,62.0,1916.0902130640447,50.0,2097.135979233918
824,56.0,1864.4061880452746,53.0,2026.2559459749123
825,71.0,2130.195976664388,60.0,2164.3373306467715
826,62.0,1928.2186961615625,70.0,2196.1176621744944
827,61.0,1932.152078023463,61.0,2265.7091330781554
828,64.0,1908.6820116176568,55.0,2116.0792548938152
829,72.0,1934.1832629260325,60.0,2174.9985875389107
830,74.0,2136.631719701709,47.0,2007.7032452665412
831,74.0,1995.4768825358528,56.0,2130.7593247871127
832,67.0,2121.846911454986,55.0,2165.4130695752415
833,79.0,2166.706372074282,56.0,2188.110635963282
834,80.0,1929.533187722688,66.0,2172.0215421417383
835,78.0,1992.9145307389608,53.0,2117.206314518634
836,75.0,2019.778059837529,62.0,2075.664405703477
837,66.0,2083.862653403234,58.0,2097.4234175912493
838,71.0,1934.4278846890636,56.0,2170.714995579444
839,76.0,2071.6760463280784,49.0,2098.2682797559596
840,83.0,2026.3977039644578,56.0,2117.9916923929036
841,83.0,2029.3628513641422,55.0,2128.969396731332
842,58.0,2066.685820339088,50.0,2027.5766288282525
843,85.0,2142.5201686862924,50.0,2003.2934699262694
844,82.0,1914.4279512074459,60.0,2131.326230527165
845,76.0,2063.1397864560363,73.0,2230.39783821184
846,88.0,2054.389945238167,56.0,2172.502195387946
847,82.0,2135.7970671948265,61.0,2105.6310243991693
848,62.0,2129.9880303756013,49.0,2005.4836786112508
849,75.0,1973.0072166890766,56.0,2048.7612999531593
850,67.0,1986.913205054593,57.0,2044.4515745184508
851,63.0,1844.095772165761,56.0,2123.907071276259
852,62.0,1994.3877826471933,54.0,2077.252717041659
853,72.0,2072.4877735704167,59.0,2332.9632881628527
854,81.0,2030.5884137596593,64.0,2116.1263088686073
855,80.0,2075.7777713410246,59.0,2012.729664539907
856,73.0,2212.2064989642613,72.0,2117.898723012663
857,64.0,1923.8327388245286,44.0,2086.260945156163
858,74.0,1983.6794023872708,67.0,2067.2567770921755
859,86.0,2091.0032817664587,56.0,2090.8232448871345
860,71.0,2082.9968400687003,51.0,1970.1840666046867
861,73.0,2117.1205962434037,72.0,2188.093562870598
862,69.0,1962.6761808986366,64.0,2137.7551415857292
863,78.0,1901.3272777551413,52.0,2134.9244394154175
864,68.0,2009.2924649433069,55.0,2136.065948011466
865,77.0,2118.52083823969,48.0,2107.2311519659143
866,57.0,1923.018306495086,56.0,2161.2494906920433
867,77.0,2012.0234494365907,61.0,2102.8073522752766
868,71.0,1973.7036175554651,54.0,2148.9626374890645
869,72.0,2029.4053368475256,44.0,2062.894512512462
870,66.0,1932.76433771391,54.0,2144.789408482025
871,74.0,1999.3069099230554,48.0,2034.9156649321924
872,77.0,2035.6620364473115,59.0,2036.937758731365
873,77.0,1992.143779719619,56.0,2040.7624740753013
874,78.0,1956.1954608361448,68.0,2107.2698510657233
875,74.0,2110.906416995437,53.0,2008.6413198040684
876,62.0,1893.1538237770703,61.0,2092.8734031239937
877,58.0,1907.7651227908057,65.0,2197.117630315025
878,64.0,1952.1434383114567,45.0,2062.610219410357
879,78.0,1941.0700711420607,67.0,2209.4996991285416
880,66.0,1996.7556308353148,65.0,2084.6855957940284
881,70.0,1945.811874538773,58.0,2135.5359349766577
882,63.0,2017.707469796562,45.0,2047.7735748886587
883,73.0,2008.6579775395708,56.0,2039.87064287849
884,67.0,2014.86539867641,47.0,2314.750536194815
885,95.0,1988.2299942640047,55.0,1985.5793353267245
886,77.0,2089.963489225496,65.0,2162.4548506747933
887,79.0,1957.056525752635,49.0,1979.7068766933621
888,89.0,2050.151593570495,58.0,2002.8271254188337
889,80.0,2077.5193672882165,57.0,2091.2215764172984
890,69.0,1916.534624609231,56.0,2076.2585031478466
891,81.0,2104.5062080154526,57.0,2057.3046834162446
892,81.0,1979.0687756053076,36.0,1985.0825005070014
893,90.0,2072.4391409398345,70.0,2102.276132974586
894,89.0,2146.058083930183,52.0,2150.6738569412237
895,91.0,2172.2208456253848,47.0,2099.26936079509
896,55.0,1997.5528909634888,57.0,2136.110778809497
897,73.0,2259.202814753237,59.0,1942.0363556902555
898,77.0,2018.216004743306,57.0,2111.3840380371907
899,66.0,1916.6352599265813,61.0,2236.123560997795
900,68.0,2001.40973119455,64.0,2236.0890203903455
901,49.0,1988.5881760662598,66.0,2131.749385651364
902,77.0,2121.824797398271,56.0,2049.2790053962462
903,70.0,2035.7044801764691,54.0,1988.462873327156
904,71.0,2002.224111175859,57.0,2043.3682472939652
905,71.0,2022.5248110873506,62.0,2153.7349594969833
906,60.0,1874.708728446738,67.0,2068.879155975786
907,72.0,2003.2061558541861,56.0,1962.7490822604257
908,88.0,2277.2771278439022,44.0,2071.098401935882
909,62.0,1942.7269339257002,52.0,2091.7655771202453
910,69.0,2049.8444352908987,58.0,2044.3727625292634
911,56.0,1888.783306110495,49.0,2104.935637185086
912,75.0,2038.9753098149702,61.0,2061.224491729901
913,63.0,2071.730974072907,60.0,2123.957432803906
914,80.0,1976.7728156226792,56.0,2189.4442955078753
915,77.0,2056.5032491063434,50.0,2081.3991612764994
916,71.0,2065.8477446269353,54.0,2099.523988753905
917,73.0,1989.9853802621315,53.0,2018.377013863149
918,71.0,1996.6055190746536,53.0,2215.6070715737415
919,80.0,2039.914562647815,63.0,2099.842486596807
920,73.0,2004.9822474318728,55.0,2051.369491430193
921,71.0,1875.1744867069767,49.0,2065.522494403462
922,61.0,1944.6671170290622,45.0,2013.080625082962
923,86.0,1965.9713636567474,55.0,2092.530208264011
924,69.0,2020.2030228362412,61.0,2254.682513235422
925,73.0,2024.916789878761,62.0,2071.3559939865886
926,77.0,1932.9185754851862,56.0,2064.668510322108
927,86.0,2084.5825820056793,60.0,2173.4275505035243
928,67.0,1969.0962678194114,61.0,2314.7283320329784
929,70.0,1920.775216773068,60.0,2137.5525771841358
930,71.0,2033.9506930253458,60.0,2149.444630478704
931,80.0,1998.0583117002948,45.0,2019.8416338977743
932,71.0,2085.7433055679194,50.0,2117.252761818165
933,83.0,2214.2985427422727,46.0,2059.8698984292732
934,79.0,2202.2008971417426,59.0,2148.689589078472
935,88.0,2065.961446706203,65.0,2300.1019532243686
936,83.0,1943.1210128537439,48.0,2014.417540876064
937,80.0,1948.442100852515,62.0,2158.8175562455685
938,73.0,1992.5630079458654,73.0,2148.613731671337
939,74.0,1920.3067832650818,47.0,2001.2718960710029
940,84.0,2127.711784127632,57.0,2068.7789249063358
941,69.0,1977.3099879003234,60.0,2053.038315466097
942,58.0,2030.1328096134657,48.0,2054.912576878632
943,69.0,2082.6235235760923,62.0,2121.40891690676
944,58.0,1991.8903824411466,55.0,2073.682403371461
945,78.0,1905.3228658278722,54.0,2018.3910757270087
946,77.0,1871.3018861117712,63.0,2167.6454230208683
947,80.0,1931.8680795613423,56.0,2179.347540100687
948,72.0,1899.4916913121629,53.0,2114.442113283148
949,73.0,1959.0771231311228,51.0,2142.8428115597435
950,75.0,1985.4922549774346,60.0,2074.8811318935664
951,64.0,1961.9580472487091,46.0,1996.9911956934418
952,63.0,2090.2249200607284,55.0,2084.76351722192
953,75.0,2034.5159214163534,36.0,1997.9684182931708
954,69.0,1979.1496323573278,58.0,1989.5595255585483
955,76.0,2225.794722448154,55.0,2046.6277937594718
956,84.0,1989.282971587766,57.0,2084.26598070079
957,80.0,2002.6913515584386,60.0,2180.727385373548
958,66.0,1855.2183599668422,56.0,2070.710742616563
959,65.0,1892.786912628824,61.0,2087.7471641408947
960,83.0,2175.532451013551,51.0,2164.71433270774
961,73.0,2026.198053211782,66.0,2089.3419980443728
962,68.0,1884.155616035442,45.0,2145.08357817726
963,77.0,1867.89052765143,43.0,1961.413259730054
964,80.0,2131.6864321079174,50.0,2128.294039124883
965,69.0,1946.1312821328956,51.0,2057.849051332144
966,73.0,1932.5944274475348,51.0,2086.6148408972945
967,64.0,2009.7565337927367,49.0,2122.564655522091
968,70.0,1995.4539182728338,52.0,2066.942526405759
969,66.0,2046.784065278989,52.0,2059.134748296482
970,86.0,2067.77964015281,59.0,2101.0230659503236
971,76.0,2014.105528990498,50.0,2228.3090076257217
972,72.0,1951.0958845932266,55.0,2187.887514122878
973,69.0,2108.7033883382746,59.0,2191.590262128113
974,66.0,1939.4618395973976,63.0,2088.6811575741226
975,73.0,1915.409359545151,64.0,2122.843801865307
976,78.0,2181.326787121696,55.0,2164.378491615894
977,73.0,2031.9086465495036,50.0,2040.8293935713746
978,67.0,1879.956089232238,54.0,2068.2524186999817
979,85.0,2132.721153196566,58.0,2155.23989346857
980,59.0,1876.1832794571335,51.0,2012.0641163697956
981,84.0,1975.981061848028,54.0,2131.3029139543182
982,73.0,2109.1378546183073,73.0,2252.3923309514707
983,89.0,2095.1619764005773,63.0,2152.3996972990126
984,74.0,2078.6513480113435,54.0,2232.7259414907767
985,65.0,1979.6251955039997,41.0,2071.514094289452
986,79.0,2082.221512750644,59.0,2040.7339914101922
987,62.0,1896.3692782074575,49.0,1957.7174273008584
988,76.0,1957.1294817664254,63.0,2188.831619396987
989,80.0,2068.5007520571676,54.0,2103.8405532773404
990,75.0,2021.4176029519738,56.0,2055.681076685356
991,76.0,2068.5771759214404,68.0,2091.2916696896655
992,74.0,2148.1650976466576,47.0,2045.1228376009728
993,83.0,2018.8068186955045,63.0,2044.1301574477231
994,73.0,1960.5961944672604,58.0,2251.8033763605595
995,69.0,1986.4900822460108,66.0,2174.003230458491
996,76.0,2155.597628414623,65.0,2150.953655185171
997,72.0,1981.3435664532426,38.0,2032.6907205348678
998,82.0,1990.8481070116538,66.0,2104.915995601405
999,55.0,1982.9841518127253,50.0,2132.214395155264
1000,73.0,1981.9315812053055,45.0,1966.1458188475806
1001,63.0,1964.868644231957,57.0,2164.9978289006117
1002,76.0,2094.9749454411053,51.0,2066.5341927809077
1003,72.0,1919.2262620189854,46.0,2096.2569104752815
1004,76.0,2023.3238219284917,57.0,2049.655351349462
1005,77.0,2018.3059093484392,49.0,2076.311650588343
1006,81.0,2118.4034254436106,53.0,2086.7385277941216
1007,76.0,2020.776050179016,58.0,2042.926052687476
1008,81.0,1976.6150514639178,49.0,2065.396753752376
1009,86.0,2134.9875916974465,45.0,1955.0808395042384
1010,72.0,1886.3443518595689,48.0,2071.5685871465657
1011,90.0,2203.5592028632186,61.0,2139.518065526615
1012,76.0,2062.6822117912934,54.0,2132.1733973273
1013,84.0,2133.336489635001,55.0,2062.035349016288
1014,66.0,1930.1312826535807,68.0,2126.219405954129
1015,66.0,1872.8236025775439,49.0,2071.018860889307
1016,72.0,1991.2655928540826,78.0,2156.5847778538273
1017,61.0,1968.7820509716562,49.0,2075.3793003560504
1018,72.0,1904.7222998753152,60.0,2106.938350370978
1019,88.0,2010.0034985620875,63.0,2090.1159778257907
1020,76.0,2013.2840763459612,59.0,2077.960595901822
1021,74.0,2040.0895339108588,62.0,2043.660134627224
1022,75.0,1986.0473617657724,65.0,2079.174553258691
1023,86.0,2041.4397989814142,56.0,2192.1583884090082
1024,93.0,2093.255750374328,59.0,2072.035269622494
1025,79.0,2058.9818628032244,51.0,2162.85476212533
1026,64.0,2121.6605903017107,68.0,2126.5583720463756
1027,73.0,2034.99584170773,49.0,2023.1082840839786
1028,82.0,2031.9971333459125,59.0,2004.4009452009802
1029,74.0,2004.162399838321,57.0,2094.103849904419
1030,74.0,1994.5457268528812,65.0,2149.980622676204
1031,60.0,1914.8063780044392,55.0,2042.356608350691
1032,70.0,2052.265242149892,52.0,2078.3340056930024
1033,81.0,2093.262194827512,57.0,2092.0387499428994
1034,68.0,2026.211647420029,60.0,2015.0302685330782
1035,66.0,1982.365369701886,54.0,2062.0707759905954
1036,71.0,2040.5759877585003,55.0,2112.363367727556
1037,75.0,2044.2149691958612,59.0,2108.2850022786606
1038,85.0,2136.261242717109,45.0,2061.1556907874833
1039,81.0,2095.2000714814712,66.0,2241.6228587275446
1040,76.0,2057.4446660953545,57.0,2124.383592198765
1041,74.0,2022.3042696907337,52.0,2024.0371969048942
1042,77.0,2012.9498917805108,51.0,2019.1270256190567
1043,72.0,2104.34681783023,51.0,2163.1777250599985
1044,81.0,2190.727402960002,63.0,2056.521842169685
1045,72.0,1982.7707117369955,50.0,2034.9306159740486
1046,77.0,1917.865429246451,40.0,2012.2389648453325
1047,81.0,2072.8293360229527,58.0,2144.890559174169
1048,64.0,1906.8786746997696,55.0,2155.9550853936034
1049,93.0,2063.749274485629,54.0,2083.2241664223466
1050,73.0,2000.9417802871606,57.0,2170.805826488924
1051,65.0,2050.1452504817034,51.0,2130.2899449376696
1052,70.0,1991.8713284181763,51.0,2024.2863693683769
1053,84.0,2037.0334010055005,57.0,2104.7660708016692
1054,82.0,1990.3765497782972,63.0,2220.631553199918
1055,76.0,2014.4231949636178,52.0,2065.4890413208777
1056,68.0,2032.3868638530807,63.0,2164.266353076079
1057,76.0,1988.9992722397342,62.0,2252.610502080423
1058,65.0,2005.1479061196992,47.0,2024.0483346433698
1059,66.0,1946.877425542352,49.0,2013.668563806597
1060,69.0,2124.0680647273084,54.0,2245.6258486431507
1061,69.0,2001.4752568472602,55.0,2120.387222319986
1062,77.0,2058.5233897951466,50.0,2121.4081327603008
1063,75.0,2246.954287070694,67.0,2187.6605554180123
1064,65.0,1877.012614247736,45.0,2047.419878511092
1065,81.0,2185.0867967842714,51.0,2011.7687160053392
1066,65.0,2010.9237632864674,62.0,2163.543802995927
1067,71.0,1902.4461355584074,53.0,2079.9387472422445
1068,87.0,1966.0599706845987,64.0,2069.38739888807
1069,71.0,2081.1573052939575,50.0,2149.7916673804093
1070,72.0,2005.8515625810041,57.0,2115.690723551388
1071,86.0,2009.1400954453725,44.0,2021.1188989417387
1072,78.0,2054.127464426791,61.0,2286.375390821675
1073,55.0,1906.878188285679,58.0,2053.973693933574
1074,80.0,1909.086906805685,61.0,2089.549826182055
1075,83.0,1992.5777048885295,60.0,2173.805089282738
1076,66.0,2006.4616009601891,52.0,2099.362672864809
1077,75.0,2098.2752146937714,73.0,2352.4628506869367
1078,79.0,2118.0080003660823,51.0,2122.9607998631277
1079,67.0,1910.3249468336267,59.0,2094.733029327875
1080,78.0,2017.4897367136737,64.0,2266.627112963856
1081,77.0,2008.1968894032611,75.0,2174.5698008147624
1082,62.0,2062.901533541463,55.0,2119.42194488617
1083,64.0,1922.1234042703015,54.0,2104.234413222675
1084,80.0,2076.990878688015,41.0,2068.6028861452132
1085,67.0,1935.7129285784715,57.0,2060.4858809387947
1086,84.0,2053.7173247761925,46.0,2084.7601809315047
1087,87.0,2126.316551493367,74.0,2251.1423442386144
1088,69.0,1917.1862362877134,55.0,1986.343630555355
1089,78.0,2066.9071718518794,57.0,2087.4785501617134
1090,70.0,2000.7388370411657,57.0,2229.587212093772
1091,75.0,1973.8023435165235,54.0,2081.150451553427
1092,86.0,2252.9389778705545,70.0,2264.909592038144
1093,77.0,2107.087827285897,57.0,2094.6583015957654
1094,67.0,1955.4740066434301,50.0,2194.0005193410807
1095,79.0,1997.9418959117838,57.0,2045.8342696569837
1096,79.0,2143.993046881984,60.0,2092.510038521713
1097,72.0,2026.842141860059,55.0,2123.632123279459
1098,73.0,1969.429854145486,56.0,2197.7125415364985
1099,71.0,2056.8528103506746,55.0,1992.7956795297978
1100,70.0,1907.8979119232,48.0,1987.101426261229
1101,66.0,1906.4038294607858,56.0,2047.8858035835249
1102,95.0,2064.571065286955,60.0,2080.032795016955
1103,77.0,1982.446491835384,55.0,2113.611033617027
1104,82.0,1980.4486521903123,60.0,2075.35631466663
1105,83.0,2351.2952424728023,56.0,2144.615171933293
1106,85.0,2016.9348290494909,55.0,2030.1036038295383
1107,83.0,2022.3061458247669,70.0,2203.3036199183507
1108,55.0,2006.0346332278589,58.0,2141.686216069318
1109,60.0,1959.9777420627447,55.0,2014.0279756212065
1110,86.0,2168.9577034191248,48.0,2139.552178374936
1111,82.0,2050.010171947253,42.0,1975.0662745149634
1112,57.0,1997.2245887552924,53.0,2029.4067934880889
1113,65.0,1884.335694627443,59.0,2318.7641582461188
1114,74.0,1920.5997419713763,55.0,2253.157002068733
1115,65.0,2182.982912180732,64.0,2177.5575716441035
1116,75.0,2021.6494709609228,45.0,2095.2504087333305
1117,72.0,1982.1101209216922,64.0,2211.3237718037917
1118,72.0,1974.197688652379,48.0,2076.5987786810983
1119,75.0,1963.5354258747727,71.0,2176.5051090369743
1120,90.0,1943.411449225101,50.0,2055.1335895162465
1121,73.0,1919.894569005718,62.0,2216.233908270245
1122,59.0,1986.0743057448926,51.0,2085.3650187982157
1123,73.0,1919.8711066479516,70.0,2181.375577796412
1124,67.0,1884.2434983859766,55.0,2062.230381708255
1125,71.0,2036.4073730438784,57.0,2035.9296411492464
1126,71.0,2179.9625475904927,45.0,2047.829466687449
1127,69.0,2054.9424374707637,61.0,2058.915776249017
1128,80.0,2112.7133377739096,57.0,2140.6809153445956
1129,71.0,2154.2142311435864,54.0,2032.1715260234
1130,80.0,2163.039728990024,65.0,2248.7088230449817
1131,79.0,1991.4985912755765,54.0,2036.9271844100892
1132,74.0,2135.6859762530166,54.0,2051.0826382300215
1133,78.0,2017.0422287365975,57.0,2062.0553197081417
1134,62.0,2042.022610417269,64.0,2134.3610984273673
1135,85.0,2373.318752377442,51.0,2090.3412836846096
1136,73.0,1939.3754424779017,49.0,1969.6256359061006
1137,72.0,2069.3884798164427,50.0,2049.2056208236822
1138,65.0,1878.1896236616303,49.0,1965.8409435403853
1139,59.0,1958.0420759160331,60.0,2171.4516282755467
1140,69.0,2163.6326246493268,54.0,2053.939560903101
1141,86.0,2234.0864451762877,73.0,2262.200465705275
1142,64.0,1945.3685026101728,58.0,2203.126470207656
1143,82.0,2104.145911194858,63.0,2166.490797287392
1144,76.0,1967.6311989387293,57.0,2147.449315601698
1145,74.0,1937.6207140082888,53.0,2027.8606432572592
1146,80.0,2074.744595111681,48.0,2023.852645071178
1147,73.0,1958.4359650546821,53.0,2061.240753128084
1148,83.0,2040.3637668861836,63.0,2344.236246743866
1149,64.0,1938.7024665432218,62.0,2216.477563154458
1150,78.0,2069.3174133810467,57.0,2159.4268043173543
1151,67.0,1942.1093923392582,58.0,2026.8553629345388
1152,77.0,1948.2127130609124,54.0,2004.0945218780278
1153,70.0,1976.6575972343285,55.0,2147.5004570840606
1154,86.0,2001.5622444790108,42.0,1996.2834486460786
1155,77.0,1971.632202298504,71.0,2090.0362242229626
1156,60.0,1959.318069269327,45.0,1958.1840997037505
1157,64.0,1890.3838512318564,58.0,2045.314951858321
1158,71.0,1893.2687871846472,59.0,2097.3344507146753
1159,88.0,2134.514169808448,62.0,2031.8409679957574
1160,71.0,1962.5867151502573,41.0,1972.7986497477477
1161,72.0,1917.205689639218,56.0,2185.72768473755
1162,71.0,2013.0167134181597,60.0,2239.300166720275
1163,72.0,2023.2038291928359,55.0,2110.1372191702803
1164,76.0,2178.320254397233,52.0,2028.8394085246237
1165,90.0,2015.208589966854,35.0,2048.368649410186
1166,69.0,1865.9353809518343,48.0,2081.8613511339145
1167,71.0,1922.5915812025735,55.0,2149.6589952997933
1168,74.0,1961.3807622583074,37.0,2025.2474798245873
1169,82.0,2141.481974391567,55.0,2170.0996425116955
1170,73.0,1944.0999364727309,46.0,2048.5370907529386
1171,73.0,2108.3615389830193,50.0,2006.7188110518848
1172,70.0,2119.6941957105973,54.0,2009.6782468236004
1173,65.0,2310.3206464696655,55.0,2152.216799484863
1174,91.0,2129.913727346893,69.0,2169.007883777898
1175,85.0,2028.532102491119,60.0,2042.210525113392
1176,80.0,1962.6236369995934,52.0,2263.248380128513
1177,69.0,2019.4526574985553,42.0,2145.09830089961
1178,73.0,1975.3045949159762,54.0,2003.7016892457184
1179,78.0,2020.5824127693465,60.0,2148.580763682695
1180,72.0,1953.7507738771703,53.0,2251.0047453951947
1181,79.0,2256.6558119554165,63.0,2063.0153326283926
1182,81.0,2058.1929930550396,60.0,2131.0758590908567
1183,82.0,2153.2781776805464,59.0,2154.7621719808863
1184,80.0,1921.8465774630292,58.0,2090.6978046763543
1185,71.0,1983.5627702977415,40.0,2177.8354973240275
1186,78.0,2133.8366334994835,58.0,2029.1493264226513
1187,78.0,2000.7547287693299,61.0,2154.5182259337616
1188,57.0,2050.028162915343,49.0,2026.0584224536822
1189,86.0,1954.6942756702238,63.0,2033.0774993580972
1190,85.0,2069.0877891913196,57.0,2032.721002877397
1191,77.0,2019.8962964590398,54.0,2095.237782513891
1192,80.0,2029.0261494625615,50.0,2092.2647950584646
1193,69.0,2077.9721647035385,61.0,2072.9934778186275
1194,81.0,2195.3645776709523,66.0,2133.174611387022
1195,93.0,2188.695752238019,57.0,2172.150572319174
1196,67.0,1896.1147273643007,56.0,2182.0716468113733
1197,67.0,1846.9771955816436,56.0,2119.5745225279493
1198,59.0,1961.6396366567697,51.0,2157.4151281668974
1199,79.0,2044.2044497389068,48.0,2115.355096850197
1200,80.0,2084.7363802254304,58.0,2155.024506904066
1201,77.0,1986.301560412277,58.0,2213.5982901329176
1202,80.0,2116.9068522947837,42.0,1996.387315871725
1203,85.0,2009.2400432236761,60.0,2085.4773141982687
1204,71.0,1928.0301705399922,61.0,2299.220523213219
1205,74.0,1945.6860801654543,54.0,2071.4118641280234
1206,72.0,1926.0942441864581,57.0,2211.4015796344675
1207,72.0,1905.8781877242789,56.0,2137.608289053279
1208,83.0,1983.3126609428698,55.0,2098.0906156246983
1209,84.0,1924.5182071046395,65.0,2153.4997931231183
1210,67.0,1936.3934264791847,60.0,2115.974534240964
1211,70.0,1869.4996257342245,51.0,2045.323553104677
1212,68.0,1938.2251154968073,55.0,2082.884841716524
1213,65.0,2152.3354143267015,62.0,2154.1666625826674
1214,92.0,2334.5874380864916,55.0,2152.9444694204017
1215,92.0,2126.2609403830365,52.0,2041.8015745519817
1216,66.0,1996.0724618227296,65.0,2107.6461604087663
1217,78.0,2057.0492713667086,59.0,2256.3232009528842
1218,69.0,2048.0905347803323,76.0,2212.8658628482226
1219,75.0,2070.944825869802,57.0,2210.175765238418
1220,70.0,2096.0025135812953,52.0,2120.749087147386
1221,74.0,1985.9971066738183,67.0,2132.222155874845
1222,68.0,1916.7340951961094,61.0,2095.5539395737337
1223,80.0,1940.179088683875,54.0,2041.0266042110286
1224,66.0,1931.3761729880855,55.0,2062.426572601367
1225,68.0,2078.423024407369,70.0,2211.9162476034103
1226,74.0,1898.8845826794748,46.0,2057.6026553545967
1227,81.0,2002.6748300915526,53.0,2066.639791142337
1228,73.0,2116.9327546929408,68.0,2151.7148184932116
1229,63.0,2025.827981126411,54.0,2223.6042569719943
1230,72.0,1951.1191645972538,57.0,2084.169542607035
1231,81.0,2092.899590099712,45.0,2043.5973478807934
1232,66.0,2044.0965636296185,59.0,2063.5926224826394
1233,75.0,1901.6843035167767,50.0,1986.8920279555377
1234,67.0,2047.5668366463458,60.0,2096.785809207008
1235,87.0,2181.6414889573907,51.0,2114.665963025318
1236,68.0,2005.7623336270574,60.0,2128.957768568567
1237,70.0,2109.0850652715403,56.0,2162.584808063804
1238,64.0,1964.0545278954646,52.0,2022.3758296833248
1239,77.0,2002.4295050798498,63.0,2053.84969059817
1240,74.0,2007.0776931888222,65.0,2078.5292321024663
1241,77.0,2112.3953085389226,74.0,2356.11518171924
1242,68.0,1942.7919834034406,55.0,2192.242496148398
1243,54.0,2037.0402249361075,54.0,2193.0828264571555
1244,60.0,2028.4690883364963,58.0,2137.275687724581
1245,67.0,1934.5501653793244,62.0,2099.57432898958
1246,68.0,1936.8872547445828,49.0,2100.388510738648
1247,64.0,1906.0685305236066,44.0,2064.6979444963395
1248,71.0,1852.2098127953743,54.0,2037.759461646289
1249,87.0,2046.7652945307068,65.0,2119.461911872828
1250,92.0,2050.424220858207,59.0,2144.154552192179
1251,75.0,2079.2475310931486,62.0,2121.1933743248924
1252,56.0,1915.5439026126603,58.0,2130.4583612847855
1253,73.0,2046.6591736984121,51.0,2055.532434984087
1254,83.0,1933.0283178151135,56.0,2126.699731105536
1255,78.0,1910.177400464626,55.0,2169.0681823159816
1256,63.0,1917.5263502654582,73.0,2098.9913246387528
1257,66.0,1926.1810093143156,52.0,2117.2610675954807
1258,72.0,2101.6621195093103,51.0,2091.5260119432764
1259,82.0,2129.2781473783166,64.0,2119.2893647388055
1260,74.0,2016.3796136063638,50.0,2139.914312878407
1261,80.0,2033.654630888543,53.0,2047.1840627319825
1262,78.0,2043.6362035501843,53.0,2007.0775365035227
1263,77.0,2174.4954417774034,58.0,2158.7221390904574
1264,70.0,1984.4206737351358,48.0,2086.8698335706667
1265,74.0,2087.221024840589,54.0,2210.2522203085773
1266,80.0,2206.8276324448734,48.0,2087.9702752794155
1267,90.0,2158.1959369761707,55.0,2092.716929357679
1268,68.0,2070.0935241181232,57.0,2056.8448596913886
1269,81.0,2049.122542679784,55.0,2053.584809622144
1270,85.0,2006.4638133123406,58.0,2051.9510005229617
1271,67.0,1929.4270772255795,58.0,2148.6646775145423
1272,60.0,2005.7908792179464,64.0,2279.372991768079
1273,79.0,1876.9399820961119,68.0,2239.901032549998
1274,76.0,2004.182193838163,45.0,2143.6944366319663
1275,64.0,2029.8386319209837,56.0,1995.1175428030022
1276,72.0,2014.7310751806094,59.0,2222.5226973041035
1277,69.0,2106.2682896423803,69.0,2087.2051125414955
1278,65.0,1968.340844327931,61.0,2141.943684273074
1279,69.0,1950.9974400117565,62.0,2108.769154530149
1280,78.0,1893.46228859052,53.0,1999.287272985811
1281,64.0,2075.404141592189,41.0,2027.4369398271317
1282,65.0,1986.0270843335893,59.0,2057.0645494552714
1283,67.0,1920.4717871385058,53.0,2064.213388235378
1284,82.0,2115.2776075516313,54.0,2065.285735691805
1285,75.0,2223.4404117337363,54.0,2163.956401946881
1286,87.0,2061.968109868039,48.0,2051.79231058097
1287,80.0,2022.2205557929221,63.0,2286.9020229222365
1288,72.0,1958.127871722707,47.0,1975.8325405911419
1289,84.0,1988.7817365163307,57.0,2144.571132114991
1290,67.0,2005.482289120931,59.0,2057.6898430598967
1291,68.0,2004.5534502198675,60.0,2151.3706862144154
1292,65.0,2043.530650973477,52.0,2120.126618767736
1293,75.0,2038.2481065713325,64.0,2211.305376861547
1294,75.0,1970.1528331225868,45.0,2000.817281893771
1295,79.0,1994.4674403399524,49.0,2061.8991319881284
1296,71.0,1955.0262134010911,55.0,1991.1652908060457
1297,71.0,1929.7441569965795,63.0,2180.3397619154484
1298,76.0,1926.9259723842442,59.0,2116.5422118299657
1299,70.0,1931.2414944530854,53.0,2147.551407882282
1300,74.0,2143.659347796355,47.0,2071.805917874876
1301,63.0,2003.604704032069,59.0,2149.689240478042
1302,71.0,2021.162314120578,59.0,2073.628109939464
1303,80.0,2057.6241857417676,61.0,2198.0710607396386
1304,74.0,1975.8905863480118,61.0,2178.7044249647715
1305,84.0,2016.2988452764375,62.0,2179.4852828796406
1306,75.0,2171.540066765193,61.0,2068.7022596722604
1307,73.0,2057.7564405423254,45.0,2014.9594407220536
1308,82.0,1908.5410265541996,54.0,2126.395297059824
1309,90.0,2154.7601971433123,50.0,2323.2362163025086
1310,83.0,2056.628025666208,59.0,2054.003099344297
1311,72.0,2080.8166271823593,54.0,2052.493648102372
1312,65.0,1865.688815655498,60.0,2060.8784293240215
1313,86.0,2142.4493136566202,60.0,2077.276658408686
1314,67.0,2018.4932968137662,64.0,2057.5462725464745
1315,85.0,2108.7840325707366,58.0,2010.4831018840814
1316,66.0,1959.648506266671,49.0,2049.090448084947
1317,83.0,2163.5302806458512,57.0,2138.632827135243
1318,68.0,1980.3219926096733,39.0,2091.258591913866
1319,72.0,1907.7067869914677,45.0,2205.0734747103493
1320,70.0,2002.1683444828207,61.0,2062.8272651242896
1321,72.0,2001.99875999371,37.0,2035.6377266769305
1322,70.0,1939.1000350414174,52.0,2090.624452372304
1323,74.0,1989.5167584735675,56.0,2088.2317767990944
1324,83.0,2017.6130855828262,58.0,2047.0027069623013
1325,62.0,1846.3786977116424,47.0,2038.8502684429195
1326,83.0,2052.4165049407125,61.0,2164.979227761116
1327,58.0,1894.6169519966647,48.0,2028.8820668604358
1328,81.0,1988.3806093885373,60.0,2100.33697790913
1329,92.0,2103.0362219856984,45.0,2071.706972254473
1330,79.0,1916.7691222452179,61.0,2160.463124570958
1331,71.0,1983.9353707803452,59.0,2073.7534674539856
1332,86.0,2004.6571852595569,50.0,2092.432325759098
1333,66.0,2056.321484660042,66.0,2343.2909759285108
1334,61.0,1893.9243196173957,59.0,2103.775886724583
1335,73.0,2071.8703593550867,57.0,2185.1055248729426
1336,84.0,2045.8872126360307,50.0,2012.2699022346003
1337,71.0,1992.4543085646367,61.0,2061.1047835353997
1338,73.0,1983.1615086726824,49.0,2094.5628292190395
1339,70.0,2080.5318890489416,50.0,2162.240044946398
1340,71.0,2122.6595778298156,53.0,2140.9675512113204
1341,70.0,1982.5207669141073,55.0,2081.653747152143
1342,78.0,2039.886047702573,57.0,2017.1807219593777
1343,86.0,1969.3074098287816,56.0,2087.676106673046
1344,76.0,1905.4310516649007,46.0,2236.9401936064587
1345,77.0,2042.5180066669234,49.0,2119.859227873375
1346,69.0,2071.846085685312,44.0,2033.1463202713699
1347,80.0,2055.204263435625,58.0,2209.0575187507948
1348,65.0,2124.3078910669874,60.0,2139.30795594226
1349,76.0,2192.1051684537433,51.0,2062.124895082022
1350,76.0,2053.021259502569,66.0,2175.0666049382835
1351,76.0,1994.5314567514185,59.0,2120.78015764425
1352,86.0,2046.9882352024117,53.0,2119.447017183376
1353,72.0,2158.6876455265988,55.0,1998.3385378924525
1354,69.0,2095.5920561431076,58.0,2122.24425766131
1355,73.0,1914.150611071253,54.0,2100.7516059059444
1356,65.0,1883.3267290524875,61.0,2140.41181699698
1357,73.0,1879.4612661203614,58.0,2238.7352133533204
1358,72.0,2203.6890795014137,54.0,2104.92774196905
1359,73.0,1911.8785666497731,51.0,2057.147580618048
1360,71.0,2061.8879123941156,57.0,2075.6783400584172
1361,80.0,2014.5766488801871,46.0,2120.124135876933
1362,57.0,1834.957077434122,60.0,2280.4427000663986
1363,63.0,1939.6743302616917,61.0,2034.3663507130866
1364,84.0,2115.237059121979,56.0,2000.0952035139967
1365,61.0,1933.368997959186,57.0,2282.6560238205466
1366,72.0,2145.7482363770164,47.0,2139.7470803098145
1367,74.0,2017.6112749853335,65.0,2082.36681999244
1368,77.0,2000.3227396564882,48.0,2023.5415008131047
1369,88.0,1891.6964922546945,55.0,2033.7802070784448
1370,69.0,2072.862782760743,57.0,2096.6350334563667
1371,76.0,1950.9628189302541,60.0,2074.1937012440953
1372,69.0,1965.4140577089856,57.0,2120.162867581273
1373,72.0,2040.3540200762332,67.0,2165.5117998574956
1374,63.0,1957.7710985516724,48.0,2121.8955859633056
1375,83.0,2053.6941402806383,70.0,2157.991255201132
1376,76.0,2048.1882180043704,67.0,2082.565148433182
1377,72.0,2048.7102213411235,69.0,2270.7483784949113
1378,79.0,2093.7001251436714,63.0,2125.4831281279344
1379,88.0,2192.2450314932785,55.0,2004.3779271956341
1380,86.0,1915.1035313957034,59.0,2088.5069589291593
1381,77.0,2095.531720850972,58.0,2107.950943210361
1382,71.0,1933.2331078479556,55.0,2059.0439804852504
1383,83.0,1997.8585572067905,50.0,2072.7212629383407
1384,65.0,2019.844079333995,48.0,2033.8477326231593
1385,74.0,2074.5245367643142,74.0,2248.773856048615
1386,75.0,1936.286391935834,56.0,2054.5439006844913
1387,82.0,2007.5088748961753,56.0,2148.6944139001234
1388,78.0,2062.752456403467,52.0,2024.5538555379937
1389,71.0,2048.7931049623317,57.0,2142.7940607392084
1390,73.0,1929.346781160654,57.0,2054.7836017361324
1391,64.0,1890.2744348253448,65.0,2114.33520665071
1392,75.0,2044.5476507942808,54.0,2043.2756185719418
1393,66.0,1920.009275373585,47.0,2054.2111106321045
1394,74.0,1962.4335976060227,54.0,2032.3236836039928
1395,85.0,2001.5319499140041,61.0,2395.373016217338
1396,62.0,1944.660533850258,51.0,2110.4649722240056
1397,66.0,1978.4613928429346,57.0,2060.5909108848105
1398,66.0,2027.4479506379798,59.0,2057.1817158842046
1399,84.0,1997.8219417674807,52.0,2071.297562847119
1400,79.0,1966.2780328569918,67.0,2165.770283618865
1401,72.0,1953.5574984824289,53.0,2055.7852907120036
1402,76.0,2068.8980116669027,62.0,2193.425114928314
1403,72.0,1956.743067094665,67.0,2166.238684350892
1404,70.0,1968.116101977464,51.0,2078.43939929734
1405,80.0,1960.154117749083,60.0,2182.1336821806008
1406,85.0,2069.7037221314936,47.0,1985.5813678431
1407,68.0,2064.0286298658993,52.0,2066.8777027226397
1408,75.0,2003.9405267718773,61.0,2109.942724435562
1409,88.0,2147.231226659709,59.0,2223.054953171327
1410,73.0,2094.8018654916623,49.0,2187.4520190259623
1411,59.0,2050.634481488256,56.0,2097.705051414224
1412,84.0,2101.625215744828,53.0,1975.2538312749452
1413,81.0,1977.888545826574,56.0,2067.342697484331
1414,75.0,2083.544314922607,50.0,2043.3336052108555
1415,68.0,1910.7402442818272,49.0,2026.4854082071283
1416,53.0,1877.3556407217102,46.0,2109.9158213682254
1417,74.0,2139.203553668304,55.0,2180.904829933609
1418,64.0,1877.9855160192096,52.0,2088.6444997972526
1419,90.0,2032.151272998471,48.0,2011.4912129704323
1420,73.0,1943.3747391020713,63.0,2061.8340591676815
1421,84.0,2018.1853911511241,58.0,2060.783447291555
1422,75.0,2062.901478623473,57.0,2058.2141709539933
1423,66.0,1901.0394785597184,59.0,2304.3369419688647
1424,71.0,2049.159908840296,54.0,2134.341523643542
1425,74.0,1893.6490491213954,44.0,2001.905308142967
1426,78.0,2078.7634456951328,47.0,1949.2726456092762
1427,80.0,2186.506488622681,54.0,2345.5806296527217
1428,64.0,1943.7950647906766,65.0,2041.922918578466
1429,78.0,2027.3797796048143,56.0,2025.1551797116472
1430,77.0,2060.5603901326663,60.0,2036.5602300018008
1431,77.0,1964.9478794867252,62.0,2159.462488328528
1432,74.0,1955.9865043137975,63.0,2084.2698029749026
1433,65.0,1915.7451634377871,62.0,2108.7076254571057
1434,56.0,1945.0314015353385,71.0,2194.9880002937048
1435,87.0,2032.6096524318727,57.0,2072.609816018095
1436,75.0,2129.711799789905,68.0,2133.116715062974
1437,66.0,1917.7618553587613,57.0,2109.0930726082092
1438,76.0,2033.5199621124764,62.0,2041.145571869116
1439,70.0,2025.4926459778883,51.0,2044.3700079105308
1440,61.0,1875.04246323858,48.0,2067.390076949731
1441,75.0,2109.619450645188,40.0,1956.849805361188
1442,80.0,1985.7515996865382,67.0,2156.684220480456
1443,84.0,2173.83642810119,69.0,2198.5270840103535
1444,84.0,1974.5113220689736,56.0,2133.81525964074
1445,62.0,1988.5162640601,52.0,1982.905612477148
1446,68.0,1920.3270101880012,63.0,2163.4424056166918
1447,82.0,2140.7046254208412,46.0,2127.3287972205912
1448,62.0,1965.4797884185664,63.0,2220.554007376973
1449,78.0,2041.7986192163373,53.0,2073.7705776814473
1450,75.0,1963.382233943644,52.0,2118.371967373813
1451,73.0,2043.1646606633299,52.0,2041.0687778754352
1452,91.0,2211.4336042927425,68.0,2280.747610228607
1453,89.0,2003.119707072996,41.0,2082.494850539284
1454,69.0,2026.5061526506756,49.0,2102.8753814000443
1455,73.0,2010.1369976328099,63.0,2106.967365752018
1456,77.0,2043.991318985917,47.0,2104.388317566457
1457,79.0,1968.3976948498887,66.0,2106.3517376108875
1458,62.0,1928.358552690171,60.0,2083.663881017182
1459,76.0,1935.2148481644674,62.0,2121.704666513086
1460,66.0,1950.8467157271323,60.0,2031.645562629019
1461,77.0,2105.6050312475427,63.0,2065.9563499529386
1462,77.0,1902.4523344338397,53.0,2119.9039124164233
1463,82.0,2003.5507175952616,47.0,2126.9297441800563
1464,80.0,1987.015800991722,53.0,1962.227567379781
1465,76.0,2065.82671287589,62.0,2179.055216762535
1466,77.0,2100.9785205893013,52.0,2088.7503356021793
1467,57.0,1819.6015387354194,58.0,2176.931023222274
1468,75.0,2103.5755666308996,58.0,2077.7294159177804
1469,67.0,1919.0454389454055,49.0,1982.6235284534728
1470,62.0,1863.6741445461198,51.0,2046.5589380754093
1471,73.0,2014.7501640088271,59.0,2135.4117330383665
1472,69.0,1952.3316108009305,55.0,2106.247061105756
1473,76.0,2134.549264658367,51.0,2139.666990033463
1474,65.0,2011.539418686434,55.0,2051.779720428145
1475,77.0,2008.9063296567597,56.0,2070.613116604384
1476,82.0,1967.4727292669616,69.0,2173.727920644915
1477,90.0,2332.706798814912,53.0,2132.9510464870896
1478,87.0,2098.117381785781,49.0,2083.1176095608516
1479,77.0,2038.388620491909,51.0,2135.140575414781
1480,89.0,2028.7514288577663,56.0,2249.192931511613
1481,67.0,2003.8705986349903,52.0,2003.8691570660594
1482,63.0,1820.1781924953086,48.0,2116.3943391441126
1483,83.0,2081.3358020391875,54.0,2106.4691297154804
1484,77.0,1946.5329787143598,60.0,2090.5668983572255
1485,76.0,1990.2913727830921,45.0,2070.624565593914
1486,85.0,2266.7518442717374,65.0,2026.6763903686383
1487,63.0,1947.6636583965071,65.0,2158.6820182651463
1488,60.0,1935.3019139117735,60.0,2111.717077307237
1489,62.0,2014.8712274721463,60.0,2108.4598230498086
1490,72.0,2082.988394218208,62.0,2125.5482614457655
1491,68.0,2005.937880071768,55.0,2130.1756613878274
1492,75.0,2056.4238556115506,66.0,2121.877829180494
1493,73.0,1969.1600037257147,51.0,1975.93575674444
1494,86.0,2099.794246713074,60.0,2067.2313386301466
1495,88.0,2044.7901339822165,62.0,2065.761455329695
1496,71.0,1875.6580003733752,52.0,2013.4257079137822
1497,82.0,2051.2130965852607,56.0,2104.3201073669616
1498,65.0,1943.4072509120547,62.0,2109.6772792504353
1499,72.0,1902.1951775373145,60.0,2123.8826621499893
1500,83.0,2105.0257946397473,65.0,2122.5385488957504
1501,66.0,1981.3583924002614,59.0,2122.0811393422396
1502,87.0,2127.465713368819,55.0,2055.502339492151
1503,70.0,2026.6945421919247,52.0,2000.8595426062739
1504,87.0,2104.4412255060706,48.0,2135.337160206072
1505,70.0,2012.4640833770154,60.0,2097.859730179962
1506,83.0,1952.2066826407865,53.0,2009.5657440248694
1507,86.0,2123.395780537408,64.0,2129.02537066658
1508,66.0,1933.1175786646093,68.0,2273.526710271784
1509,77.0,1988.3313000095427,60.0,2101.6834733894775
1510,78.0,2133.7808274689496,54.0,2079.195904885124
1511,79.0,2142.382842014917,49.0,2084.3058079111
1512,70.0,1964.0831660191623,64.0,2102.5942489049053
1513,90.0,2196.643920686355,52.0,2161.6651971439205
1514,78.0,1962.0169772942959,50.0,2016.149113903594
1515,77.0,2198.942543406936,53.0,2030.949891225731
1516,72.0,2021.8577564586083,50.0,2137.967775102035
1517,67.0,1985.462664198078,49.0,2060.314897896449
1518,71.0,1962.2815626822285,45.0,2033.3736881887373
1519,78.0,1961.1776925777197,58.0,2041.0272304695645
1520,63.0,1977.0113649937914,54.0,2091.930640270842
1521,72.0,2067.851984208947,66.0,2134.6918941634804
1522,69.0,1944.7806225092222,61.0,2208.2672964955327
1523,73.0,2159.891950174991,52.0,2013.870933143113
1524,68.0,1930.2708424644977,52.0,2106.6012459655803
1525,78.0,1955.2500855113965,58.0,2175.9116151240964
1526,78.0,2116.895287647512,66.0,2209.1428772808567
1527,58.0,1975.9670728713095,54.0,2029.1293008582818
1528,78.0,2133.597220118251,64.0,2252.3930436883447
1529,73.0,2003.200060248576,52.0,2046.6230310710541
1530,76.0,2183.4231174260203,60.0,2226.7239303617885
1531,55.0,1865.447772681518,60.0,2124.4408257285204
1532,65.0,1930.1454428848824,56.0,2281.617578642562
1533,56.0,1948.8478525893079,50.0,2028.7844606324247
1534,75.0,1976.932114248525,74.0,2084.6019704756395
1535,75.0,1942.3741928633685,60.0,2118.104190944091
1536,76.0,1955.6215990827352,40.0,2036.3402498831592
1537,84.0,2089.307684220439,48.0,2133.6004548828514
1538,77.0,2094.3072406366914,45.0,2082.9046554573843
1539,83.0,2195.741961173829,47.0,2166.761277675024
1540,53.0,2001.2012792145756,48.0,2053.246893441298
1541,84.0,2012.635034409406,52.0,2170.209760096717
1542,71.0,2004.3384425871996,58.0,2240.8355849840905
1543,76.0,2066.805130739077,49.0,2033.3567994848615
1544,70.0,1974.3255284347774,60.0,2143.768805153565
1545,82.0,2100.834996728487,52.0,2148.687241800486
1546,72.0,2029.143711732385,45.0,2076.6933678652185
1547,73.0,1965.4211621191341,51.0,2113.580537068836
1548,77.0,2140.175064634942,65.0,2058.6387951789466
1549,69.0,1960.6600713090247,53.0,2062.7513069768293
1550,71.0,2013.3010172320596,66.0,2290.706476386373
1551,77.0,1959.5545051894296,45.0,2008.4784063573131
1552,78.0,2048.100008563934,65.0,2117.0922068640994
1553,91.0,1942.2131501416793,57.0,2148.2603012545355
1554,71.0,1960.5902860722088,56.0,2039.1510363144876
1555,76.0,2156.412060891755,60.0,2097.6413774873636
1556,83.0,2106.4917425578587,61.0,2203.362592832813
1557,73.0,2102.6215165283984,57.0,2059.7045774593826
1558,73.0,2027.2288883906938,56.0,2243.621388786048
1559,78.0,2049.445715804451,63.0,2151.2089339027248
1560,69.0,2039.164187166269,53.0,2078.6249140670475
1561,70.0,2087.731869298198,47.0,2045.872253235155
1562,91.0,2020.9509905349316,42.0,1991.2537575703705
1563,62.0,1987.1565162901331,59.0,2193.5305269256583
1564,72.0,1886.400163102775,49.0,2031.201090032196
1565,86.0,2090.329454516001,62.0,2074.518176677781
1566,84.0,2022.5867165139607,62.0,2077.515986827444
1567,83.0,2097.852613305681,65.0,2265.198767263109
1568,83.0,2189.3999821447433,46.0,2091.3125025569875
1569,80.0,2091.323924055191,56.0,2117.515444213339
1570,68.0,1967.944503426074,52.0,2054.8097638694717
1571,65.0,1898.3974192826183,50.0,2094.0936279907346
1572,74.0,2158.163342480629,57.0,2076.9605093126575
1573,62.0,1909.1794148858771,49.0,2061.2220884651542
1574,82.0,2057.818344034817,50.0,2104.72128563474
1575,82.0,2071.388626138089,42.0,2061.307296389528
1576,68.0,2122.483643534084,49.0,2094.5694760738884
1577,64.0,1859.3515416951363,64.0,2153.888511547999
1578,77.0,1930.1371802379556,48.0,2040.695057371541
1579,63.0,1958.9835149750193,53.0,2043.2312247739928
1580,78.0,1938.9644426148789,47.0,1999.2362857030425
1581,75.0,2005.8620714736076,63.0,2095.2527122343276
1582,80.0,2060.933528713568,46.0,2007.808055795044
1583,70.0,1945.1704227923117,64.0,2210.8800198266235
1584,78.0,2159.5967435344314,55.0,2010.662061167332
1585,78.0,1917.7804169528833,52.0,2006.7213331354353
1586,82.0,2150.3676952575165,56.0,2101.736862157213
1587,71.0,2146.4110408539277,53.0,2039.6365473110086
1588,81.0,2136.8700827805524,61.0,2132.2806030804823
1589,85.0,2139.4086643448077,44.0,2056.5191438742168
1590,62.0,2041.577630045972,44.0,1983.0131654160116
1591,77.0,2183.032526494341,64.0,2119.2927526480553
1592,81.0,1968.1907634835281,47.0,2136.7421068988365
1593,68.0,1949.34387432613,50.0,1969.3219912738564
1594,76.0,2163.6265476545827,55.0,2074.8497481920563
1595,80.0,1968.1967952358425,59.0,2125.7103364396426
1596,72.0,1986.3125195033729,61.0,2019.5554857957088
1597,74.0,2043.4953413659039,48.0,2047.449928895716
1598,70.0,2013.6343818776188,56.0,2040.720463025894
1599,76.0,2063.9669367148913,55.0,2215.901050282588
1600,84.0,2125.899992092816,50.0,2048.631095771286
1601,78.0,2067.2205833030853,70.0,2256.4150168839938
1602,71.0,2018.9881263173852,56.0,2101.862936471998
1603,78.0,2103.3609803707586,59.0,2100.790748479234
1604,70.0,2204.8465885066944,57.0,2080.948686254427
1605,70.0,1945.2600911258628,63.0,2239.316590819221
1606,71.0,2003.735330330972,45.0,2077.984986276619
1607,62.0,1954.8035970095023,67.0,2149.037145502552
1608,64.0,1908.5595068605178,53.0,2309.7510721795306
1609,84.0,2009.0559794503838,50.0,2095.7851319357
1610,82.0,1980.9493177229083,62.0,2065.0984826883264
1611,64.0,1972.500895919995,61.0,2041.7523336843678
1612,78.0,2021.1099897473791,52.0,2098.8463953525884
1613,74.0,2119.423726104736,67.0,2072.774520402024
1614,86.0,2007.2379576138085,58.0,2149.338165077883
1615,75.0,1997.8657938666806,59.0,2051.0425823506475
1616,73.0,2004.4094872353674,53.0,2133.870959751957
1617,70.0,2122.9146228549357,52.0,2078.0834471032426
1618,69.0,2010.151824999342,45.0,2054.6852935143415
1619,70.0,2108.891298552785,60.0,2215.3559289996465
1620,61.0,1905.6415922804813,56.0,2260.7081166311077
1621,63.0,1938.7872730667932,64.0,2351.5067043754484
1622,75.0,1984.4018348922489,55.0,2069.058021820743
1623,85.0,2111.0751194911195,49.0,2081.4501065448494
1624,77.0,2034.154846289263,56.0,2191.3771056918904
1625,76.0,1998.3104029256942,57.0,2132.544273460456
1626,72.0,1941.572892617419,58.0,2124.776316646072
1627,77.0,1955.342365238252,48.0,2016.374638429992
1628,85.0,2068.59295730176,64.0,2147.3031016622267
1629,73.0,2031.0606426684894,69.0,2106.8429822077874
1630,64.0,1959.1681542108495,43.0,2019.0456873083933
1631,89.0,2094.1907776992216,57.0,2112.047195773965
1632,71.0,1931.2027998379813,53.0,2097.9963572474426
1633,80.0,2138.9182191024047,57.0,2076.160179776213
1634,74.0,1962.105938761061,57.0,2136.627809711912
1635,72.0,2062.5790423084145,61.0,2181.52974667777
1636,73.0,1911.3768636979798,65.0,2110.7421654913182
1637,53.0,1998.4596707262954,44.0,2129.0436354250337
1638,84.0,2019.3809430022593,58.0,2016.1026967318517
1639,61.0,1968.2441227271759,57.0,2010.8069479814876
1640,76.0,1984.167104464154,58.0,2120.9486068181614
1641,79.0,2137.705607143337,66.0,2083.814087657758
1642,78.0,1987.2272800816404,50.0,2109.892431904588
1643,73.0,2071.6581056045625,64.0,2095.5933667422996
1644,83.0,2115.1996165961127,66.0,2183.0422014742708
1645,68.0,1941.7385670435579,60.0,2191.3848457144577
1646,58.0,1927.8528407962315,52.0,2262.7957132279553
1647,76.0,1959.8609244103197,62.0,2109.110646664597
1648,73.0,1945.4004037755453,49.0,2122.003930267124
1649,63.0,2073.9369484214353,51.0,2148.397884355285
1650,80.0,2005.5566708394933,48.0,2132.0903851840812
1651,67.0,1942.7997948453954,55.0,2088.8834302370233
1652,80.0,2189.0043064442793,63.0,2066.575235966503
1653,70.0,2023.707889557573,52.0,1993.748035411773
1654,86.0,1983.2127154857772,66.0,2154.0681043994646
1655,51.0,1827.9332830018636,75.0,2121.9606693663936
1656,63.0,2146.0963838339394,55.0,2086.6614394527937
1657,82.0,1921.9331981949674,59.0,2150.2196409709863
1658,76.0,1985.277616447587,55.0,2105.680216737482
1659,69.0,2107.7470392204755,47.0,2091.7099279841123
1660,80.0,1971.4712899547826,56.0,2004.261610978809
1661,73.0,2060.2238669938315,57.0,1981.709282155223
1662,77.0,2007.379265419067,47.0,2054.7797032687668
1663,59.0,2033.9509868383993,62.0,2296.196753776552
1664,67.0,1970.3050165829616,68.0,2164.0670932838475
1665,73.0,1868.3632069680823,58.0,2166.9365602004536
1666,74.0,2030.8161484585542,59.0,2311.7074290465043
1667,74.0,1926.897423807484,55.0,2083.7947749931027
1668,85.0,2145.535708727747,57.0,2076.601446615349
1669,77.0,1998.3145640824096,66.0,2122.8705816355177
1670,75.0,2098.866893813871,62.0,2076.273293545235
1671,57.0,1950.6333421829504,76.0,2205.7318033895635
1672,72.0,2037.3302082268146,52.0,2066.274341159961
1673,81.0,2027.0926921938033,41.0,2104.5062367990067
1674,84.0,2149.3636650818466,50.0,2033.3512695578522
1675,73.0,2020.8328604119997,55.0,2080.044375268157
1676,82.0,1930.1101662409633,53.0,2110.2176454814903
1677,82.0,1914.700220077115,47.0,2031.841801741537
1678,69.0,2011.1216477812518,43.0,2008.0812966417413
1679,74.0,1881.8404249111443,63.0,2143.382296452793
1680,80.0,2177.501488879804,67.0,2041.1884920337166
1681,80.0,1993.2405982595305,67.0,2146.0577323729653
1682,89.0,1940.0363471708922,53.0,2111.710994931558
1683,69.0,2052.6759377789103,48.0,2106.6014699675934
1684,86.0,2121.455886329834,66.0,2142.5745191635315
1685,78.0,2233.8615785762804,53.0,2056.649810539051
1686,87.0,2083.049719921526,58.0,2033.5596550137304
1687,78.0,1995.092566326032,59.0,2065.4181774611893
1688,85.0,2119.0465859672004,59.0,2172.946292978656
1689,62.0,2020.4771052659444,54.0,2060.248088982586
1690,73.0,1950.1729026567398,70.0,2229.431076012023
1691,84.0,2073.1631433930056,53.0,1984.1235571996956
1692,83.0,2012.3230434715288,49.0,2113.096370638936
1693,72.0,2026.0609899227265,57.0,2050.4541126376907
1694,78.0,2127.5018514790195,65.0,2117.890423930978
1695,71.0,1891.6975056122544,62.0,2055.2821077154913
1696,86.0,2090.5192898098435,51.0,2164.0062232915407
1697,75.0,1947.6737876545374,62.0,2067.9493054260925
1698,65.0,1953.3993488821525,54.0,2086.265340703667
1699,90.0,2179.8644066890674,61.0,2161.889998124144
1700,76.0,1968.0670004431277,49.0,2094.8496435144903
1701,80.0,2089.691992835947,55.0,2120.291813538256
1702,69.0,2076.383606446546,54.0,2051.2740460365007
1703,79.0,1992.7463116656218,48.0,2030.422946043783
1704,67.0,1990.813361201318,55.0,2038.872604633215
1705,73.0,2003.0374218626973,55.0,2004.0235598092172
1706,83.0,1997.0489731726386,61.0,2281.6377965474226
1707,68.0,1958.1052454587025,68.0,2137.730251396252
1708,69.0,1973.3278067775452,55.0,1992.1545864431368
1709,63.0,1947.3880063470265,58.0,2040.9755492460556
1710,86.0,2048.346363170459,66.0,2118.288879681783
1711,68.0,2144.7399744082536,70.0,2194.603702869882
1712,72.0,2029.9514227504494,54.0,2072.3200502293544
1713,73.0,2116.776344788904,62.0,2158.506969611682
1714,71.0,2067.148405781738,63.0,2291.9839436601055
1715,76.0,1981.2187738070522,55.0,2106.92900916939
1716,63.0,1901.7211075291052,53.0,2098.3556650472215
1717,82.0,2044.8317575459944,59.0,2183.6981351203394
1718,90.0,2067.1680998753113,54.0,2152.6824484362646
1719,75.0,2078.6517521282603,59.0,2047.5828220108615
1720,69.0,2033.4598572781879,53.0,2096.481588031642
1721,82.0,1881.529960889401,53.0,2167.1826316801053
1722,75.0,1963.1263494542986,61.0,2155.347563908688
1723,71.0,1877.1355438456453,57.0,2135.332242603851
1724,77.0,1916.4303607214995,51.0,2031.718095134723
1725,80.0,1963.5145838396668,73.0,2202.8106303999834
1726,83.0,1978.9060532715237,52.0,2105.584287144028
1727,67.0,2130.733878111605,52.0,2089.458211956204
1728,78.0,1961.5830525258552,57.0,2084.5802983958665
1729,73.0,2021.53147278656,60.0,2066.914802567743
1730,71.0,1874.697714977322,57.0,2086.9577886790744
1731,81.0,2030.866178103147,55.0,2178.859850485634
1732,53.0,1872.35596203133,55.0,2043.230938519774
1733,72.0,1948.4680943737608,62.0,2120.0543473492744
1734,78.0,1973.088319267816,64.0,2234.619026442976
1735,73.0,2105.7836423415115,47.0,2053.49670688662
1736,68.0,2097.055578404682,62.0,2073.309540012576
1737,65.0,2027.039186893737,67.0,2162.278564642657
1738,70.0,2002.5792056342796,73.0,2169.180208661293
1739,69.0,2022.3990890483967,62.0,2027.6293101376646
1740,94.0,2267.6068816279876,60.0,2116.5381499296
1741,77.0,2042.1371467480294,61.0,2044.744418124541
1742,74.0,1979.510214054374,67.0,2039.7888893276977
1743,69.0,1939.4393435171849,56.0,2116.3276452113496
1744,84.0,2044.961338865088,50.0,2120.1808130479626
1745,66.0,1912.9124528585107,46.0,2022.7828701686242
1746,77.0,2036.2136146913379,61.0,2076.1069946750836
1747,75.0,1910.078119460271,54.0,2075.248771762866
1748,70.0,1934.2262286198938,47.0,2023.4180680824375
1749,75.0,1999.9558119345104,57.0,2196.3693649514216
1750,73.0,2155.674052945391,57.0,2207.5367274600826
1751,83.0,1965.2745349971135,62.0,2075.9099526953723
1752,75.0,2116.216320759303,64.0,2211.0432080335067
1753,84.0,1975.7387372141752,72.0,2216.4759669435875
1754,68.0,2034.1042745941559,55.0,2075.0955730503556
1755,62.0,1892.751227223109,62.0,2035.887850264095
1756,65.0,1968.167987591456,55.0,2065.6369363029235
1757,71.0,2021.2630983261536,60.0,2159.123767655424
1758,78.0,2090.346311189973,59.0,2103.2105803179916
1759,68.0,1968.3708589382852,55.0,1989.4865808202753
1760,72.0,1954.380542801882,47.0,2050.1354108076384
1761,72.0,2010.2343439078156,55.0,2074.238375580508
1762,88.0,2098.464392409618,61.0,2188.1130817356675
1763,72.0,1914.9315001432967,56.0,2278.221037897318
1764,64.0,1978.3931589533852,59.0,2089.590709439975
1765,78.0,1991.782631291074,57.0,2217.4347048162376
1766,82.0,2093.931699312248,56.0,2009.8812115003125
1767,67.0,2042.4753686821855,52.0,2071.284730297539
1768,64.0,2059.25316425596,39.0,2026.670466084412
1769,68.0,2024.578962095818,60.0,2071.164742633366
1770,74.0,1990.1105795858036,67.0,2078.5284798424505
1771,77.0,2122.699767582226,57.0,1990.858295600736
1772,57.0,2105.9661759431947,44.0,1961.5192951801816
1773,79.0,2023.5035786207038,69.0,2035.7849287184338
1774,66.0,2017.702943697535,49.0,2085.738599583125
1775,74.0,2012.1063925342808,58.0,2123.724167905041
1776,87.0,2179.8296147070996,45.0,1962.983765887481
1777,88.0,2043.0032772729744,54.0,2175.7962111914244
1778,74.0,2096.8391339469395,50.0,1986.6479209159463
1779,73.0,1989.7533204194556,61.0,2062.075614185744
1780,74.0,1978.3304292640728,49.0,1952.8561848945533
1781,62.0,2050.6339288344666,55.0,2142.17695936794
1782,80.0,1901.166082224313,49.0,2019.2188642921074
1783,61.0,1927.5693336747265,48.0,2051.5795343421646
1784,77.0,1996.270173354822,55.0,2257.818139725375
1785,71.0,2023.0321838394234,56.0,2189.306218802944
1786,62.0,2061.1562076199857,50.0,2054.9651373532915
1787,65.0,2075.1916853613284,62.0,2158.2505029262716
1788,66.0,1975.0307356652368,59.0,2057.1070708166303
1789,76.0,2111.049963925821,55.0,2139.824853287853
1790,83.0,2118.3110026106106,42.0,2072.1314085676177
1791,76.0,2062.3604517225763,69.0,2060.12923937464
1792,66.0,2010.4731067999387,57.0,2023.4517646908464
1793,78.0,2166.366647519788,61.0,2127.087207700451
1794,76.0,2020.1124597686867,53.0,2157.029335476403
1795,72.0,1967.2332762046512,59.0,2125.838683194281
1796,73.0,1978.6592540779468,62.0,2157.8221300358005
1797,60.0,1922.3098456386863,70.0,2047.6338101118877
1798,79.0,2075.4351083739175,65.0,2116.2281785838536
1799,74.0,1973.8727117933581,58.0,2004.488326590623
1800,71.0,1937.620744421863,57.0,2248.458606285753
1801,67.0,1953.3947024355805,57.0,2118.4521885286235
1802,64.0,1998.646450550796,62.0,2165.666426331818
1803,63.0,2096.778636384807,55.0,2055.171059249606
1804,85.0,2237.210415806008,44.0,2070.2479596088783
1805,76.0,1952.9402529843446,62.0,2257.286934536186
1806,80.0,2015.8515377556541,49.0,2011.888411578626
1807,68.0,1903.8961281315958,49.0,2109.512158320065
1808,67.0,1905.555135162684,56.0,2111.84504007731
1809,70.0,1977.6712520271587,55.0,2018.7876103212336
1810,74.0,1987.0559199320992,47.0,1970.8209017276954
1811,86.0,2031.9129251565284,55.0,2206.331795049503
1812,76.0,2078.189937228352,69.0,2217.4306475351773
1813,77.0,2114.638096549515,65.0,2044.658675752029
1814,63.0,2014.5692253058194,54.0,2056.2705044296654
1815,74.0,1968.2248883253033,42.0,2172.9098780625245
1816,80.0,2087.1157451207764,49.0,2060.3421409471157
1817,75.0,2013.5491033381093,60.0,2029.9089434928924
1818,77.0,2065.8793162294683,46.0,2030.0953091586882
1819,66.0,2010.1077887594893,57.0,2149.232329865636
1820,78.0,2014.6849562687162,70.0,2050.3993040013256
1821,69.0,2199.911146057891,58.0,1977.1088762038084
1822,62.0,1934.3034781104352,52.0,2126.6738903584464
1823,64.0,1960.686187136668,61.0,2153.8369889337446
1824,65.0,1899.547535940023,51.0,2054.7212660567334
1825,87.0,1986.4323754116417,66.0,2077.0869535978727
1826,87.0,2320.3087948060597,39.0,2119.803758799066
1827,71.0,2029.6810460408221,55.0,2028.3559723957637
1828,78.0,1928.2633631125236,49.0,2026.453279932237
1829,70.0,2035.4944811878056,47.0,2090.9851072595325
1830,80.0,2021.4025282930993,53.0,2012.9412009470966
1831,65.0,1961.0537661477124,54.0,2007.7508729918375
1832,81.0,2062.7971773464938,73.0,2410.4833049822214
1833,63.0,2083.199991377683,56.0,2048.668068716602
1834,79.0,2049.3437962563216,53.0,2191.2949739152577
1835,77.0,2023.0101410601976,58.0,2146.2126783321396
1836,89.0,1965.151688447359,50.0,2089.2787513723724
1837,69.0,1904.1685520654619,47.0,2002.1563590662934
1838,77.0,2087.4155763651474,49.0,2001.922631494921
1839,70.0,1976.6913654240143,48.0,2010.9555445134317
1840,63.0,1858.3707264938132,62.0,2049.047361304794
1841,65.0,1820.1550291567378,52.0,2076.821755828334
1842,65.0,2012.8879210016805,38.0,1930.700825917328
1843,92.0,2140.233158416184,50.0,2070.8291562924396
1844,80.0,2062.0966479312224,47.0,2180.096582036625
1845,64.0,1975.9006194076933,52.0,2158.2233211665853
1846,77.0,1983.7079764892967,54.0,2018.0767222058025
1847,73.0,2008.0525077804768,49.0,2042.3059555907384
1848,70.0,1949.3102322174798,49.0,2072.4552044335087
1849,91.0,1951.9662270317638,51.0,2062.0891007838195
1850,82.0,2053.468402552761,59.0,2185.452757358391
1851,81.0,2096.714171504231,64.0,2157.7623480896846
1852,65.0,1938.5082684772224,46.0,2086.7675911017
1853,77.0,2153.6388037603447,57.0,2036.4913622686554
1854,67.0,1978.7575414885766,54.0,2197.1383663859406
1855,85.0,2110.2738613278634,57.0,2151.0880146313416
1856,71.0,2006.4594443784636,53.0,2083.823629705377
1857,68.0,2161.0538545521727,53.0,2042.5149275701724
1858,79.0,2073.7872051229924,44.0,2040.010181804688
1859,81.0,2111.2752559966593,43.0,2157.6692626748613
1860,55.0,1890.57657302323,58.0,2072.686660605702
1861,77.0,2075.007508645547,58.0,2039.9160686366888
1862,75.0,1962.7518920856228,52.0,2062.7503032544823
1863,67.0,1965.6903334353408,52.0,2086.1193160391763
1864,76.0,1998.4129047563706,60.0,2031.6104663359156
1865,62.0,1879.6506493402487,49.0,2040.9908063644502
1866,77.0,1983.883808147355,58.0,2039.616441299668
1867,80.0,2017.0948781745399,56.0,2050.204012084128
1868,75.0,1991.5553304135972,61.0,2160.5195185362745
1869,81.0,1967.3660385757048,56.0,2003.8312053626205
1870,85.0,2151.374785485029,51.0,2137.810143740078
1871,68.0,2094.6277948748507,51.0,2208.6111556607952
1872,88.0,2055.7614962625366,60.0,2065.1383416353874
1873,81.0,2169.128636429675,62.0,2147.9539870252515
1874,76.0,2161.721636568921,62.0,2024.5555704926712
1875,60.0,1872.9743016263567,37.0,2064.03345137012
1876,73.0,1984.3186757496928,61.0,2106.2336013528047
1877,73.0,1965.525361086716,58.0,2061.5316744981674
1878,95.0,2125.872538523223,63.0,2139.3535019985457
1879,72.0,2145.9633810985215,52.0,2075.9934281693636
1880,76.0,1951.0973034178044,58.0,2088.2199917283538
1881,70.0,2248.4754335362018,53.0,2076.7297955390923
1882,81.0,2017.850847575451,54.0,2222.5462938622727
1883,61.0,2042.9637034352656,65.0,2235.9986114528783
1884,74.0,2000.4868642581046,51.0,2040.8187715424779
1885,70.0,2116.3389042837825,45.0,2068.7380556675994
1886,43.0,1826.6986842858046,62.0,2079.5851700500198
1887,65.0,1970.9239661646116,51.0,2070.302846092535
1888,72.0,2128.399971625068,57.0,2066.5899359181153
1889,72.0,2006.5066213743423,68.0,2105.3488705730065
1890,72.0,2051.4404925507515,60.0,2134.2414112412084
1891,66.0,1964.8674181684894,62.0,2125.5999757663703
1892,71.0,1937.5251461197722,43.0,2056.8156975387246
1893,52.0,2014.5794721080224,59.0,2204.7304464363388
1894,74.0,1982.2442883589679,73.0,2166.9157143426946
1895,76.0,1941.8160981275175,54.0,2381.346235653015
1896,73.0,1952.2168119107134,39.0,2066.396494818037
1897,78.0,2017.5150269056169,49.0,2092.0301557508255
1898,73.0,1992.6897365184334,68.0,2148.11231560579
1899,79.0,2024.7866506896214,53.0,2086.662934844781
1900,78.0,2021.62679962194,59.0,2124.5879090844064
1901,69.0,2118.681891329195,51.0,2121.869685692366
1902,72.0,1926.4252296376822,59.0,2190.641849262086
1903,88.0,2044.4975647539168,61.0,2085.1621246685345
1904,73.0,2042.1240909020055,48.0,2034.0649770188782
1905,72.0,2116.8778391122414,41.0,2056.5539384353638
1906,69.0,1976.3517930524301,48.0,2000.5645438070542
1907,79.0,1950.4626132999567,60.0,2199.411382076815
1908,68.0,1825.5771543003468,47.0,2092.2487079873304
1909,79.0,2048.102289827172,61.0,2195.886710347705
1910,71.0,1978.8699807719477,57.0,2083.210282144039
1911,73.0,2091.897396318828,53.0,2009.4310281073672
1912,73.0,2048.512659750117,49.0,2107.53983781404
1913,61.0,1876.9510275396378,72.0,2230.4503842263666
1914,72.0,2041.2105267333336,61.0,2223.1442878893713
1915,59.0,1864.026055537642,56.0,2266.706408822859
1916,68.0,2064.746381600326,55.0,2158.839460300533
1917,76.0,2004.4644521226799,57.0,2209.2116759622377
1918,61.0,1920.1723182406697,62.0,2132.049027861044
1919,71.0,1920.9942659565547,62.0,2068.0417506050107
1920,76.0,1969.9025105883945,68.0,2181.943261175367
1921,69.0,2029.805617473351,42.0,1972.9231832208054
1922,68.0,1969.5524948601635,50.0,2152.419266195458
1923,80.0,2134.4556536957757,52.0,2144.911244780783
1924,80.0,2042.9123741873818,50.0,2028.7777150355187
1925,56.0,1883.6706192867177,68.0,2166.692008833649
1926,73.0,1916.99551396082,43.0,2011.3812766319238
1927,68.0,2166.441253100802,42.0,2019.529225659975
1928,77.0,1961.547472038384,50.0,2033.661651177272
1929,85.0,1891.2267918844361,55.0,2135.8716533632446
1930,76.0,2105.876490389362,60.0,2106.307856063742
1931,67.0,2152.7356188158483,45.0,1991.6214485543212
1932,91.0,2211.193419651039,61.0,2103.6906357122584
1933,75.0,2032.1714708295883,48.0,2037.1559795721307
1934,72.0,2034.0718611699824,73.0,2148.9314369901685
1935,67.0,2016.9032912584323,51.0,2050.2256644163394
1936,80.0,1917.3147106875892,44.0,2013.066116948882
1937,84.0,2120.3381007446965,45.0,2008.5444378027819
1938,81.0,2112.1997476929255,63.0,2017.6299555870573
1939,83.0,2125.645777019303,46.0,2132.8144163714887
1940,80.0,2001.0499125698773,62.0,2134.801934258471
1941,68.0,2000.420312162481,75.0,2012.5683984781876
1942,74.0,2007.3981633794488,61.0,2137.334714499007
1943,70.0,2070.108962923673,47.0,2036.3235836467861
1944,70.0,1967.4928000748282,57.0,2044.6139522366295
1945,80.0,2055.799424352612,52.0,2053.474636965112
1946,81.0,1991.662741030922,69.0,2215.1887159529524
1947,74.0,1997.2663098517296,55.0,2039.1600941441916
1948,84.0,1979.9541313666223,56.0,2066.7675282539362
1949,71.0,2005.694569435226,60.0,2041.7535806309327
1950,80.0,1932.841028929645,52.0,2016.0002632050532
1951,72.0,2055.048146499292,59.0,2262.2382493284726
1952,67.0,1992.3035048012678,51.0,2114.3754263281758
1953,85.0,2141.88657007388,49.0,1992.7570775404588
1954,71.0,2121.1784145052975,54.0,2265.52314458615
1955,83.0,2061.79605707377,51.0,2083.7317205294758
1956,66.0,2024.108115529615,55.0,2092.601377681347
1957,86.0,2171.1850669899577,54.0,2112.930326713096
1958,83.0,2070.8155954929025,49.0,2046.1097838957812
1959,83.0,1988.763766738039,49.0,2093.29936418455
1960,80.0,2048.13865874845,53.0,2146.4299955206675
1961,74.0,2161.0136939094455,46.0,2112.2684333716325
1962,75.0,2131.5208262972938,58.0,2115.076500482222
1963,60.0,1888.5879262882536,56.0,2116.408604552344
1964,74.0,1947.1691711413891,55.0,2044.1722384443751
1965,74.0,2093.381937920786,45.0,1998.057062667358
1966,89.0,2100.6606098251727,64.0,2131.7528600292635
1967,74.0,1940.9368013776589,62.0,2229.03179629227
1968,70.0,1938.7780986642492,61.0,2153.750195835484
1969,73.0,2045.6289237472151,59.0,2079.029072841847
1970,80.0,1886.1155274007247,60.0,2013.682902575591
1971,71.0,1858.4877288297855,54.0,2038.7327526813992
1972,70.0,2196.019556861702,48.0,2027.6782766762515
1973,66.0,2013.241449259622,48.0,2108.7129352890115
1974,80.0,1985.79672427497,53.0,2043.0451594964368
1975,72.0,2089.2546590295233,55.0,2093.209714400169
1976,78.0,2051.7415931055157,46.0,2077.459441451471
1977,73.0,1879.2379546606305,53.0,2191.6809714686633
1978,85.0,2141.8622373242715,55.0,2187.552670332071
1979,71.0,2213.3191451260686,55.0,1976.2354954087414
1980,81.0,2201.8864033254267,68.0,2097.3640486967497
1981,70.0,2034.0160522225024,70.0,2123.152640374973
1982,69.0,2055.332553143926,59.0,2036.4440542363975
1983,85.0,2115.372642519209,48.0,2018.17241350835
1984,82.0,2249.377161096382,50.0,2016.8658293972658
1985,83.0,2126.886555552394,56.0,2085.254118757237
1986,65.0,1913.805404652433,60.0,2033.9501334433603
1987,68.0,2075.9314611631485,55.0,2109.560330857728
1988,88.0,2009.374578810885,53.0,2123.8945488967215
1989,76.0,2027.298086429702,60.0,2143.9686055973893
1990,72.0,1946.1017111207257,52.0,2092.1530057860105
1991,72.0,1921.9536535467569,45.0,2073.036775024014
1992,85.0,2197.750816009858,53.0,2176.7628977604445
1993,67.0,2027.1950874180966,58.0,2173.438311971156
1994,74.0,1944.968860751409,54.0,2029.8130276486982
1995,69.0,1923.084915606039,51.0,2015.7101846426215
1996,89.0,2170.11864476651,63.0,2176.5871306533027
1997,81.0,2110.454288025161,51.0,2066.914434447228
1998,78.0,2051.7988976565553,61.0,2175.316794570135
1999,67.0,1885.348970834064,57.0,2172.9799324355363
2000,80.0,2201.8440130352424,50.0,2108.2396344284757
2001,74.0,1962.9287466952978,62.0,2150.979041976149
2002,65.0,2032.2428185776396,49.0,2120.4901340919996
2003,70.0,1966.092757056374,40.0,2028.1021852759554
2004,73.0,1963.1199580358505,62.0,2160.1326354380276
2005,70.0,1915.8740649015097,53.0,2199.263967686609
2006,81.0,1940.2612131564545,48.0,2103.6392468037343
2007,75.0,2000.9376715042881,64.0,2197.2619018368146
2008,66.0,1922.9157042738234,57.0,2016.2267557357895
2009,73.0,1996.6402391338072,55.0,2039.2929843950822
2010,73.0,1942.528337026653,48.0,2045.0162748473185
2011,83.0,2015.5890892113166,46.0,2039.9718294148756
2012,83.0,2128.648137926292,62.0,2203.9541742424167
2013,72.0,1856.7080808222408,58.0,2044.760017921906
2014,79.0,2039.2121517573414,66.0,2107.072153849577
2015,75.0,2137.896092758462,68.0,2100.4814866386273
2016,64.0,1914.6883622026958,54.0,2135.659405286007
2017,77.0,2127.5000158192406,59.0,2068.5127101547064
2018,70.0,2038.579569659026,57.0,2285.0949741621603
2019,84.0,1914.7533455348362,56.0,2088.170626141454
2020,84.0,2047.8561383827823,53.0,2078.9995998447666
2021,77.0,2054.878712951565,59.0,2198.8388606849803
2022,81.0,2079.6685937816455,50.0,2079.138410791335
2023,72.0,1963.0942526987687,58.0,2074.690966601958
2024,77.0,2089.459955971715,54.0,2108.391863879808
2025,64.0,2130.759385442307,63.0,2053.995010471265
2026,73.0,2005.900819139457,51.0,2070.0351328837373
2027,72.0,2065.1790668637664,60.0,2308.495717897614
2028,80.0,2047.5472500019732,51.0,2007.8479366857166
2029,53.0,1846.3741608936193,48.0,2004.5501494676696
2030,71.0,1930.394362919769,55.0,2078.690264959859
2031,77.0,2019.2279603088016,42.0,2207.497792274861
2032,71.0,1997.1225058485447,47.0,2069.5675836955197
2033,78.0,2075.463582192834,65.0,2109.520681005789
2034,82.0,2104.164288211959,44.0,2096.703861808034
2035,71.0,2125.027467536381,49.0,1959.0726242045046
2036,71.0,1963.621534799417,49.0,2031.3163023107077
2037,68.0,1944.8625447331865,43.0,2029.782063682246
2038,75.0,1988.0031118718664,52.0,2075.0657108719365
2039,86.0,2059.1335513112044,62.0,2076.4266564616223
2040,59.0,2004.2525068224506,51.0,2041.883705104246
2041,70.0,2079.765509889975,50.0,2102.5321734843487
2042,74.0,1990.1031871537184,57.0,2030.5714662208459
2043,81.0,2013.637117410167,55.0,2122.947881883339
2044,76.0,1945.3579314542337,47.0,1998.1418166763772
2045,67.0,1936.7630308256141,58.0,1997.8933040436777
2046,75.0,1942.936745859278,51.0,2081.542097202992
2047,78.0,2064.4786722471313,61.0,2035.1409974092483
2048,80.0,2057.620936050808,59.0,2141.7703956948844
2049,76.0,2008.249589774028,56.0,2025.4436986695177
2050,72.0,2044.944809195861,59.0,2078.6598085695096
2051,72.0,2082.891742145979,57.0,2106.093250037276
2052,80.0,2016.430503278039,50.0,2197.596849174591
2053,79.0,1931.5688734576154,59.0,2204.4017051826263
2054,72.0,2094.2116432577486,61.0,2109.09651494553
2055,71.0,1994.0868936824488,48.0,2034.3574882710448
2056,75.0,2027.943609592478,65.0,2289.4153831677822
2057,79.0,2041.8741358587547,60.0,2134.9971471456042
2058,71.0,2042.1197381263896,45.0,2040.9286780445211
2059,66.0,2006.2629271010899,71.0,2079.468908903731
2060,90.0,2021.9719776531924,45.0,2226.330060783224
2061,70.0,2024.7362387932828,65.0,2112.8390282496794
2062,79.0,2081.079274035472,41.0,2007.38151597381
2063,77.0,1949.6870810359,43.0,1971.757966867284
2064,64.0,2062.8699790644896,55.0,2134.0161293787555
2065,65.0,1941.9374947165984,55.0,2016.611103014316
2066,69.0,2024.8000277891874,50.0,2106.848127803926
2067,66.0,1901.6049597191748,47.0,2075.756587593158
2068,77.0,1996.425244912486,63.0,2098.08995835512
2069,73.0,2286.3848891258845,62.0,2078.3246468172383
2070,70.0,2091.1222463319996,53.0,2020.6599252508124
2071,73.0,2075.163811916759,47.0,2130.075918684393
2072,63.0,2022.0240630658432,51.0,2185.98005138048
2073,72.0,2011.3380712566884,56.0,2138.539605309792
2074,88.0,2014.4384809989142,69.0,2087.1542282711875
2075,70.0,2071.104503641975,65.0,2147.5600626063565
2076,84.0,2085.010541073651,59.0,2104.693376731266
2077,80.0,2061.8546764574394,78.0,2151.9632652699847
2078,67.0,1875.8573859093735,52.0,1990.3247351365223
2079,81.0,2073.6146984471943,56.0,2069.9107566627367
2080,81.0,2019.137985102199,46.0,2061.3379024857927
2081,76.0,1928.261020071075,65.0,2049.3384104402758
2082,69.0,1960.5403058059803,50.0,2056.9041642237567
2083,74.0,1912.547551717075,52.0,2042.3136566953995
2084,71.0,1969.6241044906933,60.0,1973.0048989818324
2085,74.0,1947.8377415286254,45.0,2069.147934019508
2086,74.0,1991.028889124435,62.0,2212.1871434553213
2087,65.0,1955.09578451918,59.0,2060.8451297436677
2088,74.0,2029.8465555645282,56.0,2157.6100224464994
2089,85.0,2048.377053561259,53.0,2103.416721478757
2090,73.0,2074.9506411752327,52.0,2115.5782492457174
2091,85.0,2117.3283238703602,63.0,2074.796074054807
2092,62.0,1887.7846410414802,55.0,2123.948725352074
2093,76.0,2064.3508354149944,61.0,2227.7408301932282
2094,71.0,2080.900352288153,50.0,2067.476584441423
2095,72.0,1957.2930922707571,54.0,2006.0239891581207
2096,86.0,2004.74018617836,50.0,1999.6700217538662
2097,79.0,2102.312602514932,61.0,2236.129588252477
2098,83.0,1992.132107463806,48.0,2106.5193893107426
2099,70.0,2001.9088607094127,57.0,2156.066578582838
2100,67.0,2015.449358955922,60.0,2196.435052419824
2101,77.0,1955.3279889799435,49.0,2048.9686008050116
2102,83.0,1939.309613688194,53.0,2066.2395982112107
2103,71.0,1979.3117912022512,68.0,2023.023377743493
2104,70.0,2069.7254900874113,54.0,2053.0899494060122
2105,66.0,1945.8104046168971,68.0,2134.9430176609508
2106,78.0,2061.240495174192,49.0,2112.1644865931808
2107,62.0,1951.1651802675722,58.0,2174.375168361472
2108,68.0,2139.6423434965727,44.0,2142.975645468748
2109,79.0,2070.092981833681,55.0,2099.632426438484
2110,69.0,2048.8172518040083,37.0,2040.8081819723022
2111,70.0,1908.2325459286267,66.0,2252.001588073806
2112,73.0,1869.1172916244702,50.0,2000.892218684138
2113,67.0,1959.65114097299,44.0,1961.7099017528737
2114,84.0,2040.150605784591,63.0,2232.0255765593956
2115,65.0,1980.2021954098627,53.0,2162.0775416423508
2116,73.0,2057.7253904811196,59.0,2182.0518907255528
2117,78.0,1929.9294141254368,60.0,2013.0067398453837
2118,60.0,2006.2047502135551,55.0,2107.579891314929
2119,73.0,1922.9645657354347,48.0,2069.966630591702
2120,95.0,2029.0062220794669,56.0,2047.9304475898764
2121,75.0,1992.815970154328,59.0,2006.448711657325
2122,54.0,1829.8086762382245,62.0,2163.7073207037024
2123,70.0,1978.0165108772455,65.0,2138.8027266376066
2124,58.0,1997.015094332702,57.0,1991.0557308664133
2125,68.0,1856.2721162539979,44.0,1970.1150434688989
2126,70.0,1981.2084146817463,59.0,2168.608777327487
2127,72.0,1867.8077865548921,48.0,2068.179639361965
2128,74.0,2015.4976447931956,49.0,2034.6536225775753
2129,57.0,1816.1259156818346,55.0,2061.54120515212
2130,75.0,1922.4382663660685,57.0,2212.0224582803007
2131,77.0,2104.5644678653557,60.0,2160.191519101598
2132,72.0,2036.6241661888673,56.0,2142.11041411698
2133,85.0,2113.1933758258388,52.0,2079.5679479635996
2134,75.0,2037.0830631122058,44.0,2053.794143098906
2135,84.0,2118.0504944574427,69.0,2164.8543866215114
2136,74.0,1972.1320887891054,60.0,2239.1074196485793
2137,70.0,2086.876413940862,55.0,2206.7924849724463
2138,65.0,1869.8309907486964,41.0,2035.8867534062008
2139,59.0,2107.214393389902,61.0,2128.8246850692735
2140,76.0,2066.125104516682,53.0,2077.917984537087
2141,68.0,2044.9712447830377,53.0,2099.3418383352223
2142,89.0,2006.0569117577684,66.0,2201.7646097676084
2143,67.0,2016.8502548802096,53.0,1987.5227806544194
2144,66.0,1962.7737886086259,57.0,2106.1513537525857
2145,79.0,1976.1513199738229,51.0,2151.1772865195435
2146,75.0,2135.28308647036,58.0,2183.9968050980424
2147,61.0,1929.5729684034538,53.0,2184.0434746897286
2148,71.0,1977.1553783617276,60.0,2170.572151374303
2149,69.0,1952.999595112315,57.0,2056.752464160939
2150,58.0,1918.1488451040136,49.0,2070.7016812738884
2151,68.0,1888.312862302216,51.0,1999.1753113004718
2152,73.0,1945.0678118709927,52.0,2108.4508544097457
2153,73.0,1925.9176900060133,50.0,2101.458851458369
2154,84.0,2040.8871045421558,84.0,2214.967648791943
2155,66.0,2092.6048886649073,61.0,2131.230516052407
2156,88.0,2059.388188339544,50.0,2085.3905398626957
2157,75.0,1922.1666419981266,55.0,2087.8979963695238
2158,84.0,2061.429056704835,62.0,2116.112260568686
2159,71.0,2062.1232792812966,43.0,2117.3600026466643
2160,73.0,2047.6840633466593,67.0,2045.8807619798781
2161,69.0,2122.8847124154686,39.0,2068.0245165367696
2162,77.0,1918.32065999008,47.0,2081.8909071073185
2163,77.0,1980.6837264214566,65.0,2190.5507237620336
2164,72.0,2018.9628429102374,51.0,2058.322217960414
2165,63.0,1888.9087346193799,47.0,2025.2140139669668
2166,78.0,1959.8606370816642,64.0,2185.9149432126055
2167,82.0,1964.0651892501437,57.0,2062.571828972567
2168,68.0,2000.7394705943186,63.0,2187.0030661420597
2169,65.0,1918.982640793911,51.0,2000.8587384479893
2170,91.0,2092.7898470212476,47.0,2118.386776581449
2171,74.0,2144.791986561689,50.0,2063.2130039271156
2172,74.0,1938.487742955198,51.0,2143.5870385183607
2173,69.0,1988.0745419480197,57.0,2131.525200081995
2174,75.0,2195.8935248758294,67.0,2195.4539374938686
2175,90.0,2176.9487351856133,56.0,2173.895346148733
2176,68.0,1889.3222651850067,47.0,1990.1253330768404
2177,76.0,2016.1050815724723,57.0,2208.9620907105877
2178,77.0,1921.9638279694357,64.0,2141.9944345263284
2179,68.0,1975.0114847539442,53.0,2195.3027323503798
2180,63.0,1977.16112552421,58.0,2062.7702682129425
2181,74.0,2126.0628361932927,48.0,2058.767477568707
2182,78.0,2019.4947017299544,61.0,2077.792347005963
2183,84.0,2120.5134043564935,57.0,2148.838366265818
2184,62.0,1938.2410350136304,58.0,2190.958318209521
2185,73.0,2012.10714935921,67.0,2220.8378657166445
2186,58.0,1932.4263820766903,64.0,2110.2701175141674
2187,80.0,2182.423248643044,66.0,2154.5773580730374
2188,67.0,2056.8430395025166,62.0,2193.14868424043
2189,82.0,1975.1942899465764,55.0,2188.95631193418
2190,83.0,1985.8878330990565,52.0,2130.378656968102
2191,83.0,2082.6483084035226,63.0,2089.1631725643965
2192,72.0,2146.922925757052,65.0,2101.437776941076
2193,68.0,1964.4123958632006,65.0,2217.8378525958497
2194,72.0,1915.4439019214992,55.0,2111.452755964435
2195,65.0,2104.4796500269576,45.0,2161.4490052775445
2196,65.0,2179.546385976684,54.0,2093.754626822259
2197,76.0,2060.827606638227,60.0,2094.3187690083846
2198,82.0,2194.078288545805,64.0,2141.1826091939065
2199,79.0,2038.2927488000284,53.0,2049.292230839314
2200,69.0,1929.5758711338135,64.0,2136.385431885986
2201,76.0,2047.1951641654432,51.0,2094.2810128827878
2202,73.0,2177.9318003192625,70.0,2129.6058382145447
2203,74.0,2093.9129060455416,73.0,2147.038720073788
2204,69.0,2016.1404440429988,61.0,2132.425966582465
2205,82.0,2102.223736918565,46.0,2129.365750246458
2206,74.0,2005.929565422478,54.0,2104.7652187942044
2207,69.0,1979.520141255532,44.0,2052.7953925104744
2208,69.0,1953.0034858350562,56.0,2118.3082436349428
2209,67.0,2040.6442536670631,55.0,2190.2243684485206
2210,69.0,2068.2315261464137,56.0,2024.3400149479396
2211,74.0,2113.726173036919,67.0,2189.920632492296
2212,72.0,1944.973385495838,53.0,2035.6693383574607
2213,63.0,1905.2017974693538,54.0,2022.8798355628535
2214,82.0,1971.0033784016425,55.0,2060.812134600524
2215,65.0,2019.086315988547,46.0,2063.2992756699905
2216,71.0,1939.6457356908782,62.0,2252.7616455109824
2217,70.0,2063.6311529017553,46.0,2215.52802211066
2218,73.0,2026.3722049819162,58.0,2082.9469408230684
2219,78.0,1984.2536710194547,61.0,2148.232260912341
2220,85.0,2176.9056199919287,60.0,2092.4539812553317
2221,83.0,2070.711480350315,69.0,2196.8109833252565
2222,71.0,2013.3985867751098,54.0,2014.7919730030042
2223,79.0,2062.3061007640367,64.0,2049.2882330140505
2224,71.0,1945.2267422443097,53.0,2204.437983433296
2225,68.0,1987.6192200346275,42.0,2011.6851051143606
2226,83.0,2067.7878244661056,63.0,2206.5932345953647
2227,81.0,2097.390638859054,59.0,2229.78803467583
2228,74.0,1939.915260827062,41.0,2077.8001249374174
2229,75.0,2160.952014473532,61.0,2239.873478821014
2230,81.0,2131.5277943122196,56.0,2023.930727610807
2231,87.0,2065.4448952925295,47.0,2027.9999098041558
2232,79.0,2013.9718538742447,49.0,2152.9242399935797
2233,55.0,1938.885949707032,57.0,2039.071383258119
2234,68.0,1946.3024047595613,64.0,2180.9464847953536
2235,70.0,2039.0132321145466,42.0,2123.905920989726
2236,63.0,1900.4136778760835,64.0,2167.372502349613
2237,70.0,2076.3481974661695,45.0,2111.517119818679
2238,92.0,2219.0148152791317,61.0,2035.926146944751
2239,74.0,2046.9592629714969,57.0,2054.062025159337
2240,67.0,2032.864095612438,44.0,2013.8349312949342
2241,75.0,1963.7069668887477,52.0,2035.0846989152922
2242,86.0,2107.6092650990117,66.0,2210.89509946176
2243,78.0,1976.5314542796048,64.0,2064.408631638135
2244,68.0,1990.4196700759098,44.0,1997.7882274108654
2245,85.0,2080.2212095569303,52.0,2115.0732446044235
2246,74.0,1953.5302837754884,71.0,2163.3883968797827
2247,66.0,1954.6869697582117,53.0,2203.622601174877
2248,76.0,1997.5939751083274,53.0,2069.3294305473178
2249,65.0,1870.1724955652483,63.0,2026.9359026418886
2250,72.0,1944.5136711654404,57.0,2091.6864371369097
2251,69.0,1952.658072201538,59.0,2231.35677252127
2252,75.0,1891.0668753644945,59.0,2265.2369982884547
2253,62.0,1902.0769384893786,57.0,2126.9509319146982
2254,76.0,2089.168975707763,59.0,2228.6923618126975
2255,74.0,1945.4245817668507,53.0,2073.304586298511
2256,66.0,2163.2953537161984,48.0,2025.6268007516574
2257,74.0,1981.1629148754591,49.0,2157.4491608810276
2258,78.0,2122.7950081474023,56.0,2177.4970500898753
2259,72.0,1966.4446072544404,60.0,2158.339762503026
2260,77.0,1931.0642794470498,59.0,2186.176997053497
2261,77.0,2228.9240786105743,65.0,2333.2838802019305
2262,71.0,2015.7048522150135,67.0,2156.486946882093
2263,77.0,1993.1789858503364,55.0,2124.7421419915104
2264,83.0,2165.405120262217,56.0,2046.6734345296659
2265,74.0,2058.278190800362,54.0,2154.07152117975
2266,75.0,1966.8184706300394,61.0,2264.741233781262
2267,76.0,2077.387774505632,60.0,2037.8465076715656
2268,67.0,1949.5829792168108,49.0,2270.381349777781
2269,74.0,2021.8637652498771,44.0,2006.1535166537149
2270,64.0,1961.8793624728632,58.0,2153.557168909796
2271,84.0,2132.715850651662,56.0,2012.4178956403646
2272,77.0,2087.350652901911,62.0,2220.0038639160007
2273,77.0,1926.3722303244774,63.0,2145.7711543247806
2274,66.0,2145.4775647361585,71.0,2191.0289876298843
2275,61.0,1971.9453611325828,54.0,2049.810409766393
2276,76.0,1933.866350909558,54.0,2060.2085043248494
2277,75.0,2006.274929148169,64.0,2040.6941218380691
2278,64.0,1888.5005987864524,58.0,2175.8666948301375
2279,72.0,2126.044372821499,65.0,2068.8641162070803
2280,61.0,1970.349218755929,50.0,2101.4940067456423
2281,70.0,1996.9424786974046,75.0,2189.914685191905
2282,66.0,1976.6391111276894,64.0,2109.5991183894116
2283,75.0,1927.3171055723901,54.0,2211.31450384567
2284,75.0,1955.782701498627,45.0,2043.448617742248
2285,77.0,2010.0146439884238,53.0,2072.335698507125
2286,98.0,2042.6717614316465,52.0,2057.123275777713
2287,74.0,1997.5513625092537,53.0,2156.4933207080944
2288,72.0,2110.0697586692563,42.0,2091.4162100151234
2289,84.0,2130.3488336228625,54.0,2301.7782915828157
2290,71.0,2061.240701731066,60.0,2187.5071423354416
2291,78.0,1966.2182930975105,70.0,2126.6988736426874
2292,71.0,1897.7317221249452,49.0,2009.8487034687391
2293,80.0,1952.4946439496546,51.0,2047.2971927857495
2294,66.0,1895.6641670752485,55.0,2122.8810679808107
2295,79.0,1982.1863241827186,52.0,2041.530331575533
2296,66.0,2015.34812829938,52.0,2066.504242365783
2297,65.0,1892.106342494273,52.0,2142.702837520418
2298,73.0,2198.903825712904,57.0,2056.079927235844
2299,73.0,1944.0620108064377,70.0,2256.726903641287
2300,89.0,2127.631891856341,52.0,2085.312341291448
2301,69.0,1917.9326762487042,49.0,2039.8186058108458
2302,81.0,1945.0539676929047,49.0,2045.0064805410732
2303,63.0,2014.64288200415,52.0,2144.793460912007
2304,54.0,2005.0695579451544,49.0,2105.3909710425023
2305,68.0,2037.72717671578,57.0,2036.5815723879068
2306,74.0,1974.5418001324492,61.0,2217.037614166768
2307,75.0,1971.8977031390787,44.0,2058.901588771027
2308,68.0,2041.8956160320138,52.0,2033.103217400121
2309,82.0,2032.7682183714214,59.0,2175.080744437854
2310,83.0,1971.3766642873816,58.0,2097.5503187102668
2311,80.0,2081.6313180980364,61.0,2060.6002008406695
2312,60.0,1902.0083138596046,55.0,2145.0346082776814
2313,88.0,2274.6606783629504,59.0,2099.179294516638
2314,77.0,2024.2127444793796,57.0,2132.1450122995698
2315,78.0,2035.098258109178,56.0,2326.15209768301
2316,80.0,2001.9643266860387,53.0,2151.1521372400525
2317,56.0,1840.0156535004855,49.0,2011.314176036787
2318,85.0,1976.6139909030253,53.0,2054.691146481684
2319,82.0,2046.6899402399324,47.0,2009.5961424579884
2320,73.0,2208.4460829032505,62.0,2242.071415859593
2321,76.0,2026.924986973617,48.0,2154.9060553527597
2322,76.0,2102.6517721077266,56.0,2231.948729108659
2323,73.0,2002.6986960562383,50.0,2054.074356001666
2324,76.0,2048.2657942337337,54.0,2060.1089716542624
2325,66.0,1982.4181547637086,58.0,2125.4841693332073
2326,86.0,2142.261566890231,58.0,2167.978245719971
2327,83.0,2134.179123386053,66.0,2147.310611100194
2328,69.0,2040.7104593969318,50.0,2101.661318108424
2329,78.0,1978.8272357267401,74.0,2223.4998635387783
2330,64.0,2069.378513634958,53.0,2462.2145188379577
2331,69.0,1961.172591214359,46.0,2215.942971311124
2332,69.0,1965.187218093752,55.0,2075.367812128958
2333,68.0,1936.452085565061,51.0,2023.2444516325136
2334,78.0,2131.9549458317524,51.0,2132.509238859358
2335,70.0,1983.1646205003244,59.0,2275.9105219689777
2336,75.0,1942.8926267322756,57.0,2186.858600641163
2337,72.0,1912.4690140874488,55.0,2079.380076336837
2338,64.0,1883.4629703071219,62.0,2249.1316339271543
2339,67.0,1924.577105045239,51.0,2053.9924652607347
2340,66.0,1960.559705524584,50.0,2005.428660654952
2341,78.0,1997.6387180323356,52.0,2027.9237654027345
2342,60.0,1983.4733785058054,55.0,2082.3635255195977
2343,71.0,2033.984900842141,69.0,2202.406101876554
2344,92.0,2123.5962494250016,50.0,1955.7180878154384
2345,73.0,1975.0211566187063,50.0,2314.808060569612
2346,67.0,2006.169976669878,59.0,2155.6255237526543
2347,60.0,1909.9113787759359,47.0,2060.3913212555717
2348,72.0,2065.7821382700085,48.0,1999.025806307426
2349,62.0,1892.8514263857185,57.0,2275.386800727279
2350,76.0,1898.8102180831738,47.0,2047.0412271469108
2351,81.0,2178.9346946088244,59.0,2216.9338424551906
2352,76.0,2105.792964872723,63.0,1979.2799857529615
2353,70.0,2047.8758345244305,56.0,2112.5276549225687
2354,82.0,2192.9444352722007,60.0,2286.811136590896
2355,64.0,1978.2000354691768,61.0,2091.9158449442743
2356,77.0,2054.7548153887374,53.0,2043.8211896277103
2357,87.0,2151.680636269456,47.0,2017.606597130263
2358,76.0,2061.418608278738,54.0,2089.658572499247
2359,73.0,1914.5087645709452,47.0,2203.6850183762294
2360,76.0,2153.8136278229395,53.0,2099.111519663393
2361,75.0,2053.7622771618794,50.0,2180.275683219342
2362,76.0,2078.501158712609,53.0,2369.2258568179545
2363,74.0,1871.7291636009977,60.0,2078.1040204493265
2364,61.0,1892.497423585976,46.0,2152.6296843755113
2365,78.0,2042.5643605704247,64.0,2138.2343440892023
2366,66.0,1945.9655960512134,52.0,1999.3319839666524
2367,69.0,1970.7523559198792,55.0,2092.8002917386925
2368,75.0,1984.450952548813,62.0,2192.167304341487
2369,67.0,2025.563940244476,50.0,2096.1210648322844
2370,56.0,1921.3104341839994,60.0,2146.0715898452977
2371,82.0,2082.2058776437902,42.0,2014.9284610310604
2372,64.0,2088.344039863997,55.0,2018.1926199375853
2373,67.0,1945.73529384945,51.0,2159.538860774448
2374,79.0,2086.802797734908,46.0,2180.8934654072154
2375,77.0,1923.5534786599244,64.0,2138.8459554145843
2376,66.0,1932.5847610778267,54.0,2154.06987188976
2377,69.0,1969.1430189938173,60.0,2209.265312274628
2378,59.0,1983.1905994154,54.0,2146.3002783248417
2379,54.0,1838.8969177061358,54.0,2099.3468353749345
2380,67.0,2064.977336240449,57.0,2223.3198533263817
2381,57.0,1832.9165946713333,65.0,2236.9957021530086
2382,81.0,2017.2664531066212,47.0,2115.221618496566
2383,68.0,1994.767447033766,63.0,2093.582273103084
2384,78.0,2083.6473533544777,53.0,2040.449869927374
2385,78.0,1969.2675015554698,61.0,2010.8794551953165
2386,91.0,2106.9936324084238,67.0,2291.2219053638814
2387,71.0,1921.6980109768965,49.0,2050.9633023192337
2388,71.0,2031.4057646699853,56.0,2124.5404980321214
2389,78.0,1956.4854621737,59.0,2051.935289736525
2390,78.0,1955.9604863861575,51.0,2004.8473949627366
2391,73.0,1886.8127477440228,78.0,2228.4311704439206
2392,73.0,1940.3748596359012,61.0,2215.820717635051
2393,78.0,2009.4789549649438,60.0,2075.864807012511
2394,59.0,1950.9479450066901,54.0,2334.0645260421934
2395,70.0,1936.914376387054,61.0,2117.4018227825586
2396,73.0,2105.0591544736144,40.0,2090.685246587978
2397,65.0,1958.5232794576382,52.0,2234.292773432933
2398,83.0,2334.2418973537992,52.0,2141.38550390241
2399,64.0,1878.1771074720402,41.0,2082.771165880218
2400,72.0,2027.1259083644572,53.0,2063.5387969458816
2401,76.0,2035.6264084671282,52.0,2044.8274954853907
2402,70.0,1971.8586335112275,54.0,1974.449061760222
2403,67.0,2027.8264257175274,54.0,2157.533613354135
2404,74.0,2019.4074938198614,53.0,2205.9113754518294
2405,67.0,1966.7592179638539,61.0,2144.0841852591416
2406,64.0,1918.574614313803,44.0,2082.5242308135935
2407,76.0,2187.0776605841193,66.0,2166.6174452732353
2408,60.0,2179.8632791373543,53.0,2102.4527028409166
2409,71.0,1931.9964654268624,56.0,2138.2433746913666
2410,70.0,2131.8596844143794,52.0,2026.730618338583
2411,85.0,2068.627911426694,65.0,2078.744806777026
2412,87.0,1956.4424560940865,43.0,2099.7387886973224
2413,71.0,1979.3972565363536,61.0,2100.0590437578576
2414,84.0,1938.007515569107,49.0,2100.943926667255
2415,79.0,2008.757933782495,54.0,2113.531501150785
2416,65.0,2009.2762178636167,56.0,1983.1622033943534
2417,63.0,2099.183549514175,52.0,2097.7785674372485
2418,89.0,1926.0080039121724,55.0,2068.1611130634456
2419,82.0,2016.36044889713,52.0,2022.9636812164804
2420,68.0,1959.8819056536754,60.0,2223.4173845230184
2421,68.0,1985.9753792242554,65.0,2095.2612153942496
2422,66.0,1970.6088658661458,51.0,2020.4651209709432
2423,83.0,2197.975722031224,47.0,2119.7571793040133
2424,91.0,2121.609937758406,47.0,1990.9908008678974
2425,88.0,2006.7629742208364,66.0,2242.6009416654024
2426,69.0,1995.8803266154684,45.0,2065.8639290599262
2427,78.0,2102.466593555863,51.0,1988.4728594351195
2428,75.0,2020.5681593238078,57.0,2116.205676258805
2429,74.0,1946.819368656914,50.0,2019.8262160696954
2430,80.0,2139.581186342776,67.0,2235.3746697574315
2431,66.0,1964.7987420310255,59.0,2242.4809302947065
2432,70.0,1962.2664453242135,50.0,2041.9612628567775
2433,64.0,1963.490295207906,58.0,2110.5821838753986
2434,72.0,2074.6731169310087,64.0,2100.583194599547
2435,66.0,2019.7224500803393,67.0,2049.1854724051564
2436,62.0,1881.46325723279,62.0,2065.4948473021955
2437,73.0,1860.1448735532979,58.0,2155.9495695850646
2438,73.0,1928.2876179923908,64.0,2269.212591104985
2439,73.0,2117.306563708885,54.0,2029.41992416588
2440,76.0,1985.959704780917,58.0,2071.905219694259
2441,85.0,2115.812188516295,58.0,2148.735754574917
2442,60.0,1868.469541806243,48.0,2048.4055378433563
2443,71.0,1941.2651989545643,55.0,2056.9343545268025
2444,77.0,2011.337208204832,54.0,2106.4726900377977
2445,72.0,2001.8622157850602,66.0,2205.3471499564344
2446,72.0,1908.183074233967,61.0,2224.1366993205975
2447,77.0,2050.9390502170586,53.0,2184.474220896982
2448,89.0,2013.2852945232823,52.0,2011.8463640807645
2449,79.0,1959.4546758999195,56.0,2102.5658450264223
2450,70.0,2041.7018924627314,47.0,2002.476670251211
2451,79.0,2211.478579131869,46.0,2010.7751269885437
2452,60.0,1912.1676428148178,52.0,2293.4154041778
2453,72.0,1952.622948343987,60.0,2190.1692557256038
2454,79.0,2018.3601645969304,59.0,2159.4829976031574
2455,78.0,2000.1839518222398,51.0,2030.1151648381453
2456,63.0,1888.6126629834412,49.0,2186.9686446611254
2457,69.0,1945.213170495271,48.0,2193.4950657239483
2458,68.0,2031.2998649948938,57.0,2174.6828746159667
2459,63.0,2045.9185594902808,56.0,2044.5142904688469
2460,61.0,1972.5430809024954,48.0,2012.7612870076273
2461,83.0,2113.622524907112,60.0,2137.2597151455834
2462,69.0,1990.8256627003243,54.0,2205.345382434782
2463,84.0,2149.4337357149325,61.0,2068.5252103565686
2464,78.0,2086.9116374054443,61.0,2108.942972953338
2465,80.0,2083.96831122977,68.0,2127.9484163870743
2466,86.0,2033.055556270614,56.0,2059.0687202613676
2467,82.0,2081.164894247109,56.0,2158.564567193367
2468,72.0,1992.8746312158585,69.0,2187.1127169047627
2469,64.0,1927.19678750103,51.0,2042.256315821074
2470,63.0,1989.8336705118036,57.0,2077.2140365331784
2471,85.0,1942.8097497000122,48.0,2181.1766825172376
2472,70.0,1884.4960151278724,64.0,2152.0688466476695
2473,61.0,1910.1086048465345,64.0,2089.564847725271
2474,69.0,2006.2361609215507,78.0,2164.1155468233687
2475,68.0,1983.0724408692315,58.0,2125.446550789222
2476,69.0,1980.9276420559065,63.0,2216.8936257426412
2477,71.0,1989.3351212645748,60.0,2147.043731246232
2478,73.0,1979.830263244106,66.0,2129.4572680664915
2479,66.0,1987.6478102203346,50.0,1994.146611061726
2480,79.0,1962.493311240478,51.0,2052.926159840434
2481,94.0,2175.8220956997234,53.0,2164.3513156290655
2482,90.0,2293.903979217977,47.0,2069.672464276334
2483,94.0,2146.1851635699277,62.0,2067.2217420581173
2484,73.0,2056.2471382300987,61.0,2154.579801296542
2485,57.0,1915.928060805352,55.0,1986.4336366493499
2486,76.0,1962.2447802641723,52.0,2126.4544801997117
2487,73.0,2022.3129596496087,48.0,2068.2409795344915
2488,84.0,2027.34281857702,47.0,2053.239061613645
2489,79.0,2052.785992541469,49.0,2036.5723064679694
2490,72.0,2060.4097831679987,44.0,2038.2460064558982
2491,76.0,2004.3476742564644,59.0,2102.7494099419364
2492,66.0,1964.0055966261482,59.0,2080.012900329281
2493,65.0,2001.1371599824838,58.0,2136.0967339039694
2494,56.0,1826.4587197453761,57.0,2029.5386741433683
2495,82.0,1984.7533397533682,56.0,2012.439700804519
2496,65.0,1914.3567968393706,67.0,2224.7447379953715
2497,73.0,1915.5978735836418,53.0,2135.1856660997264
2498,65.0,1985.8937845737296,53.0,2041.2422142490648
2499,88.0,2051.960889576981,60.0,2295.0899032843427
2500,71.0,2060.0781378079696,55.0,1990.5190843564535
2501,77.0,2016.850298496435,52.0,2069.632037900566
2502,65.0,2044.0844160310658,54.0,2097.2357833911115
2503,72.0,2076.353779352753,67.0,2282.427989514862
2504,58.0,1948.5143410862534,55.0,2108.22408905044
2505,85.0,2061.992166542933,68.0,2299.1000748893534
2506,78.0,2154.093244173002,67.0,2174.160834576019
2507,79.0,1913.3183679087456,50.0,2078.346261080759
2508,68.0,1896.0509511080097,60.0,2183.365204559402
2509,83.0,2144.6966949193406,58.0,2046.6078504714214
2510,86.0,1933.4574288397964,60.0,2117.7809785371414
2511,82.0,1992.7121069348775,53.0,2174.645796127452
2512,80.0,2077.9046322144727,66.0,2080.7995544170185
2513,75.0,1983.6225107278092,55.0,2098.2697562933417
2514,65.0,2054.4252006803654,64.0,2175.0287328566237
2515,65.0,1967.0329857758209,57.0,2158.873136632714
2516,67.0,2001.9163781836144,44.0,1950.187989445936
2517,88.0,2130.0567087824593,50.0,2069.0788758066265
2518,76.0,2096.6327424353844,58.0,2172.105260518397
2519,64.0,1936.5159816034104,54.0,2084.5976909484575
2520,70.0,1994.3828769523348,55.0,2034.6074752110615
2521,75.0,1932.8211124381644,45.0,2000.948368195835
2522,74.0,1954.418551388104,59.0,2082.178354031306
2523,68.0,2010.4995219559794,47.0,2034.61812189883
2524,71.0,2031.35805057144,50.0,2122.791830306172
2525,57.0,2019.0978789200383,59.0,2259.222691292189
2526,69.0,2133.156518727634,53.0,2059.241658947466
2527,77.0,1995.828516686069,49.0,2105.7591358673276
2528,72.0,1978.489741492452,55.0,2174.0019274244414
2529,93.0,2099.4272301107985,53.0,2052.9214335472548
2530,79.0,2149.9532263146652,58.0,2122.3886307836865
2531,65.0,2040.9447418071459,66.0,2309.718840515729
2532,87.0,2069.6861189265537,50.0,2149.371762660341
2533,76.0,2164.386729141865,63.0,2142.163226875261
2534,83.0,2173.941826877356,55.0,2124.0654606000007
2535,73.0,2144.8810303535106,52.0,2144.4477428860696
2536,70.0,1917.5974500264015,51.0,2112.608320742735
2537,70.0,1971.2894673422084,58.0,2171.7584088825574
2538,66.0,1937.8945767698376,60.0,2000.3610384815654
2539,73.0,2129.872314104424,64.0,2181.7968510983337
2540,66.0,1968.4963203205648,51.0,2036.908528353743
2541,92.0,2135.728212634949,58.0,2226.4995971902954
2542,83.0,2151.75433551134,57.0,2056.8643340757385
2543,88.0,2203.126388706743,54.0,2129.943590208473
2544,77.0,1851.5226233564138,47.0,2240.2764414448147
2545,71.0,1984.6739356055532,65.0,2096.628659443828
2546,84.0,2180.523903100892,45.0,2167.163645515587
2547,68.0,2001.7264597046315,62.0,2130.6416407649317
2548,76.0,1967.4080239130444,69.0,2070.5563957483396
2549,63.0,1874.305113024111,56.0,2003.5367830476914
2550,61.0,1962.1486491418327,56.0,2039.3604805548996
2551,85.0,2112.391090814384,51.0,2075.465924717957
2552,86.0,2013.5848245170876,51.0,2187.8845213555624
2553,84.0,2001.7170636846483,51.0,2047.748145534881
2554,89.0,2243.4401205586723,54.0,2096.944591287691
2555,77.0,2238.4431472197916,68.0,2152.5181311255037
2556,70.0,2047.0817608142104,51.0,2273.0876626382656
2557,69.0,1954.9466183645543,47.0,2150.1012094539265
2558,74.0,1916.4623520204539,46.0,2091.8450659035925
2559,67.0,2023.937842351398,55.0,2017.2602859898036
2560,97.0,2095.978974343606,56.0,2076.5511965194337
2561,67.0,2094.9666278286923,53.0,2164.1356748374583
2562,73.0,2024.0599387079897,41.0,2015.8161428089015
2563,73.0,2036.1528762520093,50.0,2112.32373921457
2564,77.0,2117.6710822744994,62.0,2093.131226995642
2565,59.0,2056.63717019327,62.0,2155.705850421837
2566,69.0,2035.0714176503236,58.0,2030.2968393762555
2567,71.0,2048.406576633427,53.0,2125.0933185315657
2568,65.0,2062.075661410184,48.0,2096.2506218026456
2569,65.0,1951.405289141016,53.0,2030.3164330497561
2570,67.0,2113.795486447736,54.0,2061.8942966490986
2571,82.0,1991.7377796682865,40.0,1957.1158579779678
2572,65.0,1913.5700155922418,50.0,2077.273778272953
2573,79.0,2085.4283043341134,52.0,2278.4882951369245
2574,72.0,2031.1386974539719,52.0,2119.725011747905
2575,70.0,2024.3862199869957,60.0,2059.8603757580913
2576,86.0,2185.994526394729,47.0,2034.3136221010116
2577,77.0,2107.1484532502795,46.0,2036.2978876198822
2578,71.0,1959.0189538466238,58.0,2120.597007922784
2579,58.0,2121.6062691262723,44.0,2086.701233598268
2580,68.0,1946.2798007305753,57.0,2098.9015745292586
2581,69.0,2108.4521845392414,64.0,2045.1227540704028
2582,75.0,2000.3320366361481,46.0,2000.9535740338881
2583,85.0,2127.0565599235933,42.0,2048.0619934614347
2584,85.0,2081.8979419206253,61.0,2183.917007354363
2585,87.0,1970.5826061111204,61.0,2084.5337331342516
2586,80.0,2093.0714628031214,59.0,2201.013568549743
2587,56.0,2090.0453271356014,53.0,2048.7172765886344
2588,73.0,1948.0515079848774,55.0,2135.548568069495
2589,72.0,2011.6503801586687,58.0,2068.679508303527
2590,78.0,2105.381821988349,54.0,2173.3574805271855
2591,79.0,2081.4672884789866,59.0,2000.477671441269
2592,66.0,2023.0134337246295,54.0,2039.2065680230835
2593,64.0,1974.1373137784192,54.0,2034.309349677431
2594,62.0,2006.834862515967,63.0,2090.648719429743
2595,61.0,1987.291918806325,56.0,2056.0714926556216
2596,68.0,1888.8650500527679,51.0,2061.2315618470334
2597,78.0,2125.908095307064,46.0,2052.656001929373
2598,71.0,1986.694102187752,53.0,2051.8914423498436
2599,57.0,1878.577481850246,69.0,2333.0930259150005
2600,76.0,2009.4735109626392,62.0,2191.59154856011
2601,77.0,1903.7231331827682,66.0,2201.3055581300396
2602,73.0,2150.9759923588695,59.0,2208.827240233835
2603,72.0,2073.825831623173,63.0,2179.8735129721435
2604,74.0,1966.7410971411384,47.0,2163.5077670659066
2605,68.0,1917.2201987069927,46.0,2099.347141821093
2606,78.0,2061.063281343131,57.0,2134.819283357374
2607,70.0,2095.5305814763146,63.0,2142.1858150124704
2608,85.0,2019.7236047130045,68.0,2005.5585529316102
2609,77.0,2026.4433957435094,55.0,2091.745297204039
2610,65.0,1948.3152146395212,51.0,2086.5057202212524
2611,77.0,2088.0554758497233,50.0,2086.9264440389743
2612,64.0,1967.5362736473867,59.0,2065.9746954982343
2613,81.0,2019.7960295255618,47.0,2140.461477234633
2614,74.0,1987.8716654755694,54.0,2088.359034570634
2615,81.0,1926.0327103812656,55.0,2033.3928253441654
2616,86.0,1941.9398041229692,57.0,2113.004881310575
2617,66.0,1986.6148880791047,67.0,2232.032598226107
2618,69.0,1979.434373032376,61.0,2046.184731105581
2619,54.0,1860.2237049212845,58.0,2021.9702300771835
2620,88.0,2197.198433095796,58.0,2093.1108250242905
2621,73.0,1940.5138483486421,55.0,2210.4398390348024
2622,75.0,1953.2779939242355,52.0,2077.126843520427
2623,71.0,2016.992425581766,68.0,2165.0399161401633
2624,73.0,2031.149793749254,52.0,2097.193018622366
2625,85.0,1956.2188609310401,48.0,2046.7837467998907
2626,79.0,2016.902104606465,47.0,2118.635615849597
2627,75.0,2002.293794210478,63.0,2193.2871235082853
2628,82.0,2106.399815074119,59.0,2115.1383589408274
2629,69.0,1978.8011404500464,57.0,2194.8468267825256
2630,89.0,1993.5888813813594,59.0,2132.6164974651592
2631,75.0,2016.4308782124267,56.0,2164.30462407649
2632,74.0,2112.8776602518988,42.0,1950.7886453616914
2633,70.0,2027.630164983765,51.0,2101.7215879913097
2634,93.0,2086.250950725126,74.0,2143.2919273333905
2635,70.0,1981.5609093152132,60.0,2079.2091849254725
2636,76.0,2040.7162951557707,59.0,2112.67737143699
2637,59.0,1877.7655662033465,48.0,2082.532645502404
2638,80.0,2040.4581885911987,56.0,2153.865668316572
2639,79.0,2056.1865835662156,43.0,2045.3823145861413
2640,72.0,1995.2915422014387,59.0,2167.3774833271573
2641,70.0,1948.5609726531823,50.0,2034.2132256125597
2642,77.0,1997.7422836549067,59.0,2144.9036051075514
2643,78.0,2113.684459540441,59.0,2087.0361472354593
2644,67.0,1929.6878906704503,52.0,2266.542225039406
2645,83.0,2077.261755943164,67.0,2285.4505680159436
2646,69.0,1937.2773068096456,45.0,2067.6016556773784
2647,76.0,2093.1733475094024,41.0,2081.8126415556276
2648,71.0,1999.0890295942986,60.0,2195.7407231521197
2649,80.0,1919.7576518707801,60.0,2214.762539480802
2650,69.0,1948.9815282023358,57.0,1979.2001260586312
2651,73.0,2085.1795412009383,52.0,2012.2070797182312
2652,77.0,1948.1436645751444,49.0,2050.6159916088122
2653,76.0,2048.8326394346,56.0,2040.8082603215496
2654,78.0,2059.71277559227,35.0,2064.5019013659985
2655,69.0,1960.787458101124,37.0,1953.7598828904293
2656,72.0,1945.6033334162328,41.0,2029.5471751879304
2657,73.0,2046.4870541030464,36.0,2093.8490313755956
2658,71.0,1947.1289619679708,51.0,2086.5567509778416
2659,68.0,1861.4533924841517,63.0,2095.63598447943
2660,77.0,1977.0067317632088,56.0,2096.2675565542463
2661,59.0,1871.6596302294827,63.0,2075.0106011531893
2662,84.0,1947.4367254750643,62.0,2117.5106540143843
2663,68.0,1916.1175688439016,53.0,2107.3007842644115
2664,75.0,2072.220022230177,43.0,2060.4919671399753
2665,72.0,1945.0761213865296,59.0,2111.1837101202573
2666,72.0,1917.9512352806075,53.0,2005.240246515587
2667,78.0,1948.6406469373565,70.0,2202.8342740699254
2668,69.0,1973.8777620588623,60.0,2170.354535837835
2669,75.0,1979.3000981333344,63.0,2085.4975114212707
2670,76.0,2146.1501824780676,55.0,2142.042662822896
2671,86.0,2157.164888253685,51.0,2048.409672335692
2672,79.0,2041.709698135541,56.0,2219.2131824709277
2673,82.0,1835.7320681970816,60.0,2061.9793979885953
2674,72.0,1990.2477400974847,53.0,2022.9127423400316
2675,66.0,1845.6624006600011,45.0,1976.3258939765235
2676,72.0,1941.8708864604507,68.0,2146.254318432757
2677,80.0,2055.910804745446,64.0,2170.682792547675
2678,69.0,2007.3826128571525,61.0,2077.5826799682445
2679,75.0,2079.2888264347944,49.0,1973.4767470680836
2680,70.0,2060.833871602456,69.0,2177.7884329070507
2681,75.0,2032.4804211466849,55.0,2141.7993553164138
2682,82.0,2160.0809379570637,55.0,2170.630812154265
2683,73.0,1975.3306911001132,49.0,2259.7673025079926
2684,65.0,2039.0922903156732,50.0,2055.801902668776
2685,97.0,2248.241824921861,59.0,2128.9754084537476
2686,80.0,2141.0413815187317,58.0,2089.401230684784
2687,73.0,1987.0190921503383,59.0,2110.5300354178366
2688,60.0,1936.5894327529215,54.0,2175.2687105211476
2689,79.0,2044.0288369669124,71.0,2152.748706171404
2690,81.0,2050.990124164572,50.0,1964.0741503170227
2691,76.0,2109.356907850236,71.0,2226.3708636058823
2692,64.0,1962.7582971312238,58.0,2073.3467636080377
2693,75.0,1892.2939930639936,60.0,2096.939677546806
2694,64.0,1929.1187487935736,69.0,2158.5705776745517
2695,80.0,1984.5230117092979,52.0,2187.063243971266
2696,74.0,1959.9815856393534,49.0,2062.125487267834
2697,76.0,1982.5173189613483,58.0,2266.0286370240206
2698,65.0,2049.09831058289,52.0,2145.0645428204784
2699,71.0,2049.972866789797,62.0,2167.581156185335
2700,78.0,2094.636103368612,62.0,2192.8550181576566
2701,64.0,1929.6367721319828,56.0,2066.921162006231
2702,77.0,2136.27786711247,55.0,2244.2330383529525
2703,79.0,1962.4183909226183,72.0,2180.457493130823
2704,76.0,1964.3997396964523,53.0,2037.6682470662286
2705,82.0,1937.6888909356903,53.0,2071.6187636446034
2706,77.0,1979.4229719224447,53.0,2012.6577826645264
2707,77.0,2044.030413805928,66.0,2160.4756676219376
2708,62.0,1997.8878311685935,47.0,2092.091543134562
2709,72.0,2067.536203583725,62.0,2155.167006597151
2710,70.0,1934.0931522717024,46.0,2000.965495219436
2711,71.0,2010.8471433135585,46.0,1987.0156333379286
2712,71.0,2107.7358906451373,70.0,2249.7025925759526
2713,92.0,2170.2712243535757,57.0,2056.502882249485
2714,73.0,1946.2925956039262,56.0,2117.595462060314
2715,70.0,1958.2838478071592,64.0,2078.4203410505743
2716,68.0,2046.8416828180555,51.0,2080.723153239745
2717,76.0,2002.3110453393467,65.0,2165.192146747661
2718,78.0,2026.2215025372968,57.0,2060.3692635986195
2719,65.0,1856.9317010966915,46.0,2095.4872204746
2720,85.0,2102.9921661763196,62.0,2029.6294229105943
2721,81.0,2047.761828623496,53.0,2085.8877069763353
2722,74.0,2065.4180983429555,52.0,2088.2597712080205
2723,73.0,1912.9425454538778,51.0,2053.634439147867
2724,73.0,2023.497678514249,55.0,2162.5065747943418
2725,83.0,2130.4988850101954,53.0,2013.4605630102105
2726,80.0,2136.2936568854498,50.0,2132.848787072917
2727,82.0,1958.4963454674114,67.0,2089.381191162083
2728,73.0,2043.7639866503316,59.0,2013.13494806961
2729,74.0,1995.9698639779365,55.0,1993.0502605319766
2730,70.0,2028.7103876013114,49.0,2142.6921616573927
2731,70.0,1866.7110131518511,54.0,2183.235462288784
2732,79.0,1874.5146220438307,51.0,2049.7105131366916
2733,71.0,1931.5385052018248,51.0,2027.7864582669504
2734,72.0,1935.212574394688,40.0,2147.3885864728804
2735,59.0,1910.5495117938374,60.0,2069.30659725051
2736,67.0,2018.7222680449827,49.0,2011.4990098209578
2737,76.0,2083.392048421164,47.0,2056.6103151524417
2738,73.0,2084.201520489462,52.0,2080.5647302647753
2739,85.0,2149.1999514929785,52.0,1992.1506819123076
2740,78.0,2024.6747927235585,54.0,2098.118231870191
2741,60.0,1992.8857404042592,53.0,2169.1633769803943
2742,79.0,2048.238686348163,52.0,2091.651269024744
2743,83.0,2026.3107948169236,48.0,2083.943066212846
2744,73.0,2119.8313578082907,40.0,1972.0380508067653
2745,81.0,2035.820537788266,52.0,2090.370904420522
2746,77.0,1980.7541184345314,48.0,2130.672745486177
2747,62.0,1926.606336189778,62.0,2233.445984417118
2748,72.0,1928.5295742265905,45.0,2011.5162067779659
2749,84.0,2119.4623952640286,52.0,2004.818588504197
2750,89.0,2156.78656547533,64.0,2041.3385715473491
2751,67.0,1945.627816812848,46.0,2098.3126046880066
2752,75.0,2017.832066636167,59.0,2110.5024448976615
2753,71.0,2092.474179540325,50.0,2107.293418515398
2754,75.0,1963.882262631667,55.0,2158.9055356823096
2755,69.0,2073.4058043363007,59.0,2159.857914782916
2756,55.0,1879.0555412395686,54.0,2150.950790086153
2757,67.0,1999.1936909453198,49.0,2106.5413727251835
2758,69.0,1998.8512138984252,62.0,2235.024811274307
2759,79.0,1932.7985304249378,50.0,2218.6561070734415
2760,64.0,1948.6240987869237,57.0,2016.5987097062084
2761,67.0,2073.942686092037,56.0,2132.018745058973
2762,74.0,2079.8367926371357,48.0,2025.612208381468
2763,76.0,1933.0849433755784,50.0,2044.5685700225017
2764,73.0,1998.913317527439,53.0,2055.8134320834115
2765,58.0,1874.695743737097,64.0,2131.392572469009
2766,74.0,1974.4567213298994,46.0,1961.715808464223
2767,73.0,2002.9830202566088,63.0,2191.606576397235
2768,69.0,1961.1369208110702,48.0,2044.913431819588
2769,79.0,1926.5903291908958,53.0,2226.28659129413
2770,69.0,1990.7464991433772,39.0,1977.0299318328482
2771,79.0,1954.515381180231,63.0,2204.092345542082
2772,72.0,2086.5017611889098,69.0,2073.16053221355
2773,86.0,2082.9237487907935,63.0,2079.3163353427844
2774,71.0,2053.1606695304986,59.0,2061.163820320621
2775,74.0,2185.466352907013,61.0,2100.1900988723655
2776,70.0,2133.5847469193595,57.0,2083.3905330523094
2777,64.0,2025.359751925248,56.0,2062.13287346496
2778,66.0,2040.8604779046614,52.0,1953.7954138583614
2779,74.0,2161.977516909708,67.0,2072.756792359442
2780,67.0,1953.8669669588169,57.0,2062.063271569956
2781,78.0,1999.2814712737452,55.0,2001.7444959835389
2782,74.0,1939.8662554554048,64.0,2057.725447363937
2783,79.0,1936.9657998117286,45.0,2084.6566636455377
2784,64.0,1863.3344236928017,68.0,2195.031591654575
2785,61.0,1852.8224468036155,47.0,2012.7554544215593
2786,71.0,1992.8454485254445,57.0,2209.4532664488916
2787,69.0,2068.7459847270547,54.0,2052.6029270488098
2788,76.0,2070.052934968923,54.0,2113.4239460838
2789,71.0,1869.6306605986176,55.0,2086.116492256662
2790,78.0,2169.4534765135886,74.0,2134.841374825959
2791,78.0,2105.0520944324244,61.0,2146.7712990530213
2792,66.0,2070.4420254513198,44.0,2077.4474822988714
2793,88.0,2092.6533384107993,48.0,2108.9225616600697
2794,71.0,1951.2686077177123,37.0,2020.6842246603012
2795,76.0,2214.8527660940476,50.0,2104.399061298279
2796,78.0,2077.69888699063,64.0,2285.031853665938
2797,65.0,2051.3415422633097,48.0,2184.780509782394
2798,84.0,2051.1622476373204,46.0,2147.4424341577455
2799,77.0,2039.1538856240352,59.0,2117.685558577244
2800,71.0,2019.0308478051102,59.0,2193.6971990901548
2801,73.0,2097.156903756886,51.0,2015.8356306092676
2802,67.0,1921.932773397963,46.0,2004.5676056755854
2803,77.0,1948.651518348536,59.0,2095.315227077892
2804,69.0,2006.2833036433206,44.0,1976.168097519563
2805,78.0,2037.1477310173016,55.0,2049.765942154124
2806,72.0,1984.7392631626433,45.0,1970.052867212258
2807,72.0,1874.839737080628,70.0,2274.773404635906
2808,79.0,2026.4544560191698,41.0,2035.9246669917022
2809,67.0,1889.4749389585115,51.0,2161.346033102468
2810,80.0,2091.3449726129147,59.0,2071.40692308726
2811,60.0,1986.484581021259,67.0,2145.4232457600892
2812,62.0,1976.781788355462,51.0,2029.706799226164
2813,70.0,2068.6109500347757,47.0,2090.650024743622
2814,67.0,1975.4949527907156,52.0,2102.0272909235478
2815,68.0,2051.801110588761,64.0,2193.239577436368
2816,79.0,1991.8059389142722,57.0,2106.6018439265717
2817,79.0,2077.060361271105,62.0,2049.3180473541483
2818,75.0,1908.3230255241099,56.0,2018.7945441897934
2819,63.0,1947.6264562170095,61.0,2014.3818574530821
2820,81.0,2070.919942232739,74.0,2257.78772197957
2821,68.0,1906.266123336937,56.0,2058.636216022327
2822,73.0,2025.6812613771087,62.0,2124.2778925207026
2823,73.0,2081.6552379551254,64.0,2050.019113030884
2824,72.0,1998.330349983541,52.0,2082.6688560484617
2825,80.0,2077.5017822026607,61.0,2068.457082234488
2826,77.0,1983.0952356968,65.0,2125.128400398084
2827,63.0,1973.0958109864403,60.0,2175.7549154835847
2828,69.0,1987.3258932548054,56.0,2022.029964641861
2829,80.0,2084.7343740408924,62.0,2099.0677068578675
2830,87.0,2000.125685918034,59.0,2042.209794759611
2831,59.0,1927.21368334352,55.0,2082.4570584309263
2832,75.0,1928.0387763655658,58.0,2098.6862260467738
2833,70.0,1938.5204597156426,41.0,2164.1435798774414
2834,79.0,1960.7630806923748,54.0,2122.5825967159535
2835,72.0,2112.6837391889208,69.0,2206.9602622254283
2836,69.0,2014.3921312083685,58.0,2258.098446120854
2837,76.0,1947.7365203055588,64.0,2119.1241304952514
2838,83.0,2066.130957407011,49.0,2088.0932884608037
2839,76.0,1941.919742224979,50.0,2048.36883863616
2840,80.0,2089.425321670492,62.0,2130.003334387895
2841,67.0,1993.1658226212624,60.0,2103.6340945697393
2842,65.0,2016.9760659195915,60.0,2026.9238797031207
2843,79.0,1946.2564635414258,54.0,2091.9576686634946
2844,58.0,1982.0452110983554,60.0,2093.690894701272
2845,73.0,2215.2258634766476,54.0,1998.8775159227728
2846,71.0,2028.7269913822704,57.0,2187.8910018186452
2847,99.0,2052.4290059917403,55.0,2020.4285737263745
2848,74.0,2014.2783677626267,53.0,2114.531097505304
2849,65.0,1948.731609978982,55.0,2116.130791336597
2850,65.0,1918.6169994481074,52.0,2058.055536217272
2851,78.0,1982.9225587427316,59.0,2121.5780540205847
2852,73.0,2082.72769918145,51.0,2131.1830780710034
2853,62.0,1992.1835983329051,68.0,2287.6641827615704
2854,75.0,1943.9481000738308,54.0,2036.8871191172834
2855,67.0,1909.352639450707,46.0,2008.7559276137047
2856,81.0,2052.601224123014,67.0,2128.9809245754786
2857,82.0,1989.5696544106086,47.0,2123.2960115490964
2858,76.0,2006.8251691831579,52.0,2016.2584681460628
2859,67.0,1927.0074766825628,56.0,2146.5557951434857
2860,65.0,1897.7643483223876,54.0,2137.5899226147353
2861,70.0,1935.808804639272,47.0,2015.8223015255583
2862,68.0,2067.88614374592,48.0,1991.9128549296147
2863,81.0,1999.962903256563,60.0,2075.9090215879883
2864,71.0,1960.9852884915024,56.0,2125.0810847543844
2865,69.0,2020.4767486898506,58.0,2096.018805732137
2866,70.0,1982.8755265637747,66.0,2088.08791798771
2867,71.0,1953.0329854997728,64.0,2154.820865587205
2868,83.0,1968.0458859177436,66.0,2241.7543313967262
2869,71.0,2029.521979789124,50.0,2089.159647349271
2870,82.0,1956.9848885224258,49.0,2024.2522188270163
2871,79.0,2031.992408933361,40.0,2105.126333247014
2872,81.0,2006.1766437659749,49.0,2079.8578615222996
2873,75.0,2052.583933168668,48.0,2028.9897718493203
2874,54.0,1883.4144032487773,54.0,2135.0610409739056
2875,73.0,1986.0672045553192,50.0,1995.017846399244
2876,69.0,2110.5472754864113,53.0,2084.8569692660167
2877,74.0,1891.897385203057,61.0,2064.5058742145393
2878,82.0,2004.3734743298667,53.0,2138.1996357368694
2879,74.0,1977.3773418192063,48.0,2166.8297869267744
2880,79.0,2076.732588965701,53.0,2118.5091972375776
2881,78.0,2030.2879642126118,61.0,2122.973341900916
2882,82.0,2072.97698792094,56.0,2111.3691698914567
2883,76.0,1957.5557842532219,60.0,2034.9357266857564
2884,65.0,1890.602666611283,49.0,1948.1605507910222
2885,68.0,1982.8862112434776,53.0,1977.3809317766666
2886,84.0,2084.924772358707,59.0,2095.5188257653476
2887,63.0,1994.5399316449134,50.0,2086.9353891438604
2888,85.0,2123.437141769605,62.0,2203.1153115689362
2889,75.0,1985.315520984858,55.0,2038.193843810148
2890,71.0,1963.0388069583278,74.0,2180.565591014765
2891,61.0,1998.3165313840698,53.0,2015.694789368203
2892,61.0,2035.908888766782,61.0,2150.2872209552456
2893,70.0,1953.4160199422042,51.0,2018.1079303923746
2894,69.0,2116.1913116340716,64.0,2140.3531057028813
2895,80.0,2036.2581842145908,47.0,2083.849963175842
2896,85.0,2062.0173267879727,55.0,2036.5727712116882
2897,59.0,1892.7238203213437,49.0,2019.5041818494517
2898,66.0,2058.594525354628,59.0,2115.4314919071194
2899,70.0,1966.8040178098502,53.0,2061.954894846254
2900,63.0,2023.141350977356,55.0,2052.3930783399423
2901,70.0,1991.3574674711804,55.0,2179.5758475675184
2902,76.0,2018.4194156158467,58.0,2194.469686172445
2903,72.0,2108.2880177308525,52.0,2279.301134717351
2904,77.0,2073.819050191199,66.0,2232.5738112863287
2905,81.0,2032.1612825331035,62.0,2123.656161485547
2906,75.0,2023.186627648464,57.0,2074.0721156571713
2907,76.0,2025.2299965857803,65.0,2086.914611940346
2908,60.0,1906.9068287998514,47.0,2019.8965920008673
2909,89.0,2139.0099680806507,57.0,2225.3086972652345
2910,73.0,2131.937247121291,52.0,2077.575198630905
2911,86.0,2056.6144956363214,66.0,2008.0783986176675
2912,74.0,1915.5432463114012,59.0,2236.2792085380624
2913,83.0,2265.746012541129,70.0,2298.419553565918
2914,74.0,2127.8330654654774,52.0,2143.57642281785
2915,70.0,1956.2678737698554,60.0,2125.8310421930973
2916,77.0,1899.430482115903,68.0,2140.2370039758607
2917,69.0,2029.7624477330694,51.0,2146.011255316607
2918,71.0,2009.8124006085823,44.0,2098.147391626331
2919,67.0,1895.15008236867,49.0,2050.1885537525072
2920,73.0,2044.4342280323267,61.0,2047.035689286385
2921,73.0,1997.11136042584,60.0,2098.2538983235345
2922,76.0,1922.479230212204,57.0,2263.952004249278
2923,72.0,2186.2807144633393,54.0,2063.0739895292295
2924,75.0,1947.865594198745,49.0,2033.7963495982135
2925,72.0,1998.5851909851572,55.0,2203.6784467264474
2926,66.0,1988.6292487464873,66.0,2308.6502061917568
2927,66.0,2250.478020744793,62.0,2183.0962405348664
2928,69.0,2130.324510243542,52.0,2080.0243430677533
2929,71.0,1977.9311051972284,57.0,2098.0113278006916
2930,84.0,2016.1780942750518,42.0,2043.118849942319
2931,74.0,1963.4474519895177,53.0,2018.943349602193
2932,78.0,2086.5492042566943,46.0,2086.5646234114597
2933,82.0,2044.7309250249455,48.0,2065.1857720818184
2934,81.0,1885.222442603711,80.0,2097.985615019393
2935,66.0,2047.044800330678,63.0,2269.834051906383
2936,82.0,2068.2462656918674,45.0,2180.3282000764566
2937,77.0,1927.1142910011868,43.0,2038.9408612053403
2938,66.0,1972.9454802673552,42.0,1995.074101279166
2939,71.0,2003.3539791679175,52.0,2091.005617938932
2940,69.0,2091.023075432476,68.0,2167.460368807543
2941,76.0,2089.891339043939,53.0,2185.9955045634047
2942,69.0,1952.2076434210953,51.0,2071.2306540681375
2943,68.0,2015.7501999021597,50.0,2212.576243601716
2944,87.0,2109.53886920124,55.0,2165.9999949656244
2945,75.0,2027.138022122069,69.0,2282.6671375072488
2946,62.0,1801.5248566252503,55.0,2000.9990821066158
2947,66.0,2018.7587628566773,55.0,2159.6433407924724
2948,74.0,2041.2691675793217,59.0,2250.6991205051113
2949,72.0,2017.3626424921745,62.0,2128.096200396939
2950,81.0,2066.873787037692,54.0,2050.0900845501014
2951,72.0,1959.8471123293434,48.0,2051.19278722892
2952,65.0,1976.4157950348506,56.0,2082.2648794292654
2953,72.0,1993.8216973159413,46.0,1967.7710247865523
2954,79.0,2097.2383022718964,55.0,2162.9127298878348
2955,61.0,1888.7790881002925,52.0,2070.658440808708
2956,75.0,2139.834851879043,44.0,2076.167455915105
2957,61.0,1909.4088069921875,65.0,2095.1904348431895
2958,86.0,2098.136795453434,51.0,2187.7070512320242
2959,81.0,1976.3169932871965,54.0,2067.5353749988635
2960,72.0,1952.7198634715542,54.0,2216.6462554066825
2961,77.0,2049.920128194882,49.0,2096.3343803745292
2962,70.0,2035.3306098180985,54.0,2054.8365749199743
2963,72.0,1985.3524412765946,52.0,2202.3293994399614
2964,63.0,1922.1388518242777,56.0,2122.6832661235853
2965,66.0,1895.127514526899,63.0,2109.4602944696467
2966,73.0,2087.028976732594,50.0,2058.4814630308088
2967,51.0,1955.789166796737,54.0,2098.5262721461713
2968,71.0,1932.6714108847898,53.0,2064.2691478508527
2969,78.0,1944.1511648947753,56.0,2136.7947262606817
2970,86.0,2026.227402252314,61.0,2176.6491836268488
2971,82.0,2071.829444894873,61.0,2265.8593181336996
2972,74.0,2043.2964994183446,59.0,2092.1443544481417
2973,79.0,2046.9417011653552,62.0,2072.5558370226195
2974,72.0,1921.2004607144227,58.0,2119.722087870852
2975,77.0,1900.1026213859247,65.0,2168.2681645002504
2976,87.0,2064.433427734076,58.0,2039.928352149069
2977,78.0,2194.4907863016465,54.0,1999.4673891910538
2978,76.0,1912.9504353195332,66.0,2106.4104410275313
2979,71.0,2080.8064115315346,55.0,2045.2703873254372
2980,72.0,1949.6227534004913,53.0,2091.2943521205907
2981,78.0,2084.5171404010175,55.0,2008.49869096675
2982,64.0,2104.7662542965168,63.0,2024.4132392395973
2983,69.0,1975.9404559481634,62.0,2081.570638298998
2984,67.0,1962.0210387182447,53.0,2162.1834051869027
2985,74.0,1970.9402060502964,58.0,2139.612952090811
2986,79.0,2007.0156392909166,63.0,2161.5206060272376
2987,80.0,2261.9974957255945,70.0,2117.256659917564
2988,74.0,1956.688129182751,59.0,2135.277565387776
2989,76.0,2120.449907793529,50.0,2062.970580020005
2990,76.0,2063.261324361461,61.0,2206.2718043320406
2991,74.0,1945.1107419303069,44.0,2072.6274476018943
2992,77.0,2012.840154312519,62.0,2132.6874464641314
2993,73.0,2000.6038573465275,55.0,2084.774700281782
2994,75.0,1996.7749142078137,54.0,2126.3553453034524
2995,69.0,2096.8394120485123,65.0,2270.2115681816267
2996,59.0,1969.2193565008974,56.0,2067.9817048729756
2997,69.0,2167.9486995379966,39.0,1923.3776849092328
2998,84.0,2028.5138697555788,54.0,1986.2555016700671
2999,75.0,1887.210227830974,55.0,2059.5130747251847
3000,70.0,1905.050572110277,44.0,2004.5307258746059
3001,74.0,2215.5405698550726,65.0,2241.368632917439
3002,66.0,1968.1077212259456,63.0,2196.151599736531
3003,76.0,1929.9735698492316,70.0,2129.3671507057134
3004,75.0,2025.8817004800185,52.0,2120.3539972294975
3005,69.0,2018.5157882388055,34.0,1982.0035155355367
3006,83.0,2007.4631793995447,56.0,2117.4859610036965
3007,72.0,2043.4504008652973,61.0,2122.2484680833427
3008,77.0,1986.195043138441,66.0,2153.930544069779
3009,95.0,2232.1744379233055,51.0,2121.410746732521
3010,68.0,2051.079434813602,63.0,2132.997343197412
3011,77.0,2024.4454355910623,64.0,2050.906837737439
3012,78.0,2120.032898529267,60.0,2004.2287261263114
3013,85.0,2090.360426310571,61.0,2126.485610551976
3014,65.0,1950.0042754068668,50.0,2059.164783102456
3015,60.0,2049.7572337966185,53.0,2094.5448003130878
3016,75.0,2101.118738716974,56.0,2080.665387957694
3017,74.0,1961.0378342614301,58.0,2066.3107897051973
3018,86.0,2177.029672735817,59.0,2206.601097669875
3019,77.0,2041.5980637780801,63.0,2079.4925502074716
3020,77.0,2062.909818326986,57.0,2278.6928253380293
3021,64.0,1918.9193556868638,51.0,2103.7374519481195
3022,60.0,2061.2622254481375,63.0,2155.7188287578088
3023,66.0,2090.133121935255,59.0,2220.1422877615814
3024,75.0,2037.8294404893304,51.0,2140.7525886293015
3025,84.0,2180.7985363667117,46.0,2035.1663189390201
3026,75.0,2071.742868725834,52.0,2073.5609383971923
3027,78.0,2155.4347480518977,55.0,2124.0816154848258
3028,76.0,2079.917351823684,47.0,2172.637572967435
3029,71.0,1879.8714527665188,48.0,2022.4490170695944
3030,80.0,2096.443294387758,47.0,2052.793361704061
3031,80.0,1976.030088436845,57.0,2391.5928557396155
3032,80.0,2188.1153792772675,52.0,2089.138713249609
3033,73.0,2167.6248191957698,49.0,2192.065584880662
3034,73.0,1951.995456660738,58.0,2136.20410816129
3035,78.0,1976.4766582476907,59.0,2178.8458621136565
3036,69.0,1862.3777292064617,51.0,2043.2001891468144
3037,84.0,1988.154103817811,63.0,2237.8822480317594
3038,79.0,1951.9355075029305,59.0,2137.943835698851
3039,78.0,2263.4541509962282,53.0,2015.6718242416725
3040,67.0,2013.5532725981475,51.0,2069.284313692694
3041,85.0,2182.5471574631583,61.0,2032.5984853341376
3042,65.0,1916.4545618977143,64.0,2019.9447139253025
3043,68.0,2050.2505079066523,61.0,1964.6250836131624
3044,87.0,2060.2732218262827,54.0,2105.362707495955
3045,79.0,1969.4026090636626,56.0,2117.882368311758
3046,74.0,2165.6401607269004,61.0,2089.250641272086
3047,78.0,2080.0905663005947,48.0,2017.4355178471708
3048,71.0,2074.7595006557804,66.0,2166.0070495464734
3049,82.0,1944.412378404497,66.0,2161.706004447613
3050,70.0,1929.7844471304106,67.0,2151.856070625935
3051,73.0,2095.629320585862,59.0,2062.4678988501664
3052,64.0,1913.7845938734126,60.0,2197.81290975696
3053,75.0,1958.4967569549474,65.0,2194.3395372291598
3054,71.0,2030.7655272571562,45.0,2072.8236447752033
3055,77.0,2181.4848970065595,54.0,2163.963737735039
3056,84.0,2036.225599778273,50.0,2024.4138456432458
3057,86.0,2115.7250914226347,60.0,2068.282429309138
3058,77.0,2188.7082404540665,52.0,2066.656931568663
3059,79.0,2183.0962287717116,50.0,2034.1723962498036
3060,75.0,1956.949109069838,56.0,2184.440469751608
3061,94.0,2200.5831899138943,44.0,2005.9078416911727
3062,69.0,1927.2564315881987,60.0,2168.6917524506534
3063,79.0,1950.6153259058353,59.0,2076.54035156999
3064,68.0,1932.604961384274,42.0,2044.777395076869
3065,61.0,2007.297538301616,40.0,1990.6749095717391
3066,58.0,1888.979665582807,54.0,2076.454340778502
3067,67.0,1981.4246002550058,61.0,2133.916092648801
3068,68.0,2113.348052738309,55.0,2096.0644820544862
3069,71.0,2041.4653196724669,46.0,1988.7103687951953
3070,80.0,2036.184117214977,54.0,2263.617031713842
3071,78.0,2200.293362792661,62.0,2029.9613482071597
3072,68.0,1927.9317112772926,60.0,2009.4790142888269
3073,72.0,1961.5833767756835,69.0,2195.5533461418577
3074,74.0,2045.973467808986,44.0,2073.584557159969
3075,79.0,2099.660604919223,58.0,2043.8679488538976
3076,79.0,2036.526811264065,54.0,2118.0852534923542
3077,74.0,2041.501038055536,50.0,2088.328721355198
3078,73.0,1891.3127342151909,50.0,2038.4583466494996
3079,71.0,1997.9448338649188,58.0,2074.0048200340975
3080,73.0,1953.0392288833084,56.0,2042.7182730059403
3081,89.0,1885.6903023860043,56.0,2113.3418810698477
3082,70.0,2058.641392055554,57.0,2207.399745439215
3083,87.0,2050.07070822046,62.0,2215.9354436448775
3084,71.0,1997.5035676712207,60.0,2149.038956391644
3085,78.0,2136.847085827607,54.0,2036.360279925131
3086,63.0,1996.9303542043376,64.0,2080.772260581949
3087,71.0,2110.5543001447254,57.0,2049.615120543811
3088,59.0,1925.9799659677633,61.0,2119.559394700302
3089,85.0,1917.2078048782532,66.0,2066.5307323129855
3090,70.0,1912.1220286389976,53.0,2161.9741606018006
3091,68.0,2047.9405168640897,59.0,2245.0282949994885
3092,66.0,1952.6147831819135,58.0,2104.516336352098
3093,77.0,2140.670429742723,59.0,2113.8556371279196
3094,81.0,2043.4712220562974,58.0,2027.3906507627737
3095,77.0,2016.0573677234802,56.0,2156.1757167206642
3096,77.0,2037.3548270717458,52.0,2191.2984855100067
3097,70.0,2019.5796557261954,52.0,2106.757439730238
3098,74.0,2152.982469954135,43.0,2122.096812321331
3099,78.0,2065.2397127043887,52.0,2067.2548574328544
3100,85.0,2094.6668758520304,52.0,2084.994865637874
3101,57.0,1913.5607965061602,53.0,1985.8219550362355
3102,73.0,2041.076181034515,55.0,2087.8089583875317
3103,67.0,1933.8462357237686,56.0,2142.1890159838294
3104,77.0,1891.6887365954722,60.0,2118.0800490394868
3105,72.0,2126.749103126456,52.0,2148.1902953001636
3106,79.0,2007.3031136202908,60.0,2039.1330148516895
3107,80.0,2067.1159392014147,53.0,2223.2296242121106
3108,70.0,1878.1928237157808,57.0,2013.4880053836932
3109,75.0,2010.4809437725937,58.0,2089.1346340504338
3110,77.0,1963.7466612879002,43.0,2045.9969920610488
3111,76.0,1984.4227033380519,62.0,2214.5178661762443
3112,72.0,1900.435079331463,65.0,2095.3988348676853
3113,86.0,2081.683993741153,57.0,2256.6662511940854
3114,64.0,1927.756161537415,50.0,2050.1866101501496
3115,59.0,1935.0631442992008,56.0,2148.933870876254
3116,72.0,1936.5714906655114,43.0,2044.595686187314
3117,71.0,2007.1328334316577,56.0,1988.1331123170062
3118,62.0,1953.859984551782,62.0,2106.1333882454237
3119,79.0,2149.4278481378165,62.0,2081.350431359546
3120,74.0,2116.461505553549,56.0,2035.392289469299
3121,62.0,2011.511578989609,48.0,2011.3226438433749
3122,74.0,2031.5894201051135,59.0,2167.0119834298293
3123,79.0,2078.9952595873397,60.0,2167.0514242382374
3124,83.0,2012.4759413771446,63.0,2132.144377675659
3125,74.0,2019.7797144880617,42.0,2075.6979846753966
3126,82.0,2022.1234866934421,66.0,2152.417340080762
3127,70.0,1961.1867223652969,53.0,2070.3301012068114
3128,56.0,1941.2974191797307,43.0,2046.3252262293533
3129,62.0,1976.0072461238478,56.0,2132.3578954994728
3130,83.0,2103.6663816014457,60.0,2244.6191676212147
3131,74.0,1985.0617414079118,73.0,2224.627187990027
3132,66.0,2027.3452262188255,63.0,2094.7620284341833
3133,75.0,2080.5948323808,61.0,2029.8052106682414
3134,74.0,2015.2485875457385,59.0,2067.2135212633452
3135,68.0,2054.4055024730924,59.0,2186.737489982609
3136,73.0,1989.8680443779701,54.0,2138.6112484898918
3137,84.0,2061.787398579175,53.0,2118.3599616023257
3138,65.0,1919.2786673104001,53.0,2162.97309416288
3139,77.0,2011.3704483406411,42.0,2033.5745299889688
3140,81.0,2020.7415372029182,58.0,2186.4562670754217
3141,77.0,2052.5271811780194,56.0,2118.965390982675
3142,71.0,2053.894998688834,54.0,2150.774096051689
3143,71.0,2283.175006975639,54.0,2206.2380992890476
3144,75.0,2027.4041956669732,60.0,2167.4178689003265
3145,71.0,1948.5941649533515,57.0,2109.4026407292367
3146,64.0,2032.1145437604437,54.0,2073.348347901905
3147,84.0,2058.491333330827,59.0,2089.065302895937
3148,80.0,1938.2838202393798,61.0,2170.311459168383
3149,75.0,2017.2005818168077,53.0,2052.003665720622
3150,80.0,2053.0389873668773,67.0,2055.637784833214
3151,66.0,1906.7599826870196,51.0,2023.6898883233448
3152,74.0,2015.1876804602466,63.0,1990.9180572123328
3153,69.0,1883.8212762712665,65.0,1984.0354037499387
3154,75.0,1993.5784100073881,51.0,2155.091417889333
3155,88.0,2033.386067038986,52.0,2099.664225314654
3156,64.0,1996.1174129291564,55.0,2170.953570568183
3157,72.0,1901.5643504832972,61.0,2205.998970169725
3158,81.0,1989.6113524420823,61.0,2122.8642057472716
3159,64.0,1853.414283813431,62.0,2109.6139045471823
3160,70.0,1902.198754709588,50.0,1993.66289847089
3161,73.0,2101.5789886371817,61.0,2134.5093369009523
3162,52.0,1825.308815810469,54.0,2032.8130288692835
3163,62.0,1988.9258857637935,47.0,2071.269059794366
3164,75.0,1982.5913291280951,58.0,2141.133753743815
3165,85.0,2010.6509313912638,49.0,2120.6674596821376
3166,76.0,2006.9916465284746,59.0,2138.7723403368923
3167,81.0,2016.6115499652803,53.0,2101.7635305855997
3168,76.0,1988.3910118395568,62.0,2223.5602542582646
3169,75.0,2175.4060189278325,44.0,2074.413374135835
3170,66.0,1932.2986759875869,52.0,2065.0001008322693
3171,63.0,1914.9174379800615,45.0,2167.268736436161
3172,70.0,2121.3194060566098,66.0,2103.6250394426393
3173,62.0,1902.0359788673081,63.0,2106.2130552022254
3174,75.0,2105.7985246727285,57.0,2060.670625408414
3175,60.0,1827.346958468512,53.0,2032.6759559700554
3176,64.0,2050.4909312933014,57.0,2107.366778220621
3177,97.0,2077.0492918130544,56.0,2043.2690354769672
3178,72.0,2039.0312667513697,60.0,2234.922024170138
3179,75.0,2089.788380933838,40.0,2018.8870334123494
3180,76.0,2023.9110163295898,60.0,2040.4313546886785
3181,96.0,2133.875930144093,61.0,2034.757445938856
3182,74.0,1976.669943744997,53.0,2194.3049059991904
3183,76.0,2014.781598899374,52.0,2177.4443790976575
3184,88.0,2130.3822801076035,50.0,2040.5244390823186
3185,90.0,2201.823751843745,61.0,2093.4216200942624
3186,72.0,1944.9785080201575,54.0,2127.7642544086425
3187,70.0,2051.5773880517186,60.0,2146.568704749232
3188,69.0,1977.0775189161593,59.0,2177.16057933275
3189,73.0,1991.9575537107924,65.0,2213.968948650842
3190,66.0,2038.740520058147,62.0,2057.2048801052492
3191,69.0,2130.316024723643,61.0,2126.1439547956793
3192,78.0,1985.9323426026249,45.0,2024.1830713852285
3193,72.0,2039.5757388948268,57.0,2054.998354620322
3194,86.0,2111.143542432989,50.0,2021.6976204236546
3195,69.0,1961.9090930289424,61.0,2116.593982149551
3196,84.0,1953.08317660943,56.0,2096.6781721884777
3197,73.0,1973.7582588408702,64.0,2069.1118036163607
3198,75.0,2007.7125883792723,60.0,2083.8614814109237
3199,74.0,2079.4819625032287,64.0,2300.1969773838396
3200,70.0,2078.539359325323,69.0,2077.0031406699236
3201,81.0,2152.521866247001,62.0,2073.0875406412906
3202,70.0,2072.7001437300946,48.0,2197.083986232172
3203,68.0,1948.386110493236,53.0,2147.572018618287
3204,74.0,2030.8137388337352,60.0,2263.169513982759
3205,82.0,2070.9568848250915,56.0,2061.853995585474
3206,65.0,1887.1443185378678,63.0,2137.900666273877
3207,75.0,1985.2560992636083,66.0,2134.302719301404
3208,68.0,2034.9418571325743,54.0,2149.5702051809685
3209,86.0,2119.284235703668,43.0,2080.7070553135245
3210,67.0,2027.3335537888222,56.0,2154.212822565798
3211,77.0,1959.301870732312,54.0,2035.6177182916224
3212,75.0,2078.6169063870548,48.0,2087.044625771474
3213,80.0,2047.9171690612975,55.0,2046.672475840908
3214,77.0,2063.2783858990933,54.0,2002.7674004924877
3215,81.0,2054.7474510024826,54.0,2191.687295836418
3216,69.0,1910.1070212531947,60.0,2074.2927529804833
3217,80.0,1957.692854648758,59.0,2064.141422266003
3218,71.0,2129.368040159308,49.0,2032.0986812639424
3219,74.0,2078.7482947905596,42.0,2095.4521770717015
3220,64.0,1957.1529708346907,58.0,2107.1194898690237
3221,79.0,2274.7735157804186,60.0,1985.4281967027757
3222,64.0,1954.1027142340786,51.0,2126.549078994346
3223,79.0,2018.5275043597644,52.0,1963.4064883000315
3224,84.0,2171.2112605475013,52.0,2029.7428777123685
3225,70.0,1929.0176460049288,47.0,2088.2798469619866
3226,67.0,1892.5254049956386,46.0,2014.5617548973676
3227,66.0,1985.1322727757324,49.0,2056.063418265914
3228,75.0,2083.5207209906985,63.0,2098.152653214362
3229,66.0,1882.8680674308544,57.0,2098.452381084223
3230,63.0,2053.059599506865,64.0,2185.0944965916615
3231,72.0,2010.5559439927513,53.0,2082.822361848074
3232,73.0,1929.4102101576173,44.0,1982.4553776232258
3233,58.0,2002.4391699437472,55.0,2049.5541488011922
3234,73.0,1882.8579833280355,61.0,2090.9608861771785
3235,77.0,2149.5791384754475,60.0,2072.384477889429
3236,76.0,1989.8447581051491,69.0,2100.6083133662114
3237,66.0,1911.2131822966296,52.0,2068.7919358934837
3238,74.0,1915.4916315713895,56.0,2111.5077167293575
3239,72.0,1983.923911559279,49.0,2103.6079145360245
3240,68.0,2053.507614157218,43.0,2055.82847357336
3241,68.0,2014.334374499365,60.0,2202.6213441622676
3242,66.0,1956.5517002269223,59.0,2092.305993467179
3243,72.0,1907.246325870707,56.0,2026.8580984247103
3244,86.0,2072.601092058137,56.0,2019.6340592361596
3245,80.0,1994.1862740622382,59.0,2258.636952606796
3246,79.0,2053.356764769282,47.0,2026.4823811910687
3247,82.0,2019.4625436506556,59.0,2109.5417335534357
3248,83.0,2031.3938551486171,50.0,2116.8394487678
3249,74.0,1980.4934846318445,69.0,2143.149915642891
3250,67.0,1918.2774957866031,51.0,2127.0533595722977
3251,87.0,2225.314720737216,65.0,2191.8150745948055
3252,72.0,2029.031576854652,46.0,1976.7109088350408
3253,72.0,2057.2057511747325,61.0,2159.997571106687
3254,61.0,1969.1874344628043,59.0,2022.1179954556585
3255,69.0,2039.9708656151624,53.0,2181.820863523672
3256,64.0,2018.209143646833,72.0,2265.108925408352
3257,73.0,1890.7413482854524,67.0,2132.89397745822
3258,71.0,2086.8475205070777,53.0,2037.40141811345
3259,60.0,2095.048116273419,58.0,2123.053057705569
3260,66.0,1855.910543530494,50.0,2102.842214189718
3261,73.0,1874.3264871378578,52.0,2015.3788666715063
3262,73.0,2059.4932079290274,56.0,2081.866163870569
3263,70.0,1908.701721397337,59.0,2161.221189360272
3264,83.0,2148.9813382315742,46.0,2008.7804630971127
3265,64.0,1907.5463179218957,69.0,2118.7107105833543
3266,67.0,2026.3388113560145,53.0,1994.3747281808353
3267,77.0,2003.3907466527644,58.0,2051.177724543816
3268,77.0,2116.872043469532,42.0,2071.170211191682
3269,88.0,1961.821237571578,60.0,2230.7361045843813
3270,63.0,1945.381592247087,51.0,2073.6194455926893
3271,78.0,2058.723835749041,71.0,2157.829573658931
3272,71.0,1934.5115431336949,64.0,2191.1664136370377
3273,71.0,2114.04037497201,66.0,2284.092743807511
3274,63.0,1978.3946783890792,65.0,2111.9985132499796
3275,70.0,1995.9459214252288,49.0,2034.9586039962712
3276,87.0,2027.7388611439724,63.0,2068.444821889132
3277,74.0,1961.1890855504907,61.0,2170.6353768583317
3278,65.0,1940.5492798870919,50.0,1983.5363108460676
3279,68.0,2035.1758071706022,53.0,2051.8144413803207
3280,75.0,2054.0212574843436,54.0,2079.101363342556
3281,84.0,2215.2897143960236,56.0,2041.071255254365
3282,63.0,1923.2959037605272,67.0,2103.0675115584336
3283,85.0,2087.689648303801,55.0,2077.2860542093913
3284,57.0,2002.773728882677,60.0,2058.49778473831
3285,73.0,2121.181886158615,42.0,1977.8184636770427
3286,104.0,2140.5947106500835,43.0,2168.0042372912235
3287,80.0,1998.0766780137628,61.0,2152.175048334524
3288,63.0,1955.8184693913954,50.0,2259.8952031454282
3289,86.0,2049.2931783984513,46.0,2028.357116600204
3290,67.0,1905.1085118613764,61.0,2170.3443530803265
3291,80.0,2091.6030551884387,58.0,2150.2878547391506
3292,71.0,1951.9391424665293,61.0,2148.7676668746294
3293,87.0,2129.2810335348504,59.0,2144.303079420417
3294,74.0,2095.609827821288,64.0,2118.397353988849
3295,78.0,2186.4154537547192,55.0,2069.670309475919
3296,75.0,2073.6941859902327,61.0,2186.821986535973
3297,55.0,1913.7856408421983,56.0,2053.6263673924286
3298,74.0,2126.623692578302,60.0,2087.4035194637563
3299,75.0,1994.2174285778951,57.0,2023.6939951908587
3300,86.0,1957.1397574565592,50.0,2140.1539557632263
3301,76.0,2166.3808997864103,52.0,2016.8923367275688
3302,68.0,1960.000679605268,66.0,2291.8370850968686
3303,76.0,1919.1010664894459,61.0,2080.54982322802
3304,70.0,1966.1467177712302,49.0,2179.024288686406
3305,86.0,2089.470637064808,50.0,2014.4315358521947
3306,81.0,1900.6037443158211,53.0,2013.0802586919976
3307,77.0,1955.2688883743465,51.0,2010.051035592931
3308,71.0,1981.615773852411,64.0,2197.479045128703
3309,83.0,2169.8699214443745,49.0,2105.4536725777557
3310,58.0,1932.8348335822634,55.0,2073.7856339955247
3311,76.0,2162.270135416138,57.0,2084.681378611615
3312,82.0,2129.292742486732,55.0,2052.318618131221
3313,78.0,2043.231532783413,53.0,2051.0489105581933
3314,86.0,2005.638305645675,53.0,2145.4676434765097
3315,74.0,2003.8552400505587,51.0,2155.7876776518788
3316,80.0,2024.2169232674764,51.0,2011.5544126662487
3317,70.0,2027.5737870445148,55.0,2072.898055645868
3318,75.0,1917.586502799004,59.0,2042.2690046334255
3319,88.0,2002.3818792499774,47.0,2045.1282298623853
3320,65.0,1923.911656837039,65.0,2132.633818248208
3321,80.0,1959.854509880662,58.0,2173.803503115137
3322,80.0,2024.38135091546,63.0,2108.5543069497417
3323,85.0,2102.8832619247833,56.0,1985.142631415123
3324,88.0,2233.752394167607,59.0,2039.2654568766013
3325,70.0,2054.368277183683,73.0,2126.5894800509527
3326,81.0,2072.426536168178,60.0,2100.9531046225366
3327,71.0,2096.7521576642944,55.0,2088.195225518996
3328,73.0,1971.5594353267747,59.0,2185.1066697317183
3329,80.0,2018.3069216259169,53.0,2120.037013672563
3330,84.0,2007.9378755699977,59.0,2128.2111010968542
3331,68.0,1920.800288667016,56.0,2069.68694976989
3332,64.0,2000.4860059460962,58.0,2163.44708831053
3333,77.0,1976.7642185906984,62.0,2131.572782581194
3334,59.0,1868.6109994942706,54.0,2048.4385781307146
3335,70.0,2112.253571399459,56.0,2024.9297972892123
3336,57.0,1844.0403870060563,47.0,2071.7003520485664
3337,59.0,1877.5813727528757,58.0,2108.436249332832
3338,65.0,2111.022869073063,48.0,2105.657318183185
3339,62.0,1935.2235310806648,58.0,2068.1952974875376
3340,69.0,2124.2141916939327,58.0,2130.18669050195
3341,74.0,2021.5360142260558,59.0,2189.8754116345967
3342,71.0,2016.403030354089,72.0,2117.3419795167547
3343,78.0,2096.158597907142,59.0,2157.5948265459056
3344,81.0,2021.724241766782,64.0,2080.284258248813
3345,65.0,1915.0928323143032,47.0,1979.3445122509863
3346,78.0,1959.8451680270605,55.0,2193.7189997207493
3347,78.0,2040.3736807559833,50.0,2057.1565266531834
3348,77.0,2006.0146398544464,70.0,2240.9295045510153
3349,71.0,2047.934760124646,63.0,2113.9042651002533
3350,78.0,1990.2449452848637,51.0,2074.444227151308
3351,75.0,1934.2502067933433,43.0,2007.7065038472929
3352,71.0,1979.6773813994205,54.0,2028.8700903439503
3353,71.0,2071.603311854383,44.0,2011.029926809001
3354,64.0,1938.615726374849,65.0,2138.6064900011534
3355,82.0,2171.113867900242,56.0,2173.8973386798298
3356,85.0,2088.2039511514818,59.0,2029.862056245428
3357,76.0,2261.5229395398715,64.0,2128.5632848884975
3358,86.0,2136.5835753320234,51.0,2043.5324664863147
3359,88.0,1958.8251640381761,54.0,2160.6605920664206
3360,69.0,1988.7617542334215,53.0,2063.3012655675593
3361,73.0,1978.3713248420947,53.0,2094.5192569840615
3362,73.0,2015.2761765633293,59.0,2154.1998012685526
3363,68.0,1997.1099440497496,56.0,2054.7722328576624
3364,68.0,1954.9370294155751,47.0,2081.6158227836963
3365,73.0,1967.9597449167945,43.0,2045.1490687877897
3366,75.0,2060.8100052580735,60.0,2070.130536022479
3367,74.0,2002.2686583279594,46.0,1973.6682893752286
3368,82.0,2126.268383037445,68.0,2213.390026645777
3369,91.0,2163.8052878158205,65.0,2107.437061235321
3370,66.0,1942.2769241157323,60.0,2155.088348643826
3371,74.0,2024.362732150357,55.0,2075.8374131078904
3372,74.0,1951.573454734786,63.0,2293.231632345243
3373,85.0,1966.6990267558813,55.0,2047.7115212432045
3374,74.0,2086.1051206089464,59.0,2072.8640975707003
3375,67.0,1855.1844262136617,55.0,2054.070239759796
3376,73.0,2024.1798493189588,58.0,2203.5142137574894
3377,82.0,1941.5973676155265,59.0,2137.294643341182
3378,72.0,2044.6409429253574,65.0,2193.4391137625007
3379,80.0,2066.3958977565862,66.0,2179.118275557138
3380,84.0,2132.401108146275,59.0,2065.0092035931393
3381,79.0,2198.959052462998,63.0,2045.8381559705615
3382,70.0,1975.3123098930103,53.0,2146.9336235812184
3383,66.0,1885.810298172548,54.0,2043.8845509912805
3384,72.0,2085.7119121690453,55.0,2078.4555109809276
3385,71.0,2073.752901746166,70.0,2285.3667903441215
3386,76.0,2074.683491649496,69.0,2203.051607813474
3387,83.0,2123.51412265469,52.0,2191.7282946959513
3388,81.0,2086.6721903370753,66.0,2095.7492098006196
3389,74.0,1899.056807244841,62.0,2127.0190893295908
3390,79.0,2043.731435673781,55.0,2090.695658096085
3391,71.0,2013.3127162956773,61.0,2121.0652714772204
3392,74.0,2206.4060989757013,42.0,2015.4357517962962
3393,64.0,2056.478279461942,52.0,2057.609394132363
3394,74.0,2045.9994128705123,65.0,2083.4973940357972
3395,71.0,2004.537856378388,62.0,2027.140939675491
3396,74.0,1956.8439173705383,46.0,2088.735289703803
3397,75.0,2124.309741900309,66.0,2093.6479319011046
3398,79.0,1984.64979170898,51.0,2122.6818420018294
3399,64.0,1980.1070657708176,51.0,2066.7267968518445
3400,81.0,2008.655259659626,54.0,2126.469059337507
3401,66.0,2032.5007285104068,58.0,2115.0905117085185
3402,73.0,1908.9190172420804,48.0,2003.28183994865
3403,80.0,2056.7992686782277,63.0,2066.071763287358
3404,78.0,2014.0955763205525,50.0,2043.351978240022
3405,74.0,2034.9909625280454,44.0,1969.0965580293646
3406,73.0,2010.9472793405412,59.0,2104.1565082200723
3407,67.0,1938.6969725275087,45.0,2132.1117246624262
3408,63.0,2094.747767429698,56.0,2165.89574341814
3409,64.0,1960.9292703378205,55.0,2086.2907273464757
3410,84.0,2088.316311120128,64.0,2168.1522208549554
3411,77.0,2077.75659773977,66.0,2115.4103699497837
3412,64.0,1981.700184044678,62.0,2121.159542221346
3413,72.0,1897.932668516299,62.0,2111.8801510081466
3414,83.0,2019.7019033825131,58.0,2045.1608131717057
3415,90.0,2189.597731501139,55.0,2114.8622019981435
3416,74.0,1964.4232108966178,55.0,2205.840100926424
3417,65.0,2059.6020140044047,48.0,2174.9815145157704
3418,77.0,2087.1943203899787,47.0,2140.487697092805
3419,65.0,2040.5575934086705,66.0,2244.082396018092
3420,64.0,2086.3629080779087,53.0,2050.263144856492
3421,79.0,2155.2190190496626,63.0,2055.9336144190925
3422,69.0,1959.4959268133234,48.0,2022.0229915110021
3423,67.0,1969.982299119812,40.0,2077.650097073338
3424,73.0,1917.8384130821273,47.0,2076.4457033775843
3425,79.0,2118.6784608593703,57.0,2105.919528221533
3426,66.0,1895.5815215300754,60.0,2305.705256420499
3427,83.0,1989.1456338578316,59.0,2059.8665247091712
3428,56.0,1952.4213482798227,56.0,2026.930099661783
3429,81.0,1966.412222555677,49.0,2055.6008045885433
3430,72.0,1934.2251721025102,75.0,2074.631063491656
3431,68.0,2056.7536042047873,47.0,2051.3204376104795
3432,68.0,1965.302003999698,55.0,2116.0673239508897
3433,75.0,2103.9489385651373,47.0,2036.7328331541914
3434,66.0,2044.234232815584,43.0,1960.380501230759
3435,66.0,2036.2719185676058,52.0,2077.780170939939
3436,73.0,1881.0042355041858,62.0,2167.0851122955482
3437,76.0,1964.5209497049914,54.0,2035.6580848102637
3438,67.0,1979.1153377787687,77.0,2107.60459148597
3439,67.0,1949.1198950982728,60.0,2242.963590316724
3440,79.0,2015.2905170443155,49.0,2113.2036502274054
3441,80.0,2032.00271464948,51.0,2036.7370712775341
3442,70.0,2012.9683785507566,55.0,2220.5980467031995
3443,76.0,2163.6073949614683,62.0,2160.488862716474
3444,78.0,1994.6264572909881,56.0,2027.54332424232
3445,63.0,1978.2417066358646,58.0,2103.6440350044318
3446,76.0,1942.0770885598822,49.0,2042.2882015272316
3447,65.0,1875.816172732918,63.0,2088.9181486910197
3448,79.0,1972.6282292973956,55.0,2078.414679037641
3449,74.0,2096.9448462349087,49.0,2044.680278405932
3450,84.0,1939.562784607421,62.0,2216.9948288646874
3451,60.0,2146.7870904943516,51.0,2109.9016978202526
3452,83.0,2067.8464765159856,55.0,2165.3727295029944
3453,72.0,2050.484364202849,64.0,2184.1679526940425
3454,65.0,1924.4863919259615,53.0,2088.792913705141
3455,78.0,2003.4312817864618,50.0,1995.4516202321336
3456,68.0,2040.80084047809,57.0,2062.2030139962735
3457,61.0,1981.713220717136,63.0,2104.4008960218375
3458,84.0,1997.7966611700544,63.0,2102.4435360571883
3459,69.0,1986.216599513866,46.0,1971.6682668647798
3460,84.0,2181.689570246044,51.0,2080.3709695751863
3461,74.0,1955.7770118678177,53.0,2033.9748357549804
3462,78.0,2091.034101479708,54.0,2093.0795238990877
3463,85.0,1971.185534713272,47.0,2214.37588513223
3464,74.0,1980.0462529426845,55.0,2085.398381066908
3465,72.0,2017.1970955181134,53.0,2084.445985154629
3466,64.0,1915.9801041947273,55.0,2279.509520474639
3467,69.0,1941.7221140681797,52.0,2027.3220370044257
3468,74.0,2015.8341598840939,48.0,2105.3329982763003
3469,67.0,2003.200960395593,47.0,2055.257067325368
3470,61.0,1975.123207693664,55.0,2053.919225918938
3471,73.0,1939.4552679040855,45.0,2105.449625884486
3472,59.0,1790.6116501057652,53.0,2044.4760924332595
3473,77.0,2029.437456696679,43.0,1966.7586810496116
3474,75.0,2001.119835815031,50.0,2012.585649128492
3475,82.0,2029.444831954454,50.0,1996.5588224750413
3476,70.0,2034.8428334992948,65.0,2319.3262194029016
3477,76.0,2178.7539435885974,61.0,2114.7807569416673
3478,77.0,2034.077948209183,48.0,2017.3385494911868
3479,76.0,2049.3314917151065,51.0,2077.481191136321
3480,68.0,1932.5845830744724,45.0,2105.862681589044
3481,68.0,2069.903516932473,57.0,2156.9042955117875
3482,71.0,2133.750810710746,60.0,2143.581458017053
3483,57.0,1954.334964438166,50.0,2077.032619510716
3484,77.0,2000.3954614192214,51.0,2025.2255510540806
3485,80.0,2100.640633356986,53.0,2029.9819355632462
3486,90.0,2076.1955831131413,61.0,2181.9623445698385
3487,67.0,2044.9096423098777,54.0,2148.65266804823
3488,63.0,1962.844720810733,56.0,2067.512329364199
3489,89.0,2086.1697657702266,55.0,2042.3391742161957
3490,73.0,2139.331686888003,45.0,2086.3322534723293
3491,72.0,2021.1852524738313,73.0,2210.7803817740732
3492,63.0,2105.3795672911037,45.0,2141.0485117688936
3493,87.0,2006.19394077799,52.0,2050.9520071659304
3494,84.0,2038.129673252561,71.0,2164.770499218725
3495,69.0,1989.6342755302064,46.0,2001.4512317820806
3496,72.0,2054.792115130723,46.0,2166.0175010292032
3497,75.0,2044.4328121065184,60.0,1999.3501332853536
3498,56.0,1976.3912806507196,48.0,2064.778204658175
3499,68.0,2039.1896063416393,68.0,2058.621454156532
3500,76.0,2027.0965650702108,61.0,2085.5683130472
3501,69.0,1908.3988630297888,54.0,2056.398023296546
3502,65.0,2125.9318481711666,58.0,2053.2956815966445
3503,71.0,2061.764974525405,68.0,2246.368028170138
3504,77.0,2198.015604029863,58.0,2111.4923109662636
3505,73.0,2011.9819337220363,56.0,2164.613585010859
3506,69.0,1982.1033911929019,54.0,2091.4873218885386
3507,82.0,1969.5584269663764,61.0,2211.544888885352
3508,93.0,1969.2721687298301,66.0,2162.290002265655
3509,67.0,1978.191347054884,55.0,2086.383442837531
3510,89.0,2151.8252263552768,67.0,2194.1556331653924
3511,70.0,2014.2838330256411,65.0,2044.49330499629
3512,77.0,1867.6029580488193,59.0,2131.3381649632006
3513,76.0,2022.9956555155995,55.0,1994.4212673317234
3514,67.0,2170.616177105953,51.0,2042.9894745627673
3515,59.0,1945.1474204136912,57.0,2127.593316955367
3516,80.0,1982.9254812463676,57.0,2182.83466888957
3517,65.0,1889.8563123620197,57.0,2144.7633146763023
3518,85.0,2028.126219295888,59.0,2037.594310188238
3519,72.0,2091.5892903589925,45.0,2076.533535064865
3520,85.0,2040.5681479183118,66.0,2123.6490137882306
3521,74.0,2170.2491330441144,65.0,2305.481489297153
3522,85.0,2033.038175626772,58.0,2099.5411726056514
3523,80.0,1900.1283258505177,58.0,2149.8013812916147
3524,68.0,1974.4341353720336,51.0,2162.955526596722
3525,92.0,2061.6490220008177,52.0,2062.261837936853
3526,81.0,2072.544127811076,60.0,2241.627083230418
3527,80.0,2037.325993778118,51.0,2156.022413963234
3528,83.0,2049.234300636468,59.0,2123.393055353592
3529,65.0,1953.2997080113687,62.0,2051.439562731289
3530,67.0,1994.6596908579183,64.0,2086.4201380630475
3531,80.0,2085.094447221419,55.0,2040.5402474422506
3532,79.0,1977.137739562874,55.0,1982.8580712344456
3533,68.0,2056.3954700902,52.0,2041.0424377636937
3534,71.0,2052.1727147478637,54.0,2054.578315673642
3535,63.0,1985.152867131887,62.0,2069.9137905313046
3536,72.0,1989.263462334651,50.0,2205.7982598958715
3537,83.0,2163.2744833196625,58.0,2145.959609644568
3538,65.0,1907.8144762477489,52.0,2109.5996148947343
3539,70.0,2001.1310678419136,54.0,1974.4008102793712
3540,56.0,2070.590325089073,58.0,2192.2169096971916
3541,64.0,2012.8892018022113,59.0,2224.8117072852833
3542,74.0,1923.5905802548054,59.0,2065.8291136781336
3543,85.0,2058.219581454149,52.0,2061.7219801218157
3544,75.0,2305.96061058977,52.0,2079.8718922829585
3545,79.0,2043.7356019732551,62.0,2055.7076504584375
3546,71.0,2047.4462131313876,53.0,2170.2166348721307
3547,72.0,1885.298607505224,61.0,2106.415648820707
3548,75.0,2067.4731444916883,52.0,2051.7999879786958
3549,80.0,2048.6794269574643,49.0,2224.274440953919
3550,60.0,1911.9888841661568,53.0,2051.1007022918907
3551,79.0,2086.898035199712,74.0,2146.393697208241
3552,81.0,1979.7385466157207,55.0,2037.1874356446806
3553,76.0,2025.4694767459446,65.0,2116.0828721445073
3554,83.0,2182.8895710132288,56.0,2073.6443269666283
3555,67.0,1964.1037971343208,46.0,2074.3499709646503
3556,75.0,2043.863034255312,65.0,2246.218893052537
3557,78.0,2061.5865392781625,47.0,2145.8983454824856
3558,61.0,1977.1133310522744,52.0,2035.852046148253
3559,68.0,2000.9183629722118,56.0,2124.4343482384916
3560,55.0,1871.6317923176805,61.0,1990.2635570565049
3561,66.0,2003.3358783289927,54.0,2155.23614837908
3562,73.0,1958.149180042617,58.0,2071.8405585480477
3563,79.0,2016.242348049546,64.0,2136.220347385543
3564,81.0,2258.883188222635,56.0,2071.261834025856
3565,83.0,2147.4171515791886,57.0,2035.1558841970725
3566,87.0,2061.7019201893236,67.0,2146.878060237483
3567,68.0,2035.442250033563,59.0,2054.093807733123
3568,81.0,2080.276940684532,50.0,2127.3201104592035
3569,74.0,1957.1195913875597,50.0,2112.678823485904
3570,73.0,2079.7129817651667,40.0,2027.6687671270356
3571,66.0,1976.984238165123,39.0,2012.620809979704
3572,54.0,2018.0932587465732,44.0,2019.9897539154226
3573,61.0,1899.9032295549625,55.0,2065.5765590096335
3574,63.0,1990.1781135015274,52.0,2014.5874278623198
3575,83.0,2022.9868049450981,62.0,2126.5414526543886
3576,75.0,2249.9424059515704,51.0,2170.2408915395004
3577,73.0,2018.8991817719607,74.0,2182.8311868560695
3578,69.0,1958.4661944299799,64.0,2087.0989464158665
3579,92.0,2052.0005505104614,63.0,2128.907294402709
3580,71.0,1952.1312986691653,57.0,2075.775158979195
3581,76.0,2164.9272192655026,63.0,1998.4884187903895
3582,69.0,2077.5332227523404,59.0,2198.148627505853
3583,62.0,1919.9275590904163,59.0,2087.6178563192348
3584,72.0,1899.525796865803,64.0,2105.2204850651133
3585,64.0,1901.5621259425805,59.0,2096.811069993792
3586,73.0,2102.591054360162,53.0,2226.8016185535166
3587,60.0,1854.8352457857811,58.0,2047.9602117574111
3588,68.0,2025.862005307799,50.0,1979.2520757472948
3589,69.0,1924.0195507574094,51.0,2199.0615722817442
3590,70.0,1916.5333357030852,60.0,2175.559656470387
3591,71.0,1932.4543626158543,58.0,2095.098683965996
3592,69.0,2205.5629399191894,56.0,2128.5309932624923
3593,73.0,2132.1344994593333,39.0,2011.3343450394636
3594,74.0,1936.4792014287957,49.0,2183.2062449704563
3595,74.0,1983.6286428263388,60.0,2067.1711283840486
3596,79.0,2023.8727723209374,60.0,2049.2175195307195
3597,66.0,2010.7325525925717,56.0,2092.5784862987903
3598,76.0,2038.4568260076821,68.0,2158.089258423362
3599,73.0,1945.6698303321891,51.0,2006.1993078800256
3600,79.0,1979.680950214047,48.0,2225.625565053314
3601,76.0,1944.8519179277357,66.0,2123.714372083731
3602,73.0,2103.7496803817758,54.0,2021.8976404034431
3603,75.0,1999.861576057866,62.0,2225.978457602532
3604,86.0,2018.3869119998749,46.0,2065.994736481392
3605,90.0,2121.6998427919984,65.0,2100.303241275071
3606,79.0,2008.9436363419154,41.0,2010.8974620720592
3607,59.0,1931.318160475888,35.0,2021.167776820632
3608,79.0,2037.687653550961,61.0,2118.317906110661
3609,70.0,1877.4090419007628,57.0,2083.363062591908
3610,74.0,2083.548141498952,54.0,2191.258241475745
3611,77.0,2145.7767196895893,55.0,2129.155903966052
3612,75.0,1909.2526461971545,51.0,2031.2766792214206
3613,77.0,2077.5210107757425,61.0,2118.4273965595958
3614,70.0,1934.7821906951924,55.0,2046.1049855513634
3615,74.0,2141.9448823404773,67.0,2108.422797108315
3616,83.0,2192.190024114906,63.0,2163.9781150535487
3617,70.0,2003.4251895370217,71.0,2101.348019837511
3618,73.0,1977.8723695497672,58.0,2090.0865588134902
3619,69.0,2047.2145919681034,46.0,2067.1955968145353
3620,72.0,2009.3248550930975,51.0,2073.727857221842
3621,69.0,1931.5050290310717,63.0,2228.984162083448
3622,75.0,1944.1393317155848,47.0,2106.5218101312726
3623,70.0,1903.261752992119,50.0,2130.656863728036
3624,67.0,1987.3331001594033,50.0,2095.5803152563717
3625,74.0,2054.410591567472,53.0,2128.662750617679
3626,69.0,2002.270610296219,65.0,2139.063042812768
3627,60.0,1919.7287966072122,56.0,2059.2903666020097
3628,76.0,1995.960497872392,73.0,2446.8181845069307
3629,82.0,1973.0227123729364,70.0,2068.8115921153794
3630,81.0,2035.1824059926591,56.0,2086.5580819024826
3631,69.0,1993.1709717583976,58.0,2022.853557764799
3632,69.0,1911.115882645989,48.0,2100.4798464175187
3633,81.0,1972.9949258439638,67.0,2183.184624074363
3634,73.0,2080.5420509204814,57.0,2063.030031093804
3635,72.0,2071.643983245863,55.0,2121.5879075992693
3636,85.0,2114.078866774844,69.0,2243.9299786668134
3637,67.0,1958.1707922370917,63.0,2212.9564740992396
3638,77.0,2042.5775360496148,46.0,2104.8778797334053
3639,71.0,1930.9823161864958,55.0,2130.157148578231
3640,68.0,1912.5173696483234,55.0,2171.031288585157
3641,75.0,2007.772988075773,48.0,2192.239603483927
3642,62.0,1934.422525796679,56.0,2043.9442423465928
3643,66.0,2028.5950358734176,60.0,2050.671643129807
3644,78.0,2034.5865027474358,64.0,2098.5575153880727
3645,69.0,2046.1119145546086,53.0,2072.923667643101
3646,71.0,1986.7973924082787,50.0,2051.6990550875207
3647,68.0,1913.5806377017054,52.0,2017.0399671291518
3648,55.0,1895.5860643933465,50.0,2134.6450969176644
3649,87.0,2124.415477646008,51.0,2159.8848719296393
3650,77.0,2200.131235881068,44.0,2034.1237043952897
3651,66.0,1994.1651084251014,63.0,2090.8910080673613
3652,69.0,1955.7316177233165,41.0,2058.549676674889
3653,67.0,1978.3999926691026,55.0,2096.7597720785693
3654,83.0,2107.639445898211,55.0,2172.188953237974
3655,76.0,2247.9362475003572,61.0,2148.0886511755257
3656,68.0,1977.3783195107874,56.0,2036.6005318701857
3657,74.0,1882.5590279588105,54.0,2088.45050427373
3658,77.0,1920.1752033105215,51.0,2054.288743000048
3659,84.0,2013.517649018091,46.0,2140.4488717490226
3660,78.0,1934.6604523328697,58.0,2110.64869894405
3661,72.0,2109.1435665479557,69.0,2222.166438593882
3662,96.0,2066.958301139925,46.0,1971.9805336651232
3663,83.0,1999.0417045267511,54.0,2039.8016636011323
3664,69.0,1870.8124085828374,53.0,2059.3238013747396
3665,83.0,1922.242347574666,59.0,2103.282399921337
3666,66.0,1973.2362135946646,39.0,2001.4626224057074
3667,82.0,2105.2854883494406,60.0,2160.543123701393
3668,68.0,2038.9670537131383,66.0,2141.7024650439525
3669,61.0,1976.477372885606,57.0,2053.414580233973
3670,76.0,2096.994046733325,64.0,2180.972568956088
3671,65.0,2014.3418365378434,48.0,2021.976941677873
3672,87.0,2118.047946683579,43.0,2062.4493264650882
3673,77.0,2051.513836892112,65.0,2267.652776841469
3674,59.0,1819.3219068986593,50.0,2105.1154539614163
3675,98.0,1986.7188410104636,48.0,1924.2602735396865
3676,77.0,2296.335430041373,59.0,2171.2344510632583
3677,69.0,1957.0662788282486,38.0,1963.8427503100445
3678,73.0,2015.55288324184,67.0,2069.863450738631
3679,65.0,2025.7506548916465,44.0,2076.6524435916426
3680,61.0,1876.112516849863,61.0,2083.2276660055877
3681,76.0,1977.5183159685353,45.0,1969.3063374156013
3682,85.0,2192.13475017129,53.0,2078.6236147550785
3683,75.0,2020.5551088463947,59.0,2195.3195388973336
3684,68.0,2036.9462665466956,63.0,2147.375280274044
3685,72.0,2011.1391047316567,56.0,2241.707988188536
3686,76.0,2154.315166184486,55.0,2074.838497567144
3687,69.0,1979.828422199818,56.0,2151.8184311935292
3688,67.0,2033.3016900677985,48.0,2153.4035924912437
3689,81.0,2017.9190284479419,60.0,2201.3200648511606
3690,79.0,2212.601775297335,47.0,2079.048386021287
3691,91.0,1998.7190379556253,46.0,2002.5787247989758
3692,74.0,2018.376054094161,51.0,2149.802178756009
3693,76.0,1969.5721996290692,44.0,2023.3674215193155
3694,76.0,2037.052391636449,64.0,2057.6854002033033
3695,76.0,2036.2121157083207,55.0,2108.122279890405
3696,92.0,2028.7080214739017,60.0,2091.9675280463766
3697,83.0,1970.6305198022524,64.0,2055.590870279689
3698,65.0,2028.984781819515,55.0,2080.260306631581
3699,67.0,1967.6930163559489,59.0,2111.7485513691386
3700,79.0,2105.4628100814834,47.0,2005.8093971840524
3701,84.0,2049.3305696038956,54.0,2111.304718262912
3702,80.0,1984.5550670712794,54.0,2086.3028151585795
3703,63.0,1997.050108407812,66.0,2153.4575380433994
3704,69.0,2037.4168597867676,53.0,2125.0303478626365
3705,73.0,1955.765852572007,51.0,1991.6251628534735
3706,74.0,2042.3549907118884,58.0,2097.712514867376
3707,72.0,1965.910269455323,61.0,2004.4756815604878
3708,76.0,2009.3313465828767,62.0,2006.522606400763
3709,86.0,2026.6765516991338,72.0,2068.962777269828
3710,67.0,2135.43107443715,54.0,2088.3016864781575
3711,71.0,1959.2257931546212,53.0,2052.987198279671
3712,61.0,1958.8505123321006,56.0,2135.7876649981818
3713,68.0,2084.100667156626,56.0,2085.024132349554
3714,83.0,2147.998099934589,61.0,2081.8813380548922
3715,59.0,1921.3696882877252,49.0,2072.9480147616914
3716,84.0,2030.0181233103467,50.0,2077.233104744255
3717,65.0,1955.9650221166999,55.0,2046.986353717718
3718,72.0,1962.1689389024434,61.0,2133.563461926424
3719,80.0,2161.256888280821,61.0,2144.3549334979193
3720,67.0,1979.7908920647708,41.0,2070.4373329322616
3721,77.0,2098.868413905754,62.0,2134.8981597277784
3722,65.0,1921.3132941373503,54.0,2033.2813974741368
3723,61.0,1862.638691729247,55.0,2093.6386857969965
3724,71.0,2010.8110958400257,57.0,2325.571806489067
3725,63.0,1898.2846165975757,60.0,2084.9268311962683
3726,74.0,1957.1982979635147,59.0,2165.9272845388114
3727,79.0,1953.872762578574,60.0,2131.4290609215695
3728,74.0,1938.920205737924,51.0,2080.507659531603
3729,72.0,1992.5143820395829,67.0,2274.9665821041094
3730,71.0,2035.209082030897,41.0,2112.230908882784
3731,84.0,2055.642418350455,50.0,2052.0193420950154
3732,75.0,1985.6479774839447,53.0,2092.576972523256
3733,76.0,1964.7799693742088,63.0,2113.9960962887667
3734,75.0,1932.0025640599686,62.0,2353.714982957988
3735,79.0,2034.0126123301015,53.0,2051.306766138719
3736,87.0,2074.0992333433446,63.0,2237.823993154483
3737,75.0,2012.0616893771155,55.0,2129.0944472346687
3738,60.0,2008.8835921356654,59.0,2209.9823002224225
3739,85.0,2193.9851761335763,48.0,2218.4904749839548
3740,91.0,2244.1921696330737,55.0,2075.962203701061
3741,83.0,2132.656957306432,54.0,1986.5872372827446
3742,68.0,2011.0691944772427,59.0,2117.3421795824593
3743,76.0,2256.2767382021707,65.0,2204.811845946207
3744,69.0,2055.9120553401135,65.0,2193.5793596203184
3745,82.0,1949.7525015387455,57.0,2032.7496442769752
3746,72.0,2006.0594233055303,48.0,2092.779718851106
3747,85.0,2073.4136250510646,65.0,2034.2642065018251
3748,79.0,2062.8578124346823,61.0,2136.3337759372093
3749,66.0,1936.4521473576115,54.0,1997.9687797822635
3750,72.0,1961.5863846058528,51.0,2052.314171790173
3751,77.0,2149.599724909494,55.0,2221.396586885165
3752,69.0,2048.7759091759244,69.0,2093.5443467562304
3753,71.0,2006.9739335317774,51.0,2017.436744709922
3754,69.0,2013.772472081819,54.0,2032.536331420318
3755,82.0,2076.845437673952,46.0,2025.3583453037174
3756,78.0,1962.449008747291,58.0,2065.618818294477
3757,61.0,1903.868236119594,64.0,2153.860453713762
3758,65.0,2021.8537370501663,57.0,2143.8865278924354
3759,80.0,2084.2519958766147,52.0,2052.797815301095
3760,66.0,2125.0736131686235,58.0,1987.4139079545928
3761,89.0,2043.2052926880017,71.0,2300.344134510031
3762,65.0,1930.5674407939782,52.0,2013.1524924861315
3763,78.0,2065.2267274740952,52.0,2191.5279971828
3764,62.0,2013.5643648452585,56.0,2174.2058231359447
3765,79.0,2022.5294918855368,36.0,2047.80321759014
3766,85.0,2023.5660840598025,54.0,2066.3490845238616
3767,73.0,1946.096726300671,67.0,2142.7662718419188
3768,63.0,2067.1245322641757,58.0,2250.6794891054165
3769,60.0,1885.0928410038628,45.0,1948.177284857016
3770,87.0,2049.0203866151364,65.0,2066.2655803455623
3771,67.0,2114.5171905231873,64.0,2174.3011008093195
3772,75.0,1938.7014094631795,57.0,2301.4849678081855
3773,82.0,2068.556189537853,58.0,2148.825878824856
3774,74.0,2205.9854003089185,46.0,2016.4224673064593
3775,73.0,1987.8718086393608,46.0,2040.936202404186
3776,66.0,1927.087510976368,48.0,2015.8309629875098
3777,80.0,1916.686014977492,64.0,2080.6741990847404
3778,75.0,2083.0383511445402,54.0,2104.419172343965
3779,75.0,2040.0527553202621,67.0,2247.918042306631
3780,86.0,2034.204464449908,58.0,2149.044757225101
3781,65.0,1971.126477613941,58.0,2013.368508701889
3782,81.0,1958.3342518367645,58.0,2012.8902651531369
3783,90.0,2351.525674350091,59.0,2167.59134829823
3784,66.0,1930.3728811219419,64.0,2070.6908963909077
3785,85.0,2001.4579994520063,59.0,2066.498792449523
3786,68.0,2003.1649756343163,55.0,2061.099801752111
3787,87.0,2071.266458814976,53.0,2052.0237522169764
3788,70.0,1911.6912065368865,51.0,2081.8647832331026
3789,70.0,2111.011373471001,48.0,2072.2809200097186
3790,84.0,2298.3569565746693,58.0,2094.50538714183
3791,85.0,2058.958979696204,64.0,2158.5525598310096
3792,79.0,2126.914876215276,54.0,2172.713661214517
3793,80.0,2117.7253471864296,51.0,2087.392232943476
3794,80.0,1983.5767720074077,58.0,2094.497270584828
3795,66.0,1999.2314208442624,60.0,1997.8950419130026
3796,84.0,2082.3952405197924,53.0,2029.7849224841702
3797,76.0,1888.4241872372506,65.0,2130.686963887118
3798,66.0,1903.1127499557833,48.0,2059.934459871581
3799,75.0,2100.0646499197364,49.0,2173.6351488788114
3800,64.0,1885.6100806101635,57.0,2245.4638122172546
3801,70.0,2026.898625212987,69.0,2030.767001523517
3802,72.0,2018.5149987508635,54.0,2080.347335501897
3803,83.0,2023.0235258089324,59.0,2291.093748333629
3804,78.0,1983.0072503177696,60.0,2070.473624991426
3805,70.0,1918.9211393945448,55.0,1986.272323419222
3806,81.0,2175.563360362947,61.0,2157.8593209449996
3807,73.0,2105.0080377046816,51.0,2111.000812555296
3808,69.0,2008.8744339875077,68.0,2345.2907305626863
3809,70.0,2018.1224615835035,58.0,2096.486354487946
3810,86.0,2046.0774022129144,61.0,2025.536131966504
3811,67.0,2035.5562154071258,45.0,1988.2617197478428
3812,80.0,1957.588888252681,53.0,2036.308528156352
3813,71.0,2068.1610770725297,57.0,2054.479818363304
3814,86.0,2001.6626239033453,46.0,2042.832660045663
3815,85.0,2396.94851313675,48.0,2103.0019377818876
3816,71.0,1932.8615595453527,60.0,2078.1571531056184
3817,61.0,1963.540872108479,61.0,2059.714817806457
3818,84.0,2012.977428941518,41.0,1963.9734263420494
3819,62.0,1968.435438824344,62.0,2060.224711588019
3820,68.0,2008.2038300510667,62.0,2044.1442855365847
3821,85.0,2040.4210099468621,54.0,2026.4894805635936
3822,87.0,2158.0418088339484,62.0,2115.3936793174894
3823,73.0,2026.4486977787922,52.0,2130.516122254589
3824,72.0,2009.5014838362038,46.0,2062.6949714002144
3825,66.0,1936.267353720441,70.0,2313.094969429727
3826,71.0,2002.4031818603307,57.0,2101.4974600178034
3827,77.0,1985.97049994178,66.0,2310.350517319467
3828,81.0,2007.7234821896127,53.0,2092.980135765956
3829,71.0,2015.0544539827008,49.0,2062.3138014806086
3830,73.0,2032.6917542544645,57.0,2057.591697728213
3831,87.0,2099.741823789163,61.0,2053.9908155777534
3832,79.0,2028.9970327656347,60.0,2033.7290881495103
3833,70.0,1890.391104881955,55.0,2148.008810694455
3834,71.0,1994.208306791254,55.0,2096.5834268503245
3835,80.0,2012.9624128703306,55.0,2006.8088343546212
3836,72.0,2033.1017650683077,53.0,2015.0173666348162
3837,77.0,2074.078846028349,62.0,2036.905224669528
3838,69.0,1930.4026508795594,48.0,2067.0184200695435
3839,84.0,2033.8812962517788,54.0,2113.912307889186
3840,76.0,2107.8742146518193,57.0,2078.260568481008
3841,63.0,1938.828508740965,62.0,2057.1629436064377
3842,74.0,1879.0877231927805,68.0,2128.562159455054
3843,74.0,2147.472424848561,53.0,2228.19131560271
3844,88.0,2223.100284185776,51.0,2083.497393084511
3845,68.0,2069.701071907742,58.0,2035.7970413543326
3846,74.0,1940.5081884537196,51.0,2136.235991892053
3847,70.0,1907.9332437705307,52.0,1991.029137353889
3848,70.0,2031.9158914511336,53.0,2027.2755199319624
3849,99.0,2101.286462995583,50.0,2185.8901424869396
3850,80.0,2091.550222739316,61.0,2023.6213486345232
3851,84.0,2157.009922787564,50.0,2239.787016564011
3852,73.0,2006.236477707221,56.0,2176.0654506890887
3853,64.0,1966.0167912012714,56.0,2034.5484626894788
3854,76.0,1922.8388824677327,70.0,2053.5263316289697
3855,77.0,2049.059251513967,61.0,2151.9913484196622
3856,71.0,1991.580901297943,73.0,2084.815930272577
3857,79.0,2122.2740613289016,55.0,2096.0497691772985
3858,71.0,1967.7674266233469,49.0,2040.8171863893367
3859,82.0,2200.385123354425,56.0,2025.8397871735883
3860,67.0,1979.238183589083,57.0,2117.492909849387
3861,78.0,1963.359478450517,61.0,2173.028732121455
3862,74.0,1978.7119854291625,56.0,2185.2850899606574
3863,77.0,2038.492557713181,41.0,1991.6549522902665
3864,76.0,2082.2969305666065,52.0,2001.0633205052914
3865,83.0,2148.4417409174152,55.0,2084.7276532616725
3866,62.0,2008.8997054390466,51.0,2086.2654450739633
3867,63.0,2091.1642832930634,55.0,2109.6989401692795
3868,69.0,1951.0946224537886,50.0,2058.706765521671
3869,75.0,2053.593577642535,61.0,2104.998455553622
3870,86.0,1953.5103588122088,58.0,2123.9388909074223
3871,60.0,1892.0596191666168,57.0,2057.54547703239
3872,68.0,1897.5139942965452,62.0,2236.0028440448905
3873,72.0,2115.8229282576112,66.0,2123.1432045633296
3874,61.0,1900.7293505094894,65.0,2124.7707622439634
3875,83.0,2046.6084441403411,55.0,2052.9048720276214
3876,86.0,1982.1332995717846,53.0,2118.6241670727645
3877,72.0,2054.045190738963,52.0,2114.872009136495
3878,68.0,2004.318128447439,58.0,2162.528109457071
3879,69.0,1895.0718827475027,52.0,2119.878147991735
3880,53.0,1963.1081401233587,60.0,2165.170070282126
3881,75.0,1923.322737686021,44.0,2055.22966099133
3882,65.0,2102.7276218522397,52.0,2165.7971077944762
3883,73.0,2072.9165336889255,48.0,2111.881524263427
3884,66.0,1993.5700736776232,59.0,2167.347603107332
3885,70.0,1914.0128506842234,55.0,2117.1580296424627
3886,68.0,1949.5849476314029,55.0,2145.601667955846
3887,70.0,1920.2696268295065,56.0,2165.719227969762
3888,74.0,1973.8077443224,49.0,2148.7565770676238
3889,76.0,2039.2714220190535,50.0,2051.2565815234398
3890,73.0,1959.959116259855,54.0,2064.440759543619
3891,79.0,2039.4330745717457,58.0,2086.8533095864004
3892,86.0,2129.4089987499924,57.0,2043.9708966415346
3893,85.0,2050.0867635337927,56.0,2071.1706289416534
3894,79.0,2110.2905752464158,53.0,2048.752127626246
3895,79.0,2046.2837309807537,54.0,2088.2030841446835
3896,72.0,1996.5780519587634,51.0,2181.7203139019716
3897,62.0,2007.5431715359362,44.0,1996.0408437975118
3898,82.0,1910.2601294352987,61.0,2199.7169537114346
3899,60.0,1939.7310955599812,70.0,2130.5918204060295
3900,70.0,2035.172864450117,49.0,2130.651604147913
3901,68.0,2053.9617535167486,66.0,2174.916937120739
3902,68.0,1951.5653783940963,56.0,2046.953517043219
3903,82.0,2043.4227325018464,64.0,2103.9579145760426
3904,81.0,2015.1130293525277,52.0,2073.2082985159795
3905,79.0,2023.88528824216,57.0,2030.616622464539
3906,76.0,1940.0631668402375,55.0,2130.7416919599436
3907,54.0,1809.4966203745441,49.0,2088.4242772033604
3908,76.0,2001.7122721416793,51.0,2217.7665723931827
3909,90.0,2009.5197952261806,54.0,2109.160906582062
3910,70.0,1914.636794777216,61.0,2064.2508992799553
3911,77.0,2054.3945163682542,44.0,1970.8356758139514
3912,77.0,1965.2659386801304,62.0,2121.669759705063
3913,80.0,2227.8680815848265,55.0,2122.756645064618
3914,61.0,1835.2639617472232,50.0,2015.1238899385319
3915,71.0,2027.6285931547648,52.0,1970.121307832985
3916,78.0,2089.092646045301,58.0,2180.599116191769
3917,74.0,1850.1680934173073,57.0,2109.029619078799
3918,67.0,2104.08041600493,61.0,2120.903589922811
3919,76.0,2209.491815511133,50.0,2068.7437942942424
3920,73.0,2138.2048640291855,62.0,2215.7579007963277
3921,67.0,1893.3018048978274,59.0,2099.2820265305513
3922,63.0,1988.2808147971448,52.0,2040.5037338353893
3923,68.0,1960.1451343793617,60.0,2093.975203237392
3924,66.0,1975.8903715044576,54.0,2139.46579672889
3925,71.0,1974.9819486761005,58.0,2220.9215984647403
3926,71.0,1998.9197844600646,54.0,2097.4616854286337
3927,89.0,2000.481071403352,50.0,2182.800194891236
3928,85.0,2071.9897608773963,50.0,1997.4759106516344
3929,71.0,2050.3936929730116,50.0,2077.7943981834583
3930,86.0,2074.675375809268,47.0,2091.1214806499584
3931,68.0,2042.194494879186,60.0,2157.450409341973
3932,59.0,1854.6843038976774,55.0,2143.724592584003
3933,90.0,2134.327329885877,60.0,2171.1137068233134
3934,72.0,1987.3344838594721,50.0,2050.3577497705296
3935,65.0,1971.8139894183041,41.0,2006.2831332831427
3936,58.0,1963.9065419727078,44.0,2000.2610999326198
3937,68.0,1894.1941141991506,72.0,2085.434456307037
3938,78.0,2067.4071617048953,61.0,2158.213133225133
3939,80.0,2112.994409135199,62.0,2041.9676940089305
3940,65.0,1981.9110126693058,39.0,1988.1886779591762
3941,81.0,2008.3826816464355,59.0,2123.9441816918006
3942,62.0,1955.3664913517212,58.0,2058.957439200104
3943,76.0,1968.1542776623196,55.0,2287.710636428137
3944,78.0,1948.9281231889677,75.0,2151.710118057676
3945,65.0,1933.2848207318307,50.0,2083.1571303850947
3946,59.0,1875.8980277432509,61.0,2085.7704514886486
3947,71.0,1942.2187103637143,48.0,2039.9314725160993
3948,80.0,2065.5744835618775,39.0,2054.2084160783743
3949,65.0,2047.7930635343203,53.0,2108.528170074213
3950,68.0,1930.0894520016493,60.0,2066.9086487347436
3951,72.0,1980.6746972586798,51.0,2177.7041216772814
3952,79.0,2088.07404629803,70.0,2186.684528542185
3953,66.0,2027.3953102416656,53.0,2186.685116650238
3954,80.0,1962.071917496792,64.0,2204.0832187710766
3955,70.0,2051.884900336513,60.0,2091.605448388799
3956,88.0,2100.0544121503217,54.0,2048.61604179143
3957,69.0,1919.4879182949912,59.0,2096.184217641115
3958,73.0,2016.206830611326,57.0,2003.1261689611467
3959,72.0,2120.490958925077,51.0,2036.2909812033163
3960,63.0,1917.1861178384163,57.0,2192.2537290589553
3961,79.0,2190.8884684680097,54.0,2032.6367021956228
3962,76.0,2034.612435758834,58.0,1996.0266083626702
3963,69.0,1926.4996551770207,68.0,2185.989159921536
3964,82.0,1929.5845714985853,60.0,2097.4100020160354
3965,75.0,2091.4015287649822,51.0,2150.7151530575
3966,69.0,1888.13441557505,60.0,2045.2011083777893
3967,78.0,2048.2388155364793,49.0,2129.1554494469015
3968,78.0,2243.963237495241,49.0,2093.4183201706164
3969,80.0,1964.3287544117588,63.0,2196.093412101996
3970,72.0,2226.8649545064063,71.0,2241.131095570507
3971,68.0,1961.7588631169122,69.0,2169.444757772383
3972,79.0,2003.7358934635736,61.0,2250.3117431512255
3973,88.0,2031.2279891193252,49.0,2089.463106580698
3974,62.0,2089.2108749133045,45.0,2184.879778361184
3975,65.0,2029.2205204639602,51.0,2019.1361648980437
3976,72.0,2088.6122140932916,59.0,2007.1069533027148
3977,78.0,2009.985039737106,56.0,2148.2706269381297
3978,86.0,1979.063744803148,65.0,2109.832813814004
3979,63.0,1820.9444649456996,46.0,1999.2934664630498
3980,63.0,2035.6492870001186,52.0,1995.6436089273259
3981,72.0,1933.9953086522794,70.0,2075.0685800637966
3982,62.0,2007.954382627221,52.0,1971.1290589564455
3983,79.0,1990.5384209055412,43.0,2179.153197088009
3984,59.0,2028.983020017822,61.0,2093.897091413976
3985,66.0,2008.8169512430454,58.0,2334.1958209674017
3986,77.0,2011.2954833591184,49.0,2071.7300578136565
3987,61.0,2050.7688710990806,63.0,2389.1132341527373
3988,74.0,1968.5359801218872,51.0,2021.8803105390994
3989,78.0,2030.6095312348612,52.0,2000.5907676740037
3990,84.0,2396.5392490380186,57.0,2193.2742287272226
3991,77.0,1953.0826150972996,40.0,2010.1418172206347
3992,84.0,2037.2195144647603,55.0,2066.3943526840817
3993,81.0,1972.9338315739476,52.0,2161.223144778275
3994,72.0,2018.0277840425938,57.0,2317.62201525323
3995,85.0,1978.295250974814,50.0,2066.7191150468393
3996,70.0,1995.979728134262,57.0,2224.850851568138
3997,77.0,1982.0136783804958,58.0,2128.155049544155
3998,83.0,1977.5126332452503,58.0,2135.2616983152643
3999,72.0,2021.885946518578,56.0,2153.3440249719533
4000,79.0,2022.4316417861496,49.0,2175.3322392483146
4001,74.0,2009.7672993813887,54.0,2082.084398497843
4002,72.0,1957.4832428428222,54.0,2095.2013085484687
4003,79.0,2119.81940792705,55.0,2120.0876366661573
4004,61.0,2052.6746696444793,60.0,2159.7454585689497
4005,81.0,1919.105266352616,63.0,2042.0363827567578
4006,74.0,1940.0983321053254,58.0,2187.3594978620586
4007,78.0,1958.5375251056525,45.0,2007.6353957497734
4008,70.0,1983.931472228097,64.0,2080.3953041253603
4009,72.0,1944.7442301825033,58.0,2040.234223958006
4010,73.0,2060.745006311944,56.0,2063.789401467317
4011,71.0,1983.1779816605915,55.0,2058.206726658088
4012,75.0,2023.4293343012562,43.0,2224.0181522114467
4013,86.0,2024.1997596521708,57.0,2217.3427056353094
4014,82.0,2112.3261938294877,55.0,2050.14621100213
4015,84.0,2066.8945464360695,61.0,2142.22829185006
4016,64.0,2009.5463137382937,59.0,2060.983182773493
4017,65.0,1949.1588603754726,58.0,2130.192952850153
4018,69.0,2029.2953284724047,52.0,2212.893242983686
4019,78.0,2116.1590131255607,56.0,2102.369659978793
4020,83.0,2015.8508208605085,49.0,2193.7314102835376
4021,68.0,1950.583438702783,62.0,2054.389278164298
4022,83.0,1953.448673202381,62.0,2103.1773725103935
4023,90.0,2202.227626759537,56.0,2162.175474106429
4024,79.0,2155.2482185774657,67.0,2171.249966515028
4025,82.0,1975.6312264361297,45.0,2012.7199776411949
4026,70.0,2120.8668581445645,64.0,2206.2481026789283
4027,74.0,1897.3103639183958,61.0,2098.709153275759
4028,63.0,2059.601788620547,50.0,2017.043949110486
4029,72.0,1970.1584047647973,57.0,2122.7492554176765
4030,65.0,2013.6818334359564,63.0,2075.417158592648
4031,71.0,1938.2693877110626,45.0,2065.64886913469
4032,67.0,1919.2867234634186,69.0,2209.385589452167
4033,70.0,2024.7129966540037,62.0,2126.262311483265
4034,73.0,1970.5057183934268,59.0,2095.6684412709164
4035,64.0,1925.861294515872,49.0,2230.580071625637
4036,60.0,1966.5899870009175,51.0,1994.8042348995923
4037,81.0,2067.1113165409947,44.0,2069.43789229711
4038,76.0,2001.9239859355553,49.0,2050.9020908961857
4039,73.0,2083.274264300995,50.0,2106.799114264005
4040,75.0,2014.121095840709,50.0,2115.109186875637
4041,70.0,2075.2215776442945,58.0,2095.1649285462217
4042,84.0,2022.7957395586773,64.0,2124.102679443571
4043,64.0,1937.1719922794491,55.0,2064.565624296994
4044,68.0,2029.0297600254005,74.0,2130.1386580868816
4045,65.0,1951.982664255979,55.0,2126.6538446643244
4046,79.0,2228.6187890615292,60.0,2070.341428667766
4047,81.0,2143.96213947391,68.0,2129.7966790557266
4048,88.0,2219.283663807676,58.0,2017.7152621967928
4049,75.0,1981.1467398216307,54.0,2014.705346114835
4050,73.0,1960.425226614313,59.0,2107.8731380084646
4051,73.0,1955.567927093241,47.0,1964.3081253107523
4052,70.0,1888.4015162787296,56.0,2058.8776100893506
4053,76.0,2075.1633712208713,49.0,2081.3549788733926
4054,79.0,1955.5703875429592,59.0,2131.8611215961573
4055,72.0,1998.4172350643153,45.0,2068.3317486267892
4056,56.0,1991.8604754147646,59.0,2181.5775045318424
4057,77.0,2019.3076831386504,54.0,2175.1422080511197
4058,85.0,2138.9212947623755,48.0,2145.0860882119277
4059,78.0,1965.4816669044724,55.0,2017.9715951883013
4060,65.0,2003.753097939216,58.0,2059.5139437871453
4061,70.0,2042.4700007109896,62.0,2262.087421601137
4062,63.0,1907.0434064462484,42.0,2045.3376126006767
4063,78.0,2002.1029642703495,56.0,2084.166912186767
4064,78.0,1965.6602062782772,54.0,2121.4474971681248
4065,76.0,1898.2382038769044,50.0,2029.4729972778232
4066,67.0,1922.7995391869351,70.0,2237.9047057963003
4067,66.0,1970.6873764785144,61.0,2087.198987585319
4068,70.0,1915.4618490843275,50.0,2196.574391570636
4069,66.0,1934.0208756288066,64.0,2163.115174942793
4070,60.0,1955.9749086831932,56.0,2039.7443708841643
4071,76.0,2175.3547229982055,58.0,2029.1284155837827
4072,82.0,2037.2299772268505,58.0,2092.9421109731884
4073,61.0,1944.0021425170305,55.0,2090.200730595943
4074,74.0,1899.844064347225,51.0,2074.845404325248
4075,78.0,2066.9015955998407,48.0,2035.607144577302
4076,77.0,2019.3472717595707,61.0,2147.6746635237046
4077,67.0,2113.72028327736,61.0,2221.4093520448882
4078,70.0,2048.29308235188,63.0,2079.421424940627
4079,77.0,2145.3513700424514,61.0,2340.6151576970965
4080,76.0,1990.7628273683722,55.0,2033.3707321148675
4081,75.0,2039.4831331358357,61.0,2047.4068788764305
4082,80.0,2121.643949717977,51.0,2151.031220039789
4083,79.0,2080.405128651076,55.0,2154.9532534366895
4084,61.0,2006.7591911999134,44.0,2094.9937349067577
4085,66.0,1992.8354428691837,55.0,2087.3777257233205
4086,75.0,1982.3505588516305,51.0,2048.9481282594525
4087,72.0,1945.781995131809,47.0,1984.628807688634
4088,70.0,1948.3311184073136,48.0,1987.4379082229066
4089,68.0,1929.873139241698,53.0,2041.483334859756
4090,77.0,2034.7101095696062,63.0,2083.544694463175
4091,83.0,2025.8054832372866,58.0,2105.5222383472073
4092,66.0,1998.6951909638046,58.0,2051.379388712689
4093,82.0,2007.224162017317,49.0,2037.0854046447505
4094,75.0,2040.4167915364055,54.0,2091.0303808334425
4095,71.0,1945.9291420435402,59.0,2143.629381313414
4096,69.0,1979.9483705412003,48.0,2046.6903081760845
4097,83.0,2236.224068841332,59.0,2108.876781884456
4098,80.0,1918.0368107605982,53.0,2166.0871940751035
4099,79.0,1954.4146777610242,43.0,2296.834594386774
4100,84.0,2045.372663797318,38.0,1960.3678613425632
4101,84.0,2221.2352221593264,52.0,2007.6928912205017
4102,76.0,1996.713120344096,49.0,2109.642322013027
4103,73.0,1986.8052581898946,65.0,2187.9470734815945
4104,77.0,1979.0354539519803,56.0,2114.9663470163505
4105,86.0,2203.6594369037302,57.0,2143.6265217527025
4106,70.0,1878.4704111453664,52.0,2083.010654922442
4107,80.0,1984.5383166592007,61.0,2129.903407694641
4108,60.0,2047.0660873191669,62.0,2276.1128382738657
4109,66.0,1940.7900936661376,61.0,2074.9120760625333
4110,65.0,1938.8846052543554,60.0,2140.4847970201986
4111,65.0,1952.8802008331088,48.0,2050.0974538499545
4112,81.0,2154.6307248172175,56.0,1998.986603826687
4113,79.0,2022.4291901637027,60.0,2139.491687316296
4114,74.0,1940.4869376645731,60.0,2105.8917334373973
4115,73.0,2066.2521808294678,65.0,2164.8169106880687
4116,71.0,1970.9126619733142,56.0,2130.832436877563
4117,72.0,1914.0657506162072,54.0,2071.340777817383
4118,82.0,2074.878506980653,62.0,2227.554847165065
4119,82.0,2152.170954066887,55.0,2040.9556911154455
4120,62.0,2003.6475496976925,51.0,2198.024512909468
4121,87.0,2017.38060194222,50.0,1999.2618844340302
4122,73.0,1961.200919475212,52.0,2178.9343986683484
4123,65.0,2068.386682103031,62.0,2031.429837008666
4124,75.0,2071.3685163009222,51.0,1960.5780279027556
4125,70.0,1966.0885226740656,52.0,2061.339832246404
4126,58.0,1909.1124763398968,66.0,2077.4410973182253
4127,75.0,1991.9066895242631,59.0,2231.269289016583
4128,73.0,2163.988002424813,49.0,2069.165958637098
4129,71.0,1999.7050289362026,54.0,2058.9090627426726
4130,75.0,2007.1516472805215,44.0,2070.2597965123114
4131,76.0,2048.031243552039,56.0,2157.261147013034
4132,59.0,1976.3843647449846,52.0,1994.6169995413995
4133,71.0,2149.9063897564192,51.0,2045.8383379444765
4134,76.0,1956.6593512212016,55.0,2277.6194015225615
4135,66.0,1951.2541208956623,54.0,2103.2405825231604
4136,73.0,2025.5572032472437,49.0,2164.0786722995235
4137,87.0,2086.401880669832,54.0,2061.8622572207682
4138,80.0,2167.1091246557194,60.0,2152.623267786102
4139,68.0,1991.8969663402943,50.0,2150.9688625147887
4140,77.0,2005.2965034663132,58.0,1959.2727488008911
4141,67.0,1969.0926866746163,44.0,2128.737697196584
4142,82.0,2214.236272845301,52.0,2104.027675462142
4143,68.0,1971.4183218842622,55.0,2091.5146679899867
4144,59.0,1865.456558559583,60.0,2061.1301755949576
4145,67.0,1985.021530918301,53.0,2048.41524663104
4146,65.0,1934.7195834611525,65.0,2258.4639027341573
4147,67.0,1853.842681462613,67.0,2178.8704306811096
4148,76.0,1954.1129421853973,57.0,2176.74031584559
4149,66.0,1982.1210146484525,54.0,2191.8727929976685
4150,72.0,1974.4714552431133,57.0,2186.7945892627536
4151,66.0,2203.9500421188227,50.0,2010.3817759336848
4152,65.0,1855.1628179502643,62.0,2189.1990019690716
4153,82.0,2159.710405153517,63.0,2120.210211188253
4154,68.0,2016.4612229801792,44.0,1985.421101972502
4155,79.0,2160.432729771724,44.0,2065.667157145298
4156,72.0,2065.378715215567,66.0,2128.0238433650543
4157,76.0,2027.3765666521333,38.0,1947.8718484901003
4158,70.0,1970.475243285648,57.0,2037.086841973741
4159,62.0,1933.125204822109,66.0,2265.546482917352
4160,69.0,1927.5417933681179,59.0,2148.081906671865
4161,90.0,2010.0598240720926,46.0,2256.1854309715873
4162,80.0,2055.762947952628,48.0,2062.7115890392
4163,70.0,2052.844678890046,54.0,2105.8673872989157
4164,78.0,2000.4245535828761,54.0,2001.289153446324
4165,77.0,2045.3159174742254,40.0,2055.7127279151787
4166,77.0,1978.9549604294377,65.0,2130.072781440384
4167,75.0,1883.5187993172863,53.0,2061.366905109095
4168,65.0,1824.194638705786,56.0,2099.134482557236
4169,76.0,2004.3757897435485,61.0,2092.9456198502144
4170,68.0,2006.239342145717,55.0,2237.1068036625747
4171,82.0,2013.1405639215398,57.0,2005.4803065735143
4172,61.0,1864.362649147225,46.0,2139.9447903257674
4173,76.0,1885.9512101519128,59.0,2224.384118216647
4174,79.0,2041.3226049069558,61.0,2052.2325090546187
4175,82.0,2067.3873215249805,62.0,2035.3869903341863
4176,74.0,2177.590520798082,63.0,2043.9253418888047
4177,85.0,2011.6991050355568,51.0,2071.8768378422164
4178,79.0,2049.4867294497944,45.0,2073.1841301582376
4179,73.0,1973.0827491716643,54.0,2054.4670460432303
4180,56.0,2203.9106466730204,58.0,2116.7815862989555
4181,78.0,2007.0560700719298,52.0,2071.178823193434
4182,73.0,1955.2031323886579,54.0,2048.7594811396216
4183,78.0,2081.154199527632,54.0,2071.3597465376624
4184,66.0,2033.4704923232928,63.0,2158.164879837902
4185,64.0,1918.562032018322,62.0,2170.951799265196
4186,68.0,1937.399538250048,40.0,1989.6207366887813
4187,54.0,1950.1498215587421,41.0,2111.9471472820383
4188,78.0,2017.27844632852,59.0,2073.46081735816
4189,63.0,2019.0274396916082,54.0,2051.7355644832105
4190,67.0,1998.7092884741128,66.0,2161.1917635793247
4191,61.0,2026.979077155584,49.0,2098.1919224496814
4192,65.0,1942.3705464022132,47.0,2023.7550374075647
4193,74.0,1961.1380001073335,58.0,2145.4320854762354
4194,68.0,2075.591448440386,50.0,2083.524931702367
4195,69.0,1991.9228485657668,49.0,2070.4460545767306
4196,80.0,1989.6821678291487,54.0,2152.6998483275565
4197,74.0,2011.4516997093194,73.0,2214.3822160514737
4198,73.0,2105.7722922083667,62.0,2196.469642594135
4199,69.0,2020.4178029842333,63.0,2228.7509928855106
4200,90.0,2156.208254723252,68.0,2175.206539945602
4201,85.0,2000.3991531496022,47.0,2061.099190181284
4202,62.0,2036.9328911324071,45.0,1961.0031473107188
4203,65.0,1875.9570314857954,72.0,2215.5628824644205
4204,62.0,2065.6736972248286,54.0,2016.1101674400973
4205,78.0,2055.9664626697786,60.0,2104.4269510679064
4206,101.0,1978.1363383566202,64.0,2193.943069593788
4207,71.0,1987.1780759576714,49.0,2222.695398871802
4208,84.0,2126.410523556879,43.0,1959.3796628310058
4209,66.0,1913.7098576626547,55.0,2051.9183588302017
4210,80.0,2069.033151237955,49.0,2019.1773536053245
4211,75.0,2025.767998805607,57.0,2032.4035772910038
4212,69.0,1951.8765262258346,54.0,2150.050204808265
4213,81.0,1989.274791483607,53.0,2087.8641076819017
4214,71.0,1948.7957938152363,56.0,2120.689644457648
4215,71.0,1897.6007312847692,56.0,2057.703098974264
4216,76.0,1904.3259645921464,45.0,2105.3164042137946
4217,76.0,1967.3716950251978,56.0,2056.34436724102
4218,84.0,1982.7317444970176,64.0,2211.937938705472
4219,71.0,1910.6063253221669,57.0,2088.7494508679924
4220,76.0,1935.8853551809584,47.0,2066.2660695804702
4221,87.0,2091.728354640905,51.0,2047.1882622421917
4222,74.0,1975.5898666992357,55.0,2053.69956531621
4223,65.0,2104.948408580572,52.0,2016.1127477503608
4224,60.0,1909.9017859746855,54.0,2103.8483590672186
4225,87.0,2091.9377728833792,50.0,2156.4670907661643
4226,67.0,1948.2107507295848,58.0,2078.499636699298
4227,77.0,2139.463866259911,52.0,2052.000433160365
4228,73.0,1960.5101325340208,39.0,1985.171602947398
4229,81.0,2138.5195102324346,51.0,2019.5319847095145
4230,62.0,1988.63836845238,62.0,2194.7076545425734
4231,65.0,2063.875554762859,67.0,2227.544804967845
4232,73.0,1933.4546235514354,52.0,2073.7073391604285
4233,65.0,1879.015198206758,58.0,2091.913601140426
4234,69.0,2044.5795558820705,59.0,2193.640708444129
4235,70.0,1998.2550273373167,53.0,2235.275464097557
4236,78.0,2070.8502907559778,53.0,2128.6069783400985
4237,81.0,1936.2128206459395,46.0,2212.1999562736655
4238,71.0,1919.4855540722856,58.0,2149.0092475803335
4239,71.0,1969.3602384565365,50.0,2047.3044596857806
4240,78.0,2022.8734053929813,54.0,2215.305568661017
4241,66.0,1942.5406628484575,66.0,2100.7041883252155
4242,80.0,1982.6196450304337,50.0,2015.990391885129
4243,65.0,2068.5561937218317,60.0,2305.535491928889
4244,84.0,2015.0881963552658,58.0,2299.003932807294
4245,83.0,1960.1782876603477,57.0,2106.216261799102
4246,62.0,2158.1861703560594,60.0,2115.17230115574
4247,90.0,2037.7345949680043,51.0,2199.399339268815
4248,69.0,1959.6344379830412,58.0,2111.0333872441643
4249,77.0,2178.478676928531,57.0,2058.800920461403
4250,79.0,1970.9356095994638,60.0,2172.308776776412
4251,71.0,2023.0304448216593,57.0,2056.13647105785
4252,67.0,1908.1332554126043,55.0,2254.483166424457
4253,70.0,2040.278806768588,57.0,2185.221637411452
4254,76.0,1946.7017787316183,51.0,2081.414279786055
4255,66.0,2059.446416437555,55.0,2212.6895056486314
4256,80.0,2024.4568729883952,59.0,2136.7141204628624
4257,98.0,2129.3589903373127,56.0,2136.9802523471512
4258,84.0,2016.142912634593,62.0,2046.8653599636757
4259,78.0,2059.567000465403,39.0,1940.629515654874
4260,72.0,2083.4454055407573,47.0,2054.7945831038696
4261,66.0,1977.4185612832257,57.0,2262.7452996275515
4262,89.0,2152.8103669640877,50.0,2096.1882905890348
4263,68.0,1930.8235697156817,50.0,2096.6789364076667
4264,77.0,2089.788889406726,45.0,2040.366242870817
4265,71.0,2084.3885248453576,59.0,2140.8263758256467
4266,69.0,2027.0753425862501,52.0,2085.182941427188
4267,65.0,2080.887550315755,58.0,2185.7040335007855
4268,64.0,1888.8899490935476,48.0,2071.82221823162
4269,68.0,2055.7981046586406,54.0,2015.9209958491447
4270,75.0,1898.9835834781654,55.0,2122.8881116424427
4271,77.0,1902.7241906516613,54.0,2095.9803595683034
4272,72.0,2082.384159326435,46.0,2084.2839694647178
4273,60.0,2079.3074455268516,55.0,2202.8481673822407
4274,70.0,2001.6955275440894,61.0,2006.6338335418216
4275,75.0,2007.6897672902398,60.0,2149.9369232730064
4276,79.0,2045.2596131158728,61.0,2158.542314426114
4277,81.0,2026.9026543338484,50.0,2029.7603716628792
4278,71.0,2146.367922632488,62.0,2091.1805445253076
4279,85.0,2127.1501897445023,48.0,2182.452385228346
4280,64.0,2004.2693852962327,60.0,2191.0302881314524
4281,71.0,2000.6544090529262,64.0,2113.0093916291867
4282,81.0,2025.8984946351752,55.0,2032.324301653128
4283,64.0,1962.7568531014172,56.0,2228.838483250002
4284,65.0,1944.4497423303806,60.0,2181.8973830569353
4285,82.0,2084.752154763669,65.0,2156.899208612976
4286,74.0,2050.858842472704,64.0,2088.6189478324277
4287,73.0,1986.6019890361117,57.0,2084.373459499861
4288,70.0,2161.0123335735534,55.0,2078.8768368997908
4289,71.0,2000.1503921698913,61.0,2151.5271475168006
4290,78.0,2134.714244950434,57.0,2102.4968872202985
4291,80.0,1977.774097183647,67.0,2115.503121190922
4292,70.0,1966.9121093913132,46.0,2124.1083172273948
4293,81.0,1983.4358133173207,55.0,2120.5345070587664
4294,72.0,2039.9352797058557,57.0,2070.0002122089113
4295,71.0,1955.934964074977,57.0,1999.5835233455316
4296,67.0,1966.9169172540096,62.0,2142.6819633182736
4297,65.0,1906.1514347992413,51.0,2062.708150841611
4298,77.0,2034.0581224346026,58.0,2160.856931364296
4299,58.0,1808.0110484769637,51.0,2009.5007408422935
4300,76.0,2088.1149452513623,50.0,2190.2730406806413
4301,61.0,1945.199920921441,58.0,2029.5357555126923
4302,74.0,2127.2124044372695,56.0,2142.660083446219
4303,54.0,1927.85122412743,49.0,2034.5207006355793
4304,72.0,2087.192548092121,63.0,2076.2974878224286
4305,78.0,2103.7390180843677,47.0,2065.2160547739795
4306,76.0,2023.9380898102152,60.0,2148.49136221356
4307,77.0,2008.2162499925016,56.0,2149.6276814017515
4308,79.0,1982.2824770721936,50.0,2140.124924244125
4309,75.0,2017.6078963495945,56.0,2046.0325761726267
4310,73.0,2010.8591233692882,60.0,2179.478849740397
4311,63.0,1932.8393852269319,52.0,2033.2735299291874
4312,80.0,2063.577257565383,52.0,2036.3515589157785
4313,78.0,2051.3286515893487,49.0,2004.8035178161713
4314,82.0,1990.5056361943514,59.0,2136.9935311838512
4315,89.0,2027.4605153655866,60.0,2125.581147485843
4316,74.0,1927.5151093276022,57.0,2314.089754310958
4317,75.0,1925.4042948294616,52.0,2061.5866240933524
4318,76.0,2048.278014230872,62.0,2090.175389024311
4319,71.0,1932.1771035243426,46.0,2090.956081715139
4320,61.0,1912.3833275932527,54.0,2222.428449132916
4321,74.0,2169.549501266492,53.0,2189.5438892374177
4322,81.0,2211.177454738176,73.0,2142.3918303417854
4323,71.0,1961.7182291918716,49.0,2049.532122216995
4324,79.0,2122.7823711843157,49.0,2049.4388948858696
4325,81.0,1960.7558493603642,56.0,2109.4933329626742
4326,69.0,2115.576247019214,46.0,2042.3718169479807
4327,76.0,1906.6435839375154,50.0,2143.1971670835596
4328,74.0,1986.034196469044,57.0,2415.7354693866505
4329,64.0,1959.3126493576492,62.0,2084.698458773783
4330,90.0,2085.4683252668237,53.0,2042.9498478444505
4331,87.0,2148.4024472192013,62.0,2043.1677105498848
4332,80.0,2034.0482030251403,53.0,2098.4411415754926
4333,87.0,2043.5051876417194,62.0,2095.9579048825394
4334,76.0,2067.6174976802486,47.0,2124.8375932137233
4335,71.0,2044.4616605895515,71.0,2106.6357520882916
4336,59.0,1841.1517879256041,63.0,2111.875278677487
4337,62.0,2057.815165278523,52.0,2097.063233830216
4338,76.0,2150.5996845749337,59.0,2121.8855310250065
4339,72.0,1974.2758343030698,55.0,2112.675096216727
4340,73.0,2145.609528674932,54.0,2059.325072961991
4341,83.0,1988.092005047162,49.0,2099.02618413222
4342,70.0,2058.3681442813872,51.0,2028.5310411477415
4343,61.0,2139.280569137792,47.0,2220.7542705669957
4344,66.0,1928.5108976254303,48.0,2443.057737161323
4345,75.0,1969.9810630582876,60.0,2116.155542951692
4346,76.0,2063.1354137984417,59.0,2203.398063069454
4347,76.0,1969.1826742104754,65.0,2186.1392147812157
4348,70.0,1990.2197750869004,57.0,2143.451768504751
4349,82.0,2107.561767330613,58.0,2050.968085362841
4350,60.0,1966.965850312055,58.0,2086.846850109195
4351,68.0,2016.8281323680203,62.0,2107.3193291888097
4352,72.0,2106.7720017682627,45.0,2023.8385427954163
4353,71.0,1913.9778263978428,58.0,2079.0761290630676
4354,72.0,2016.5950278484243,53.0,2007.8138064866507
4355,75.0,2124.644493624173,68.0,2248.8451162665115
4356,74.0,2083.501658024023,61.0,2078.582271168783
4357,79.0,2002.9499548233507,60.0,2088.3917189328668
4358,71.0,2095.3452004546934,55.0,2044.98811191364
4359,73.0,2004.1239046935311,75.0,2127.778154467702
4360,77.0,1997.8130446608839,51.0,2131.7029564039394
4361,78.0,2009.832913916677,59.0,2101.1476876676757
4362,64.0,1877.3103128322143,47.0,2063.0202051933297
4363,75.0,1917.801230998158,46.0,2101.9933082648595
4364,61.0,1947.9584119640674,44.0,2098.927710160388
4365,83.0,2121.4278380300525,48.0,2211.172135007441
4366,82.0,1996.011187861661,59.0,2204.6334966299023
4367,87.0,2026.569105936996,44.0,2184.0762790122494
4368,63.0,2013.478415263137,50.0,2150.613715037438
4369,63.0,2017.9589559312396,47.0,2214.000526244679
4370,76.0,1947.7787583815518,54.0,2136.506219877725
4371,75.0,2011.1001343217063,64.0,2203.8908306813732
4372,71.0,1986.4060036367905,58.0,2071.3202555189873
4373,73.0,2020.04360611894,55.0,2063.3835902294904
4374,89.0,2083.7088085859477,61.0,2205.077891917184
4375,67.0,2011.4728092680896,55.0,2098.0893748017543
4376,69.0,1916.3124923044531,46.0,2185.5618994748907
4377,72.0,1953.1854984385616,58.0,2153.9174206919115
4378,75.0,2089.8113147484287,51.0,2047.0352575419877
4379,74.0,2038.9940499414442,59.0,2047.6394300485838
4380,71.0,2062.638626366359,56.0,2064.079208050642
4381,55.0,1977.5504037964565,66.0,2241.3086770505056
4382,77.0,2040.6799289732312,49.0,1996.4246158199774
4383,83.0,1973.6778064888297,61.0,2049.1135836388694
4384,72.0,1979.2087984282207,55.0,2248.568315007246
4385,56.0,1922.6172708159907,58.0,2072.8329141567124
4386,69.0,1991.911584772698,67.0,2042.3675431201711
4387,64.0,2142.63765323493,54.0,2234.441941019552
4388,66.0,1917.0650901016513,52.0,2046.2421162661487
4389,75.0,1979.418068600686,49.0,2144.6602352932027
4390,73.0,2095.3911220653004,62.0,2297.3474366063588
4391,78.0,2013.089274288818,47.0,2028.5009448125688
4392,73.0,1974.8111078564218,57.0,2174.5169609181603
4393,79.0,1901.5434155398564,38.0,1983.6685998497383
4394,71.0,1969.581867161449,66.0,2417.03400967368
4395,67.0,1990.2555930320764,38.0,2204.25565125496
4396,76.0,2006.010302963161,49.0,1999.7771826425194
4397,69.0,1913.0575097402923,61.0,2078.9222143947254
4398,68.0,2047.2976056206846,47.0,2045.6109928751323
4399,67.0,1925.5258622290503,49.0,2283.7300912910964
4400,69.0,1863.0435650795728,56.0,2251.8557616855983
4401,72.0,1995.6785960841626,56.0,2089.68615507972
4402,80.0,2033.0195287256183,50.0,2201.061947897791
4403,75.0,2020.2317035827114,53.0,2087.796800726179
4404,71.0,1962.2673519546988,54.0,2069.520622523641
4405,80.0,2016.0484832096113,49.0,2183.224942350073
4406,64.0,1927.965629890583,42.0,2038.784125514788
4407,68.0,1918.4440298522634,56.0,2037.4259985559481
4408,79.0,2022.6613565750565,48.0,2057.3552162819487
4409,80.0,2134.3025583758717,61.0,2114.327165053931
4410,80.0,2079.2452663990766,64.0,2147.222732131252
4411,72.0,1988.7384864319777,51.0,2194.125494743231
4412,74.0,2073.9564018621713,54.0,2036.1952588508063
4413,65.0,2127.4824910585903,70.0,2090.6490474379707
4414,70.0,1964.1132424552054,62.0,2237.267881478337
4415,74.0,2038.9428128289708,64.0,2182.8213233003767
4416,76.0,2178.5959506084546,56.0,2078.62784546618
4417,77.0,2027.9841176593231,57.0,2127.924754078349
4418,79.0,2263.6578169497575,60.0,2065.6707593778046
4419,62.0,1842.0209285243473,56.0,2089.2166691438265
4420,82.0,1974.256947628526,53.0,2253.0549658627197
4421,65.0,1985.1249505466526,60.0,2023.0278903631763
4422,80.0,2052.018042741305,54.0,2071.8825741975284
4423,76.0,1970.1439842063535,63.0,2070.5156114113006
4424,77.0,1892.64071965112,71.0,2107.1208088589674
4425,72.0,1925.5344034601771,47.0,2203.5307482307353
4426,87.0,2239.3068148441407,49.0,2055.1665301360026
4427,69.0,1960.229372796311,45.0,1944.219690863765
4428,67.0,1960.818001226654,65.0,2104.4031671159514
4429,74.0,1984.1115398059226,60.0,2151.8139981629356
4430,85.0,2032.5947583471564,51.0,2069.889601424545
4431,82.0,2068.3165070592872,57.0,2034.1921587635754
4432,81.0,2075.176865275755,58.0,2150.5305930958475
4433,84.0,2034.1821360101135,46.0,2115.0053866273956
4434,64.0,1963.6034440563851,57.0,2053.5390934882003
4435,71.0,2096.3228946574645,49.0,2021.2642216619804
4436,83.0,2122.47558621131,54.0,2250.535044496313
4437,71.0,2011.3648842956804,61.0,2152.9776313112447
4438,70.0,2027.0514740982103,66.0,2133.5526560263047
4439,69.0,1989.2739057528768,68.0,2086.879080673272
4440,84.0,2060.2532348271347,55.0,2113.541064103388
4441,76.0,2041.0509753982062,51.0,2100.6139260128084
4442,73.0,2016.3706296225275,68.0,2136.627446534103
4443,76.0,2003.3427085517603,54.0,2046.623638625492
4444,72.0,1960.5856272026615,47.0,2111.806099135085
4445,83.0,1987.006687278658,54.0,2287.050687678858
4446,79.0,2025.359078454419,61.0,2080.663767448982
4447,80.0,2033.8200148590668,46.0,2151.0763808522347
4448,85.0,2070.4683116401447,54.0,2189.426654640707
4449,70.0,1930.401864959459,47.0,2057.0907558821254
4450,81.0,1961.3319623778243,55.0,2030.7064793937095
4451,70.0,1955.1572997061699,64.0,2373.707036408174
4452,76.0,2125.614658926365,53.0,2038.1120344209364
4453,68.0,2096.007178876845,62.0,2045.7504483104044
4454,65.0,1900.047103780513,64.0,2076.26632320488
4455,76.0,1983.334084402739,54.0,2061.3436700682773
4456,79.0,2045.3209073516541,64.0,2166.883628434758
4457,71.0,1968.8075164047725,63.0,2094.708241603692
4458,77.0,2179.461936247154,59.0,2133.8803755457097
4459,68.0,2161.3403206861085,64.0,2089.3582615947234
4460,67.0,2027.049728371317,65.0,2171.608879249036
4461,81.0,1895.2358504865638,51.0,2023.2249936822875
4462,72.0,2011.8151669022675,50.0,2154.2808542554003
4463,68.0,1999.843522309417,42.0,2054.1374900752844
4464,74.0,1964.31020404785,67.0,2043.942248081712
4465,75.0,2030.038456430449,54.0,2031.4855829665419
4466,70.0,1945.389611214532,55.0,1966.7670253016013
4467,79.0,1996.3171118184146,59.0,2101.2646542772736
4468,76.0,2077.214284085569,59.0,2180.3293556432604
4469,67.0,1890.0537544034023,52.0,2152.4817189044725
4470,78.0,1990.3534939063761,50.0,1992.1504410629173
4471,74.0,2005.5189118948733,54.0,2109.1519558842865
4472,66.0,2122.3179503246774,67.0,2220.9581926470673
4473,86.0,2120.3870386367694,49.0,2036.764030030923
4474,75.0,2135.944314023584,49.0,2054.0361366037982
4475,73.0,1913.6020007384934,60.0,1977.724737697188
4476,56.0,2003.9755179268093,51.0,1980.0316074373134
4477,79.0,2018.7356136943665,60.0,2189.738408502187
4478,77.0,2000.5917610079587,33.0,1988.0337308368016
4479,85.0,2118.1618416425918,51.0,2065.3915025599767
4480,73.0,2031.6576025001382,65.0,2174.752340835287
4481,70.0,1884.806556496864,61.0,2102.129480772883
4482,87.0,1965.2200129899852,59.0,2126.033763697192
4483,73.0,2201.945931041474,48.0,2132.5750191879943
4484,64.0,2001.2913948821868,53.0,2023.059470799152
4485,65.0,1916.1780135216509,49.0,1998.1538537707293
4486,77.0,1976.4364247826882,51.0,2045.1432441773384
4487,81.0,2023.5754877644965,70.0,2100.2256642028797
4488,71.0,2003.6045216343864,46.0,1994.2873487349682
4489,62.0,2018.1182275245978,59.0,2158.0606353262274
4490,71.0,1921.2700650832194,55.0,2262.8238605670613
4491,75.0,2046.5585090482489,57.0,2162.3918573837122
4492,86.0,2135.6457445647,55.0,2008.7197902037237
4493,74.0,2071.2161093850086,53.0,1987.7681297755219
4494,59.0,1989.8948576888406,51.0,2054.8519211122966
4495,72.0,2199.2514017739077,45.0,2033.4911999201
4496,76.0,2004.274358004714,52.0,2104.2589827471706
4497,74.0,2036.0594456508798,53.0,2168.8489918815253
4498,79.0,2080.1400729317616,55.0,2159.444886778367
4499,86.0,2073.0496675352797,67.0,2140.650378951617
4500,66.0,1899.1991874500416,63.0,2270.3202408046013
4501,70.0,2032.7179262270213,67.0,2109.566698319158
4502,60.0,2101.273264300647,48.0,2033.53730670122
4503,76.0,1976.9888604875027,51.0,2053.3744667136066
4504,70.0,1940.182257311521,62.0,2151.635673435977
4505,80.0,2132.767849845368,59.0,2048.238532989567
4506,68.0,1893.337586949488,62.0,2119.887850994345
4507,77.0,2079.909548742627,60.0,2276.1821606581775
4508,60.0,2051.213200872704,60.0,2092.6555641221416
4509,77.0,1959.1064789012719,53.0,2061.2619629616224
4510,77.0,1927.058351581105,54.0,2131.85347571762
4511,70.0,1941.7398701535353,54.0,2132.8231590794176
4512,83.0,1938.635894572784,52.0,2034.0217101148762
4513,68.0,1965.431527781311,51.0,2141.3542086924426
4514,56.0,2001.4245473763297,49.0,2051.9894062715753
4515,55.0,1943.627210218015,45.0,2047.4094464089271
4516,84.0,2053.75243174049,60.0,1980.280389336259
4517,62.0,2198.4615104149257,50.0,2094.6707760088602
4518,83.0,1957.1420566802342,42.0,2147.898130794682
4519,61.0,1932.461147690494,71.0,2151.0828883835547
4520,62.0,2043.5854161093496,48.0,2142.786981253293
4521,76.0,2095.1838596724124,63.0,2107.6194181914416
4522,73.0,1914.4214410549896,61.0,2153.3768086114337
4523,69.0,1946.433373535577,66.0,2200.3503333189415
4524,71.0,1969.4173529142852,56.0,2178.574392977054
4525,72.0,1899.8017256793635,55.0,2113.005622834192
4526,70.0,1973.1530811410369,52.0,2027.7311947426165
4527,75.0,1929.8649311841775,65.0,2035.6629228898319
4528,80.0,2037.550774598723,41.0,1956.0167189158474
4529,69.0,1974.0647366764804,58.0,2073.082184760951
4530,72.0,2005.3218461167094,44.0,2086.996249952696
4531,71.0,1993.5223294417272,49.0,2203.8189257380727
4532,68.0,2036.0741512832592,55.0,2106.158042482812
4533,88.0,2099.471640901736,42.0,2170.02477267168
4534,65.0,2066.3966801237043,45.0,1990.472164914727
4535,71.0,1994.7874957823665,58.0,2115.2027844292165
4536,69.0,2027.93488097009,50.0,2084.187380613302
4537,78.0,2087.1338841458864,50.0,2146.9665942583647
4538,84.0,2133.1260680938876,46.0,2047.5070843616581
4539,79.0,2212.11169042006,56.0,2080.4808698773677
4540,80.0,2024.039514361821,51.0,2271.0498380382555
4541,74.0,1969.6603809881237,48.0,2081.266031657045
4542,71.0,1973.5151854342466,65.0,2084.1857847966776
4543,83.0,2089.79593185088,47.0,2215.7921687430426
4544,74.0,2027.455582497986,60.0,2140.797875246289
4545,71.0,2049.513876266492,57.0,2153.505862229378
4546,77.0,2026.2346066240173,58.0,2105.815073876853
4547,78.0,1980.771760293237,53.0,2218.979157166814
4548,68.0,1987.986307148658,68.0,2063.9132424851055
4549,65.0,1976.0001328359315,62.0,2080.632463610858
4550,89.0,2041.7688049111957,55.0,2017.572540593673
4551,77.0,1891.967310860272,66.0,2120.3694850243596
4552,82.0,2051.735262589764,60.0,2166.5903904007496
4553,80.0,1981.8774522969006,49.0,2081.160049671677
4554,54.0,1969.0447231695389,50.0,2092.8662868804017
4555,74.0,1995.9648320033511,57.0,2090.8393323666132
4556,88.0,2027.3668288895476,69.0,2113.0578699009325
4557,84.0,2111.5404672439813,73.0,2216.9076042087177
4558,79.0,2037.6677438570423,53.0,2075.975966199805
4559,73.0,2083.2696718728434,55.0,2102.9331966892923
4560,69.0,2015.237834340452,57.0,2112.048061828698
4561,86.0,2087.2846664310327,51.0,2106.594360160822
4562,73.0,1985.9407959517944,47.0,2112.7765214494234
4563,60.0,1879.5334180673572,53.0,2078.7574049746286
4564,66.0,2021.5667548280062,57.0,2025.3372225544792
4565,81.0,1961.1851657155453,62.0,2066.880107226367
4566,65.0,1909.0980114588397,57.0,2100.445861914541
4567,63.0,1943.3414160235434,47.0,2039.1270860866568
4568,83.0,2053.452252473068,64.0,2213.2067412647666
4569,81.0,2008.4052554970397,63.0,2101.4855899981126
4570,74.0,1967.9555321135786,43.0,1993.165919212646
4571,78.0,1921.8338193227896,57.0,2115.3368034972527
4572,73.0,1955.6052778810933,48.0,2062.4703300750457
4573,67.0,1988.2118307366754,71.0,1977.6382177910739
4574,67.0,1981.1949357150822,60.0,2052.241683936147
4575,78.0,2107.5547728183396,62.0,2210.1061594193634
4576,79.0,2116.025483577092,43.0,1982.4050424640827
4577,80.0,2005.8755120622552,66.0,2133.74924776548
4578,73.0,2024.3277981694532,41.0,1986.8832099394276
4579,77.0,2206.800306979008,59.0,2072.4100216137517
4580,73.0,2067.8455232204224,50.0,2154.0320917488903
4581,70.0,2189.428143963054,65.0,2069.7873634015646
4582,70.0,1878.7887633757375,57.0,2144.0792458821224
4583,71.0,2002.8569483485524,57.0,2035.7779015454455
4584,67.0,2040.182263806299,42.0,1989.1202939106354
4585,60.0,1924.7246291542,58.0,2104.4345843445467
4586,68.0,1870.1299785349756,47.0,2049.374191342529
4587,47.0,1783.7905208061836,55.0,2060.2275694230702
4588,77.0,2163.406402072125,57.0,2107.967106935343
4589,72.0,2150.775956168081,69.0,2052.185184180107
4590,74.0,2001.8732278688651,54.0,2000.4024692971905
4591,72.0,1975.5242402153162,53.0,2112.8942407970817
4592,81.0,1960.7534123352928,52.0,2084.327095170412
4593,65.0,2048.1654637867655,49.0,2069.892959614844
4594,67.0,1941.0599360830972,58.0,2231.3865614714964
4595,77.0,1992.7881296687376,51.0,2007.890773994753
4596,74.0,1904.6386606037859,54.0,2150.3913151656243
4597,86.0,2024.085297207808,64.0,2043.4272808025596
4598,79.0,2107.219832456458,65.0,2128.5434094931234
4599,65.0,2058.235728694225,59.0,2169.892270743396
4600,70.0,2018.3979498218062,53.0,2123.751834493437
4601,68.0,1938.8326083275854,50.0,2123.3338443300927
4602,85.0,2195.29199753841,60.0,2032.5519070772182
4603,71.0,2025.1062210766925,53.0,2091.1161903112934
4604,63.0,1887.2000781722675,57.0,2167.270590945452
4605,85.0,1967.9383919916045,50.0,2040.3198097801042
4606,75.0,2174.10883780271,54.0,2010.0251242552488
4607,68.0,1854.883156672488,51.0,2011.589561018054
4608,76.0,1997.4384476073008,56.0,2161.3132734310557
4609,75.0,2100.0227732120306,68.0,2228.952641781854
4610,99.0,2122.0739618722337,60.0,2160.1567402445016
4611,68.0,2043.9775812773703,52.0,2157.742765415267
4612,92.0,2260.020887152453,63.0,2118.54132492098
4613,73.0,1832.7820022668648,41.0,2086.9506339886548
4614,74.0,1947.8610995697188,53.0,2057.9150752265723
4615,83.0,2066.465102917925,56.0,2143.0397368731983
4616,67.0,2015.1551311981923,62.0,2027.7066069430698
4617,66.0,1989.3022101131974,52.0,2054.5309663058647
4618,68.0,1997.1327067529437,48.0,2077.0988695073834
4619,75.0,2046.907316584414,47.0,2111.356679627907
4620,89.0,2051.2255783142023,60.0,2138.563022207606
4621,97.0,2052.3601194218527,56.0,2212.3759397899753
4622,76.0,2038.7071524294088,58.0,2134.038600629781
4623,89.0,2073.2895805935755,66.0,2311.7292137311897
4624,75.0,2012.3588467631403,54.0,1966.6299181951092
4625,87.0,2045.1245584861058,50.0,2085.307835526025
4626,77.0,2000.8267715241484,48.0,2097.862956141771
4627,57.0,1991.0790479922803,57.0,2130.607633197109
4628,79.0,1853.4228067698518,52.0,2034.9029031388625
4629,77.0,2134.9175003559553,63.0,2070.7307064178212
4630,93.0,2024.7281147055853,65.0,2074.337354859098
4631,59.0,1966.0095938990785,58.0,2140.7644529367717
4632,80.0,2011.3994984785093,57.0,2124.768442069845
4633,75.0,2099.628265230925,67.0,2200.1435180199514
4634,69.0,1940.5055537268488,49.0,2057.7833421141363
4635,65.0,1899.9575462869427,39.0,2031.8824979672454
4636,81.0,2028.5709387045517,56.0,2062.379550862097
4637,74.0,2033.4717643565464,62.0,2077.2460600299755
4638,80.0,2069.5086053916143,65.0,2109.00670091624
4639,70.0,2113.9985798035436,61.0,2211.5138235627132
4640,79.0,2098.1134174828117,53.0,2056.506839558215
4641,76.0,2040.1874540244794,52.0,2043.2946934107383
4642,69.0,2028.336579637501,49.0,1966.5749742664148
4643,69.0,2060.5346964419405,56.0,2115.35730049518
4644,70.0,1979.8909034340475,50.0,2008.789179635696
4645,84.0,2032.0623006618337,50.0,2149.788871037183
4646,72.0,2023.9418741670652,50.0,2078.61404772674
4647,79.0,2052.054844816837,52.0,2078.507439014965
4648,84.0,2137.1657599138066,65.0,2152.9895682763004
4649,74.0,2052.1756729267436,53.0,2179.0581070183744
4650,72.0,2086.4964903021273,58.0,2126.562888164252
4651,57.0,1931.0681900513248,49.0,2100.384005035316
4652,75.0,2104.622590106683,62.0,2086.8291912508384
4653,75.0,2329.700740877107,61.0,2020.24053855697
4654,78.0,2043.2464260668464,53.0,2044.1843295412232
4655,75.0,2015.4394827034755,53.0,2083.8369685485472
4656,81.0,2195.1457186173175,60.0,2195.086868087755
4657,71.0,1997.962935232734,56.0,2180.452022508914
4658,87.0,2007.8435951557783,54.0,2140.9140940168563
4659,92.0,2076.8180980426264,67.0,2210.795376756602
4660,70.0,1968.4267859326883,48.0,2085.603755848214
4661,70.0,1925.7748709176944,65.0,2170.9878157111707
4662,70.0,1983.5063572529843,69.0,2091.186851519388
4663,76.0,2169.4327029216265,65.0,2130.8594455546536
4664,76.0,2029.5650415819307,61.0,2194.2077600079388
4665,75.0,1961.5200359896035,54.0,2005.0432070657525
4666,80.0,1883.6442154115643,58.0,2156.173261619372
4667,69.0,1927.3625556442112,56.0,2022.1464695882523
4668,81.0,2120.8503751299845,59.0,2103.888620193401
4669,72.0,2048.183216466844,44.0,2167.6056096310554
4670,76.0,1995.1184267376111,58.0,2059.9566950232906
4671,66.0,1938.687069185552,60.0,2057.805461086663
4672,58.0,1898.3417730333929,48.0,2112.253954890774
4673,64.0,1970.2924916988811,55.0,2196.0536936053572
4674,78.0,1855.229331719872,46.0,2010.025113801177
4675,82.0,2047.6681740768622,55.0,1990.4763347330415
4676,68.0,1894.708610529156,65.0,2123.6478764294916
4677,65.0,2042.8177572401353,57.0,2070.151476384958
4678,70.0,2060.181506893263,62.0,2120.9471209472504
4679,71.0,1967.0222226530045,49.0,2092.3589982843932
4680,69.0,1889.730234217697,62.0,2046.810477646735
4681,74.0,2077.1298186603817,59.0,2064.0877414797824
4682,70.0,1971.7846909354703,56.0,2046.2263452724744
4683,80.0,2021.0602994022736,56.0,2056.0109089961716
4684,74.0,2014.881451273442,57.0,2015.2985293558315
4685,67.0,1970.2287055423567,52.0,2108.773206134839
4686,80.0,1999.4252452754422,48.0,2108.703922166087
4687,75.0,2000.3868975940927,65.0,2085.7124198078527
4688,75.0,2045.4981094338373,60.0,2013.5811165330172
4689,73.0,1965.1801364602484,53.0,2112.071203210803
4690,61.0,1991.910867496866,51.0,1994.6798944543998
4691,79.0,2075.7815705567477,50.0,1984.4888010144473
4692,77.0,1879.375619142924,53.0,2012.7014025552023
4693,73.0,1988.963170528045,54.0,2015.8598886321915
4694,67.0,1920.6641324336442,61.0,2017.8906966297238
4695,70.0,2050.1013387385865,61.0,2178.764346737505
4696,70.0,1939.0421560244042,54.0,2040.2866900167571
4697,79.0,2105.6516609666887,57.0,2087.6155845932726
4698,64.0,1916.4147805671862,58.0,2002.7312750424255
4699,74.0,1959.8549413550547,57.0,1990.962431986307
4700,71.0,1933.4586665235302,52.0,2109.2750448671827
4701,76.0,1992.6694347877003,64.0,2240.985152956156
4702,79.0,2153.7800553211528,60.0,2220.64495472374
4703,75.0,2173.097278038094,59.0,2102.7790569279346
4704,68.0,2089.156754440411,51.0,1965.687211474755
4705,83.0,1945.3978566337528,56.0,2071.129315454677
4706,75.0,2034.5154111285121,53.0,2043.4935181722317
4707,88.0,2016.031962424572,46.0,2020.8665690409107
4708,60.0,1991.5792805633896,59.0,2151.036128743206
4709,93.0,2171.7559074019773,49.0,2088.5682697236016
4710,74.0,1913.5877564349737,53.0,2047.9732998438994
4711,79.0,2036.911203093764,51.0,2104.789938296876
4712,55.0,1926.75895840734,57.0,2091.103068522629
4713,60.0,2032.0061535582738,49.0,2049.936422498005
4714,64.0,1971.1639319544856,54.0,2017.9822488361397
4715,70.0,1976.0838192180058,51.0,2132.023789814133
4716,77.0,2008.4828766211253,46.0,2068.1989310788254
4717,80.0,2176.923888546079,60.0,2044.8026079628971
4718,75.0,2038.1685532683832,61.0,2174.8113238503634
4719,77.0,2006.081607612797,62.0,2225.3710208330526
4720,71.0,2065.545214046812,50.0,2118.9830381075844
4721,74.0,2161.5153494798756,64.0,2220.4086697264515
4722,87.0,2116.06796635825,48.0,2060.640397354101
4723,63.0,1952.5140453756023,47.0,2055.428485327291
4724,68.0,1919.2133565533536,61.0,2088.321364845866
4725,79.0,2044.634207250395,59.0,2068.435572645542
4726,69.0,2003.4994747437713,49.0,2073.540506385066
4727,78.0,2093.463072625607,56.0,2080.25794616586
4728,60.0,2129.475179266048,54.0,2143.8918338544154
4729,81.0,2009.3380439963512,48.0,2051.76385674473
4730,58.0,1925.5641263375558,55.0,2042.609870222697
4731,73.0,1990.8818409089063,56.0,2032.840576201
4732,65.0,1924.984939956129,57.0,2144.770958642919
4733,69.0,1979.9005991979543,66.0,2079.1354726897375
4734,84.0,2043.4069199480082,52.0,1982.6033662974178
4735,83.0,2034.0692544426934,50.0,2124.919022514351
4736,76.0,1986.1670467427205,65.0,2217.7503015748903
4737,73.0,2066.869434434294,53.0,2113.2049287567675
4738,69.0,2053.2159729921636,47.0,2054.5539111129174
4739,89.0,2000.7688578235363,65.0,2026.399818334271
4740,86.0,1982.964990026295,54.0,2192.3865048207476
4741,72.0,1990.660365775799,47.0,1993.3376496438207
4742,69.0,1892.1440442583012,52.0,2127.5552877031446
4743,75.0,1936.0142908956918,56.0,2066.7544473173875
4744,69.0,2085.8928647070998,50.0,2089.2184658961282
4745,69.0,1909.7891416169643,53.0,2141.4021378850234
4746,81.0,1966.1117485779253,52.0,2071.11012368857
4747,73.0,2042.5547024786779,60.0,2065.272371229421
4748,74.0,2169.746943312424,46.0,2064.5959905549967
4749,79.0,2105.329025601153,76.0,2291.791887169106
4750,77.0,2092.474392210983,70.0,2209.9839706208995
4751,76.0,2105.1911364690386,51.0,2117.9458050320654
4752,72.0,1891.788088060896,58.0,2158.220625451805
4753,75.0,2025.02381057223,65.0,2131.9104127994456
4754,67.0,2029.215225030038,53.0,2056.1743363374976
4755,75.0,2046.3716094443828,54.0,2059.8332360312943
4756,69.0,2057.3081223686345,50.0,1994.3049809415277
4757,73.0,1985.5213416527827,63.0,2120.7171421138974
4758,68.0,2006.1283572178033,50.0,2076.350164121606
4759,80.0,2025.2977431255733,52.0,2040.1902142277531
4760,84.0,2175.9269959288995,60.0,2167.0421115702875
4761,80.0,2043.2270479539297,60.0,2110.3522416662363
4762,65.0,1952.5292540738649,56.0,2035.5711907362297
4763,75.0,2056.6492529228085,65.0,2062.434461576651
4764,80.0,1938.6073380029554,59.0,2140.325437613138
4765,63.0,1929.3544256128214,55.0,2090.9637606439487
4766,71.0,1980.7481510725277,53.0,2081.8986605102755
4767,83.0,2015.6076731766832,60.0,2080.510245652821
4768,82.0,2011.9137016043137,52.0,2018.7828985821418
4769,72.0,1945.7907483234953,56.0,2253.532851840737
4770,79.0,1978.8142805589691,65.0,2117.0176019592986
4771,77.0,1982.8656436679978,48.0,2003.924209002934
4772,56.0,1875.068388973585,57.0,2217.93585675717
4773,65.0,2009.8919039930697,55.0,2076.4000947975414
4774,78.0,1963.6398843183483,40.0,2038.9256271032068
4775,70.0,1850.3511361746648,69.0,2221.9122934518014
4776,74.0,1951.7591140075533,55.0,2146.583005006748
4777,76.0,1890.3774082460657,44.0,2097.839272851557
4778,69.0,1960.3643186243073,54.0,2038.4350720991754
4779,83.0,2198.093471163135,56.0,2159.948751554057
4780,64.0,1969.9751019065973,48.0,1955.7681687021577
4781,83.0,2139.915295339062,61.0,2083.9635226013856
4782,79.0,1911.149251616546,63.0,2255.1563488711367
4783,59.0,1849.0379060904972,63.0,2307.777870804552
4784,67.0,2023.8087804937668,51.0,2055.320734459111
4785,70.0,2105.829984224973,55.0,2049.7292397642536
4786,68.0,2052.584655419479,52.0,2100.786249227878
4787,80.0,1939.806959221538,57.0,2171.4934386773834
4788,74.0,2015.3329232769627,69.0,2112.2981273078913
4789,73.0,2031.4473302361685,55.0,2161.192876990963
4790,64.0,1995.5476797374654,51.0,2047.5244600819165
4791,69.0,1980.0558361451313,60.0,2183.384830798352
4792,63.0,1996.556666886255,49.0,2107.0687635634367
4793,70.0,1966.4648256478756,67.0,2139.2858750787937
4794,80.0,2049.2919803945056,51.0,2133.5527598098815
4795,69.0,2033.7390603615609,59.0,2107.4408310304516
4796,76.0,1913.6044799908482,59.0,2018.512984393256
4797,53.0,1970.917230665774,59.0,2112.209963728288
4798,68.0,2074.3758185960023,50.0,2047.1007795907844
4799,72.0,2071.425496400447,58.0,2136.195795388458
4800,74.0,1931.1585431886379,49.0,2021.5133692292065
4801,60.0,1952.0027967147983,61.0,2017.4637113985568
4802,75.0,2070.554634289834,64.0,2289.112304274031
4803,77.0,2069.0415584612915,65.0,2183.606035929187
4804,82.0,2116.7815873471586,58.0,2140.4644733237305
4805,66.0,1941.0382661319989,52.0,2124.1038955074127
4806,77.0,2023.828315140968,65.0,2049.98689825954
4807,78.0,2053.490215743849,59.0,2103.4200170452477
4808,61.0,1864.0261089593462,47.0,2000.6974679148182
4809,80.0,2073.7506936390705,61.0,2024.9911808582092
4810,75.0,1945.2135025267846,48.0,2034.8541542757375
4811,70.0,2060.6665747983934,43.0,2111.432364009822
4812,62.0,1877.811196009023,51.0,2109.226577997744
4813,81.0,2104.1577912358157,59.0,2055.0913977618325
4814,89.0,1977.4846563088413,53.0,2087.8633658233002
4815,90.0,2127.142550431797,57.0,2103.3532490375615
4816,62.0,2014.6544741952139,47.0,2074.3129596574845
4817,76.0,2026.0436323170509,64.0,2381.803116288526
4818,61.0,1954.0015086415187,53.0,2144.047630846701
4819,68.0,1956.8066091527708,61.0,2252.4601310172716
4820,78.0,2045.7972301836219,46.0,2100.10687314778
4821,74.0,2047.5355729736425,61.0,2192.4695375535907
4822,72.0,2096.071947716304,65.0,2214.674611825995
4823,70.0,1957.459500708991,56.0,2120.640267423071
4824,64.0,1890.9299407310432,45.0,2005.1356237415673
4825,73.0,2021.6798413474305,49.0,2094.575797839164
4826,72.0,1988.3897448481068,57.0,2113.8337529370087
4827,67.0,1986.8359462413134,54.0,2078.82158346116
4828,73.0,1917.706593714451,60.0,2069.135090507209
4829,73.0,1995.9337994384116,50.0,2100.6093652715917
4830,65.0,1966.132225327963,48.0,2028.955549101377
4831,75.0,1975.486058875118,49.0,2057.907222664561
4832,69.0,2063.984062795167,50.0,2148.086641473895
4833,74.0,2030.7641790411853,57.0,2165.8393740167926
4834,78.0,2119.231373011987,55.0,2150.407317847208
4835,78.0,2020.2641128965072,52.0,2161.3858871210728
4836,74.0,2020.679890207771,57.0,2117.099650816051
4837,77.0,1882.2945759378774,59.0,2148.1181564717913
4838,79.0,2130.6141486005477,61.0,2117.694265990372
4839,65.0,1962.0758498355585,54.0,2091.845690907195
4840,68.0,2206.958211201371,63.0,2148.2311163381405
4841,61.0,2035.4519135386577,43.0,2015.5573229526137
4842,68.0,1926.4662411003674,72.0,2145.9441652184573
4843,85.0,2255.9761812232005,50.0,2082.568201029817
4844,67.0,1952.7784363391906,48.0,2126.5204246769244
4845,77.0,1979.3678343561492,51.0,2159.6347212121623
4846,75.0,2179.3796172294133,55.0,2258.2033148978617
4847,79.0,2056.4980362761585,52.0,2112.587719181313
4848,74.0,2192.2119464850543,46.0,2001.1459126971642
4849,76.0,1856.269782290396,54.0,2039.2435728499493
4850,72.0,1856.6210776991843,52.0,2147.4106421096926
4851,70.0,1959.926205238633,63.0,2194.805722717913
4852,69.0,2007.4132851655258,54.0,2064.0334207364895
4853,77.0,2007.9209200600467,54.0,2055.7306928840558
4854,80.0,2011.4745642719668,55.0,2145.8228382447687
4855,71.0,1974.616113007921,56.0,2084.7289846161943
4856,68.0,2046.478676484485,54.0,2189.626937732802
4857,68.0,1881.2259858050295,62.0,2121.3810372588855
4858,71.0,2059.2246683618278,67.0,2117.2009133575143
4859,66.0,1893.6229052386939,50.0,2023.5940955038452
4860,63.0,1940.0517472349131,57.0,2055.1857015170935
4861,67.0,1963.8537111974088,52.0,2097.942157711893
4862,57.0,1971.7635965416855,67.0,2066.276215435264
4863,68.0,2046.96742019039,52.0,2025.3824907829858
4864,72.0,2075.298682688717,52.0,2036.2082678668537
4865,53.0,1919.4236221198955,59.0,2194.159085852211
4866,73.0,1932.8112079492607,58.0,2121.9156633667244
4867,71.0,2049.7429168095914,53.0,2127.883034155372
4868,59.0,2166.498127716304,52.0,2076.581823128854
4869,75.0,2010.3874287122123,61.0,2128.1814158387656
4870,76.0,1918.2375397563492,51.0,2055.9073083946764
4871,69.0,2056.430777404765,58.0,2086.1462527888543
4872,79.0,1980.5274764302749,55.0,2022.3497340557496
4873,78.0,2011.8392624343849,58.0,2094.0559845913317
4874,69.0,1952.7738021678692,53.0,1994.6940946516047
4875,77.0,2111.8236757822947,58.0,2087.4460663915247
4876,84.0,2043.201068324104,65.0,2126.215352071829
4877,69.0,2006.924673285875,62.0,2285.0103760181464
4878,77.0,2190.1630855755957,47.0,2115.9990302862907
4879,84.0,2191.1009322318473,48.0,2119.207309327637
4880,79.0,2071.835802342606,43.0,2037.4978937705696
4881,77.0,2038.7780507940956,57.0,2090.043073915979
4882,77.0,1918.9316940111776,49.0,2110.4722429409567
4883,70.0,1963.6276545086155,37.0,1984.9212202943509
4884,80.0,1974.5291555631675,56.0,2132.239310527383
4885,82.0,2091.784196510856,73.0,2152.577178390038
4886,79.0,2005.112598517143,48.0,2155.8373728946003
4887,73.0,1990.1124986071163,63.0,2188.5961732918836
4888,82.0,2111.166658298691,68.0,2055.022624362959
4889,67.0,1988.8109465407756,48.0,2010.7250181374652
4890,78.0,2054.8934172122017,61.0,2132.311819044044
4891,69.0,2167.403547349464,55.0,2044.4565926015912
4892,78.0,2093.5661619859065,61.0,2088.290571866328
4893,69.0,2003.590353002791,60.0,2161.9399143775854
4894,75.0,2023.7477943608512,53.0,2247.629923256027
4895,79.0,2201.5680858006954,60.0,2034.2302668382276
4896,81.0,2067.3632901481537,58.0,2141.5455483370424
4897,63.0,1909.8375098822864,51.0,2031.8764911352484
4898,83.0,2043.200329610135,48.0,2079.5406780745243
4899,71.0,1976.415744564274,58.0,2214.553333865665
4900,55.0,1856.649875518165,58.0,2163.8309433482414
4901,70.0,2094.5627100385864,65.0,2301.6879307273143
4902,65.0,1930.2395301184163,55.0,2032.7539480082878
4903,80.0,1967.8688739313018,66.0,2143.907128825994
4904,75.0,2171.1866442643045,68.0,2100.90380933452
4905,74.0,2044.880586023438,65.0,2120.5701305400426
4906,86.0,2124.275985841798,51.0,2096.0179635271074
4907,78.0,1951.1103776553468,50.0,2120.106801925623
4908,70.0,1959.227547663382,57.0,2165.5617811763927
4909,90.0,2059.0029272106763,62.0,2061.3624973605674
4910,76.0,2024.7827212563075,63.0,2095.6567174338606
4911,67.0,2019.4447780330415,60.0,2081.4029521564635
4912,81.0,2172.90855851239,64.0,2420.9597539983924
4913,74.0,1997.0422610613386,57.0,2117.447790327931
4914,82.0,2089.6334183214144,52.0,2026.068526963028
4915,83.0,2030.022485712762,56.0,2178.652443991254
4916,81.0,2010.5056573002987,56.0,2071.6765630363016
4917,80.0,2028.9485423521114,57.0,2001.0194223736003
4918,68.0,1912.334554931877,65.0,2142.0015479514786
4919,59.0,1931.4903008135427,54.0,2006.9488611068064
4920,77.0,1889.86364527854,54.0,2093.4271202395475
4921,74.0,2038.0596883059038,60.0,2175.832612338839
4922,72.0,2062.0353688594682,60.0,2068.130417330944
4923,72.0,1859.1305355144752,50.0,1988.1899228509706
4924,75.0,2096.628793845798,45.0,1988.8872063100644
4925,81.0,2020.222695429828,59.0,2051.9197526215557
4926,72.0,1979.9780815755535,49.0,2034.5875171450518
4927,68.0,2060.124110749977,34.0,1977.9657846565362
4928,65.0,1968.7989541158756,69.0,2199.059343931574
4929,84.0,2016.8930564379082,52.0,1970.5775975306374
4930,76.0,2052.821260254227,49.0,2031.126325399232
4931,65.0,2071.471473021803,58.0,2104.1479984663133
4932,70.0,2026.686294380884,55.0,2133.648941127101
4933,78.0,2039.1822974681402,59.0,2092.0460590584044
4934,75.0,2019.2018680821009,66.0,2147.5210780866378
4935,63.0,1969.1986938763175,54.0,2155.027461990577
4936,62.0,1925.346359421052,43.0,2003.465893495994
4937,71.0,2110.0843524503434,69.0,2077.8790996213434
4938,78.0,2025.8969041226796,51.0,2100.9409825609264
4939,74.0,2121.3449480526515,54.0,2067.38784635558
4940,73.0,1985.1448287195672,49.0,1961.343092939769
4941,79.0,2053.6075776575876,55.0,2062.245935688909
4942,76.0,1977.5975966768735,47.0,2057.879628586417
4943,73.0,1985.1466383499148,57.0,2092.3683873464843
4944,80.0,1951.0392379809928,54.0,2056.46361625996
4945,82.0,2011.9253110017537,48.0,2045.4012583075453
4946,75.0,2010.8631066007472,38.0,2152.7793910142004
4947,75.0,2038.6041009419273,66.0,2130.7406506142092
4948,87.0,2125.9162799458145,51.0,2151.752327121883
4949,75.0,1893.7629939754183,55.0,2234.650686443555
4950,78.0,1907.930987695561,68.0,2236.2970884466704
4951,83.0,2113.7297825065807,61.0,2088.4401344773064
4952,72.0,1971.7189140841322,61.0,2099.805394348879
4953,62.0,2022.309104599163,56.0,2167.060077621366
4954,56.0,1801.8280413523455,51.0,2164.773631293202
4955,67.0,1970.7171173938186,46.0,2043.1747305875008
4956,74.0,1968.9344143931842,50.0,2048.3871164224947
4957,77.0,1967.434474519147,50.0,2057.390124069522
4958,73.0,1900.300472520479,59.0,2031.3257533160381
4959,72.0,2073.1911515556844,51.0,2070.3665889750837
4960,70.0,1981.4232211548356,40.0,2095.0896324915952
4961,68.0,2249.945900580334,58.0,2045.7620570414408
4962,65.0,1914.8417540624423,44.0,2117.2012034968284
4963,78.0,2053.221131669116,58.0,2121.8494255171404
4964,56.0,2090.2926661620677,47.0,2123.3672700192724
4965,78.0,1946.1643902443643,49.0,2060.376853033258
4966,66.0,1993.8429341792416,58.0,2134.037401647629
4967,69.0,1965.7472494025997,63.0,2212.0724246707277
4968,84.0,2022.3689215752245,66.0,2089.2724500436602
4969,75.0,2049.218915504428,43.0,2137.108017133167
4970,82.0,2031.569557304751,56.0,2143.2225426130126
4971,69.0,2066.3408519065715,58.0,2111.0267097989845
4972,80.0,2082.4336525947615,60.0,2136.720838085508
4973,72.0,1923.6081226170802,56.0,2058.607903715949
4974,62.0,1905.3371851235363,49.0,2035.957716637073
4975,83.0,2288.0318824943524,51.0,2073.2088109862125
4976,65.0,1878.295275751026,71.0,2006.0496739931505
4977,63.0,2026.3426620376986,60.0,2110.1669989537795
4978,73.0,1977.7308773133855,50.0,2152.7170198601084
4979,79.0,2191.5512366338708,63.0,2151.8188253761296
4980,83.0,1903.149881374999,70.0,2118.778126078102
4981,74.0,2137.8764457381153,59.0,2179.613285280243
4982,81.0,1921.9996460959499,53.0,2099.397650635263
4983,69.0,1933.0717287485888,56.0,2175.38682620802
4984,62.0,2136.141079658118,45.0,2069.257724381005
4985,78.0,1949.2510932313396,68.0,2149.923510512991
4986,83.0,1913.1592581029256,52.0,1993.2231677814882
4987,78.0,2073.7710457115472,47.0,2057.6722356798577
4988,70.0,1975.067730711832,56.0,2020.6866239796243
4989,76.0,2094.628804147289,49.0,2216.3572801981163
4990,60.0,1951.2578000254146,52.0,2035.4777521340689
4991,73.0,1995.3760610650038,44.0,2135.8298190419478
4992,75.0,1997.165845023656,65.0,2263.924062779443
4993,70.0,1978.7862508762312,58.0,1988.4698532616596
4994,78.0,1940.5421982599753,60.0,2156.925557584699
4995,92.0,2197.6135332049553,60.0,2139.4546764464094
4996,83.0,2206.431967561697,61.0,2063.0954952245925
4997,71.0,1977.1865627830396,62.0,2120.0954713470182
4998,73.0,1922.871191773766,67.0,2053.144530903295
4999,64.0,2006.8883139347197,51.0,2139.6488743869972
