category_name,order_region,service_level_target,mean_weekly_demand,std_weekly_demand,mean_lead_time,unit_cost,total_qty,sigma_dlt,mean_dlt,ideal_safety_stock,reorder_point,baseline_ss,optimized_safety_stock,funded_pct,holding_cost_current,holding_cost_optimized
Accessories,Canada,0.95,5.111111111111111,3.982601048449507,2.4285714285714284,24.98999977,46,2.5908750426145626,1.7732426303854874,4.261610210822614,6.034852841208101,2.556966126493568,3.15968941917152,0.7414308824273276,0.24576378043450792,0.303694760993722
Accessories,Caribbean,0.95,6.666666666666667,3.0686587732536617,2.72,24.98999977,220,2.298948353242808,2.590476190476191,3.7814335370055474,6.3719097274817385,2.2688601222033284,2.7960561322993662,0.7394169710869797,0.2180723612770129,0.26874400808872406
Accessories,Central Africa,0.95,5.230769230769231,2.9482719841133536,2.8095238095238093,24.98999977,68,2.322765801891616,2.0994243851386707,3.820609753800269,5.92003413893894,2.2923658522801613,2.8256100836066493,0.7395704522808388,0.22033162354321956,0.27158459745938407
Accessories,Central America,0.99,22.80555555555556,9.37113941675472,2.892857142857143,24.98999977,821,7.6427552841966255,9.424744897959185,17.77970750720522,27.204452405164403,10.667824504323132,9.248345437911569,0.520162968606974,1.025342045805521,0.8889082706395796
Accessories,East Africa,0.95,4.714285714285714,3.291681156364455,3.15,24.98999977,66,2.4662796263513007,2.1214285714285714,4.0566689884804585,6.17809755990903,2.434001393088275,3.0241811215875525,0.7454838267985838,0.23394497789790647,0.2906703289727357
Accessories,East of USA,0.95,11.285714285714286,7.043740889206935,2.935897435897436,24.98999977,237,5.163522726261598,4.73338566195709,8.493239084137743,13.226624746094831,5.095943450482646,6.269656176954796,0.7381937697555477,0.48979856021343976,0.6026104093079979
Accessories,Eastern Asia,0.95,9.047619047619047,4.488609923753573,2.571428571428572,24.98999977,190,3.5674780130316432,3.3236151603498545,5.8679791488047295,9.191594309154585,3.5207874892828377,4.289531303657305,0.7310065688510593,0.3384018405669115,0.4122899472761687
Accessories,Eastern Europe,0.95,9.11111111111111,6.406695843723731,3.1372549019607843,24.989999770000004,164,4.967704287929083,4.083411142234672,8.171146415622532,12.254557557857204,4.902687849373519,6.036888754935542,0.7388056030171638,0.4712237239547157,0.5802378792205954
Accessories,North Africa,0.95,7.368421052631579,4.560829923450695,2.5365853658536586,24.98999977,140,2.960286965667214,2.670089858793325,4.869238752294885,7.53932861108821,2.921543251376931,3.631449510333298,0.7457940953545945,0.28080525069213297,0.349038163184599
Accessories,Northern Europe,0.95,8.238095238095237,5.8472622816559365,3.0689655172413794,24.98999977,173,4.323631127978061,3.611775744780671,7.111740342454998,10.72351608723567,4.267044205472999,5.190381091116685,0.7298327612063726,0.4101285912051927,0.49887547028160895
Accessories,Oceania,0.95,13.727272727272728,10.250118782967109,2.6826923076923075,24.98999977,302,6.954352091420849,5.260864135864135,11.43889126067114,16.699755396535274,6.863334756402684,8.450153819993847,0.7387214046738008,0.6596720537843695,0.8121897769927341
Accessories,South America,0.99,12.857142857142858,8.447564414540745,3.026666666666667,24.98999977,450,6.184794592199787,5.559183673469389,14.387983750943263,19.94716742441265,8.632790250565957,7.494854992928674,0.5209107212424616,0.8297439476003905,0.7203708636518112
Accessories,South Asia,0.95,7.588235294117647,5.747819861049946,2.768292682926829,24.98999977,258,3.943085494500072,3.0009223201475708,6.485798477008182,9.486720797155751,3.891479086204909,4.842942972160448,0.7466995759008592,0.37403100565084807,0.46548132215543353
Accessories,South of  USA ,0.95,7.444444444444445,4.133396583956279,2.911111111111111,24.98999977,134,3.151621060398213,3.095943562610229,5.183955331972647,8.279898894582876,3.110373199183588,3.870577512803437,0.7466456141956318,0.2989547135854309,0.37202204290278873
Accessories,Southeast Asia,0.95,13.954545454545457,7.631246997439589,2.869158878504673,24.98999977,307,5.556305531516677,5.719686855200875,9.139309305965734,14.858996161166608,5.48358558357944,6.742458855982688,0.7377427144939182,0.527056932586252,0.6480540202316994
Accessories,Southern Africa,0.95,5.9,2.64365067451978,3.25,24.98999977,59,2.2433684080103644,2.7392857142857143,3.690012662504198,6.429298376789912,2.214007597502518,2.701726764780397,0.7321727625039887,0.21280018981679305,0.2596775047325576
Accessories,Southern Europe,0.95,9.869565217391305,5.848887600732972,2.8714285714285714,24.98999977,227,4.36208542724207,4.048535936113576,7.174992036071281,11.223527972184858,4.304995221642768,5.310132396963488,0.7400889604152215,0.4137762676873227,0.5103854129953351
Accessories,US Center ,0.95,11.238095238095235,5.830135177718969,3.011363636363636,24.98999977,236,4.344711936386889,4.834570191713048,7.146415186625329,11.980985378338378,4.287849111975197,5.252703781872091,0.7350124005812929,0.4121282627771342,0.5048656396186988
Accessories,West Africa,0.95,6.789473684210527,3.690512571572636,3.2045454545454546,24.98999977,129,2.8289078363646194,3.108168147641832,4.653139314955786,7.761307462597618,2.791883588973472,3.477052505657704,0.7472487433337772,0.2683429624858225,0.3341982358333229
Accessories,West Asia,0.95,11.285714285714286,6.458659745975608,2.9390243902439024,24.98999977,237,4.846574860095196,4.738427078148333,7.971906236919407,12.71033331506774,4.783143742151644,5.819058169061341,0.7299456361029663,0.4597336962163328,0.5593010088709982
Accessories,West of USA ,0.95,13.5,6.021785844905542,2.9894736842105263,24.989999770000004,297,4.898263052611058,5.765413533834586,8.056925747849688,13.822339281684274,4.834155448709812,5.883385577740578,0.7302271066989533,0.4646367059669327,0.5654838624406092
Accessories,Western Europe,0.99,25.181818181818183,10.697736136284089,3.048387096774193,24.98999977,554,8.791508488142014,10.966275659824047,20.45210708100118,31.41838274082523,12.271264248600708,10.72323280799876,0.5243094398796699,1.1794572721159267,1.030667636175175
As Seen on  TV!,Western Europe,0.99,6.4,3.438345855527367,2.9047619047619047,99.98999786,64,2.638895889374037,2.65578231292517,6.138989842060404,8.794772154985575,3.683393905236242,3.1962129621536635,0.5206415134058817,1.4165482642388805,1.2291897201763426
Baseball & Softball,Caribbean,0.95,4.166666666666667,3.031238327334466,2.9696969696969697,56.95969888121212,100,2.218735567650607,1.767676767676768,3.649495245696335,5.417172013373103,2.189697147417801,2.700767962269843,0.7400387671294331,0.47970957753064264,0.5916728072265965
Baseball & Softball,Central America,0.99,6.904761904761905,5.253614429711637,2.715596330275229,63.88908480954128,290,3.63854449663316,2.678649441427948,8.464520254345553,11.1431696957735,5.078712152607332,4.431183521932804,0.5235008469213485,1.2479779670814533,1.088862537843872
Baseball & Softball,East of USA,0.95,6.0,4.74692883171144,2.827586206896552,49.6451740937931,96,3.197228701798298,2.4236453201970445,5.258973226346278,7.682618546543322,3.1553839358077664,3.8734425991792754,0.736539706985804,0.6024984031766718,0.7396066622252676
Baseball & Softball,Eastern Asia,0.95,4.714285714285714,2.43147854444326,2.782608695652174,45.8595668973913,66,1.803299915787788,1.8740017746228923,2.966164406964827,4.84016618158772,1.7796986441788962,2.211357262790184,0.7455275431118091,0.3139084962689181,0.3900457166421483
Baseball & Softball,Eastern Europe,0.95,3.8333333333333335,2.587850400809463,2.875,50.61500168,46,1.8466975097277167,1.574404761904762,3.0375470967578866,4.611951858662648,1.822528258054732,2.2208841014705936,0.7311439232797559,0.35479719555110667,0.43234635587315146
Baseball & Softball,North Africa,0.95,4.454545454545454,2.114882330704777,3.066666666666667,51.65666834666667,49,1.8244523904421732,1.951515151515152,3.0009571316190926,4.952472283134244,1.8005742789714554,2.2252918308554768,0.7415273638563691,0.35773718600910365,0.442119854157877
Baseball & Softball,Northern Europe,0.95,4.0588235294117645,2.70348359148188,2.875,64.156668665,69,1.9804390191128196,1.667016806722689,3.257532303543937,4.924549110266626,1.954519382126362,2.408121548061541,0.739247173525093,0.48229020153231356,0.5942194471693507
Baseball & Softball,Oceania,0.95,6.941176470588236,5.628838559544213,3.1578947368421053,44.85842273263158,118,4.035833913781,3.1313578062804077,6.638356050856434,9.76971385713684,3.98301363051386,4.9026054619193165,0.7385270425931458,0.6871988814900938,0.8458582627003277
Baseball & Softball,South America,0.99,4.243243243243243,3.7298004519560313,2.9836065573770494,64.49819890229509,157,2.5568055500957496,1.808595480726628,5.948019155801069,7.756614636527697,3.5688114934806414,3.1041996387509894,0.5218879693289961,0.8853150521204277,0.7700587912792073
Baseball & Softball,South Asia,0.95,5.333333333333333,3.1773004414499577,3.217391304347826,46.94652341913043,80,2.657198647216042,2.451345755693582,4.370702832403852,6.822048588097434,2.6224216994423117,3.19110434893706,0.7301124032680981,0.4735137758757858,0.5761971348087025
Baseball & Softball,South of  USA ,0.95,3.7142857142857135,1.8575654633281296,3.055555555555556,46.10111279111111,52,1.5221027345065588,1.621315192743764,2.503636203445867,4.124951396189632,1.5021817220675202,1.8257833140230064,0.7292526412224343,0.2663548038530011,0.32373324035347406
Baseball & Softball,Southeast Asia,0.95,5.133333333333334,4.257206774847743,3.142857142857143,49.27571596571429,77,3.1207647132697507,2.304761904761905,5.133201157483921,7.437963062245826,3.0799206944903523,3.794245032418135,0.7391576749113635,0.5837126820716619,0.7190928481606094
Baseball & Softball,Southern Europe,0.95,2.95,2.1878853044122666,2.7666666666666666,90.823336414,59,1.4969362340933448,1.165952380952381,2.462240993963516,3.628193374915897,1.4773445963781096,1.811341336908036,0.7356474615396138,0.5160667895240542,0.632738706163781
Baseball & Softball,US Center ,0.95,8.090909090909092,5.029006769821362,2.76,47.99000168,89,3.740739372205368,3.19012987012987,6.152968723852173,9.343098593982043,3.691781234311304,4.544147553453805,0.7385292786940841,0.6814176447568921,0.8387448027862154
Baseball & Softball,West Africa,0.95,4.777777777777778,3.527668414752788,2.9166666666666665,47.49000168,43,2.4125607540283758,1.9907407407407405,3.968309306504352,5.959050047245093,2.380985583902611,2.930144588356616,0.7383861392946092,0.434896189921503,0.5352021977834562
Baseball & Softball,West Asia,0.95,4.384615384615385,2.364263857893951,2.6842105263157894,44.20052799578948,57,1.7904599484253012,1.6813186813186811,2.9450445400787024,4.626363221397384,1.7670267240472215,2.194135823269349,0.7450263632381986,0.300398131482913,0.3730075457037748
Baseball & Softball,West of USA ,0.95,4.8125,4.534589286804263,3.103448275862069,48.78310512827586,77,3.164484241414794,2.1336206896551726,5.205113381921902,7.338734071577075,3.123068029153141,3.868367305094696,0.743185982947093,0.58597290764975,0.7258114189200758
Baseball & Softball,Western Europe,0.99,5.71875,5.419405841733885,2.8026315789473686,86.96368719736843,183,3.639327191173189,2.289649906015038,8.466341074124772,10.75599098013981,5.079804644474863,4.416087451056902,0.5216051907657672,1.6990713158686592,1.4770740297305252
Boxing & MMA,Caribbean,0.95,4.3125,1.815443012967726,2.789473684210526,68.39842103473684,69,1.3180714357698289,1.7185150375939848,2.1680345817071376,3.8865496193011215,1.3008207490242825,1.5824172077610064,0.7298855936675103,0.34220802031724856,0.41628784011173064
Boxing & MMA,Central America,0.99,6.0588235294117645,3.9384751430931897,2.880597014925373,66.69268673402985,206,2.837128478159828,2.4932898532547347,6.6001478035478405,9.093437656802577,3.960088682128704,3.44079353288942,0.5213206787641721,1.0158036689084107,0.8825990969441151
Boxing & MMA,East of USA,0.95,4.384615384615385,2.103111248383433,2.5789473684210527,54.97000122,57,1.598186922002581,1.6153846153846154,2.628783555202355,4.2441681705869705,1.577270133121413,1.921429131529981,0.730919488494014,0.33347131208443703,0.4062344680936408
Boxing & MMA,Eastern Asia,0.95,4.6,3.470510689285432,2.823529411764706,54.97000122,46,2.475554755714245,1.8554621848739492,4.071925218653542,5.927387403527491,2.443155131192125,2.973604228629793,0.7302698524539877,0.5165393867010784,0.6286885695214496
Boxing & MMA,Eastern Europe,0.95,4.555555555555555,1.509230856356236,3.0,54.97000122,41,1.4413100476875649,1.952380952380952,2.37074405950049,4.323125011881443,1.422446435700294,1.7299413967640709,0.7297039888517384,0.3007380088685762,0.3657495411178826
Boxing & MMA,Northern Europe,0.95,5.529411764705882,2.600904819933429,3.2413793103448274,80.84586097172415,94,2.1594311824577344,2.5604172703564183,3.551948212617711,6.112365482974129,2.1311689275706263,2.6367282728147416,0.742332971930221,0.6626776416370511,0.8198791052469038
Boxing & MMA,Oceania,0.95,4.625,2.1998376563477846,3.4545454545454546,54.97000122,37,1.906397599900236,2.2824675324675323,3.1357450066074843,5.418212539075016,1.8814470039644904,2.290591165169496,0.7304774974823773,0.39778132347420536,0.48428384286110937
Boxing & MMA,South America,0.99,6.777777777777778,7.589121901895506,2.4878048780487805,75.22463356341463,122,4.722978301548261,2.4088269454123115,10.98729053094782,13.39611747636013,6.592374318568691,5.752057107587223,0.5235191598315752,1.9073420862584423,1.664216877515706
Boxing & MMA,South Asia,0.95,3.083333333333333,1.8319554050414564,3.3846153846153846,54.97000122,37,1.4722285987309622,1.4908424908424909,2.4216005503243068,3.9124430411667976,1.452960330194584,1.7673917128550594,0.7298444463181039,0.3071893504746457,0.37366740235330964
Boxing & MMA,Southeast Asia,0.95,2.583333333333333,2.274696116900546,3.4,54.97000122,31,1.6565290087539846,1.2547619047619047,2.7247477481993188,3.979509652961224,1.6348486489195913,2.0067364755992565,0.7364852313119377,0.345644739329328,0.42427040966119095
Boxing & MMA,Southern Europe,0.95,4.944444444444445,3.351421510910087,2.5161290322580645,77.88548303161289,89,2.2256754340737657,1.7772657450076803,3.660910310153026,5.438176055160707,2.1965461860918154,2.70929401264612,0.7400601989981206,0.6579963873269543,0.8115948955753838
Boxing & MMA,US Center ,0.95,2.75,1.2817398889233114,2.6666666666666665,54.97000122,22,0.8018721009070908,1.0476190476190474,1.3189622335282252,2.3665812811472726,0.7913773401169351,0.9647128381582254,0.7314180904009796,0.16731543596810877,0.20396256111733582
Boxing & MMA,West Africa,0.95,3.0,0.7559289460184544,2.625,54.97000122,24,0.762648446573665,1.125,1.254445063435599,2.379445063435599,0.7526670380613594,0.9329698335468792,0.7437311212271962,0.1591311846172566,0.19725135726267365
Boxing & MMA,West Asia,0.95,3.4545454545454546,1.8635254955935727,2.2142857142857144,54.97000122000001,38,1.18248381206697,1.0927643784786645,1.9450127870897589,3.037777165568423,1.1670076722538552,1.4462952789793482,0.7435916558386124,0.2467323583367069,0.3057802048075962
Boxing & MMA,West of USA ,0.95,3.5,1.1677484162422844,2.4285714285714284,54.97000122000001,42,1.1003343550387537,1.2142857142857142,1.809888954744803,3.024174669030517,1.0859333728468816,1.3386280943897075,0.7396189091492943,0.2295913801162762,0.28301687685280197
Boxing & MMA,Western Europe,0.99,7.88,5.939416357409764,2.75,81.16029301529412,197,4.060371017499111,3.0957142857142856,9.4458354843761,12.541549770090386,5.66750129062566,4.958696904737082,0.5249611760589122,1.7691387131220624,1.5478818990865137
Camping & Hiking,Canada,0.95,3.857142857142857,2.53546276418555,2.8641975308641974,299.980011,81,1.85132308075493,1.5782312925170068,3.04515548403872,4.623386776555726,1.827093290423232,2.2364730938718336,0.7344364206013057,2.108044097535336,2.5803739357726028
Camping & Hiking,Caribbean,0.95,15.022727272727272,5.0875526915213705,2.94553706505295,299.980011,661,4.515298925803454,6.321428571428571,7.427005814877898,13.748434386306467,4.456203488926739,5.480974290841825,0.7379789955007506,5.141430660101852,6.323779723297877
Camping & Hiking,Central Africa,0.95,6.047619047619048,2.765432886117298,3.0866141732283463,299.980011,127,2.250346693434935,2.6666666666666665,3.701490920594706,6.368157587261372,2.2208945523568238,2.724096437679401,0.7359457300091741,2.562399893253231,3.1429787666927984
Camping & Hiking,Central America,0.99,52.79545454545455,12.535678468766836,2.978476108480413,299.980011,2323,13.847960421549873,22.464285714285715,32.21517328647425,54.67945900075996,19.329103971884543,16.74750139868202,0.5198637688444026,22.301326238869493,19.322752514612105
Camping & Hiking,Central Asia,0.95,2.4375,1.7876893839068724,2.6923076923076925,299.980011,39,1.2071079366825508,0.9375,1.9855158677742015,2.9230158677742017,1.191309520664521,1.4728315979542852,0.7417878758155458,1.3744963196667221,1.6993078421364387
Camping & Hiking,East Africa,0.95,6.5,3.7129118338191502,3.034965034965035,299.980011,143,2.8117481347788966,2.8181818181818183,4.624914117565105,7.443095935746923,2.7749484705390626,3.4245531170457766,0.7404576668871666,3.201650279679774,3.9511441604672166
Camping & Hiking,East of USA,0.95,25.818181818181817,7.865756789408752,2.9577464788732395,299.980011,568,7.300135564903601,10.909090909090908,12.007654461169125,22.91674537026003,7.204592676701473,8.82811963027301,0.7352076676441488,8.312437655413182,10.185613168456205
Camping & Hiking,Eastern Asia,0.95,17.72,8.93737470774649,2.9232505643340856,299.98001099999993,443,7.092480334161539,7.399999999999999,11.666092001727597,19.0660920017276,6.999655201036558,8.670562189968694,0.7432276540151317,8.075987093089052,10.003828235088433
Camping & Hiking,Eastern Europe,0.95,14.454545454545457,4.59531099240118,2.89937106918239,299.980011,318,4.086773269311326,5.987012987012987,6.722143834555061,12.709156821568047,4.033286300733036,4.983631306059728,0.7413752857297489,4.6534818033078675,5.749960669275929
Camping & Hiking,North Africa,0.95,10.590909090909092,3.698894183647078,3.07725321888412,299.980011,233,3.324432514630545,4.655844155844156,5.468204879245455,10.12404903508961,3.280922927547273,4.05567699306003,0.7416834377317009,3.785428061137628,4.679315496117672
Camping & Hiking,Northern Europe,0.95,16.80851063829787,9.023250879213778,3.039240506329114,299.980011,790,6.9124609542531,7.297872340425532,11.369986471763646,18.667858812189177,6.821991883058187,8.43402920281648,0.7417800560943185,7.871004615852715,9.730923742443112
Camping & Hiking,Oceania,0.95,29.125,21.676098838803195,2.964234620886981,299.980011,699,15.399898351727243,12.333333333333332,25.33057865852256,37.66391199185589,15.198347195113534,18.692872238728768,0.7379567790662961,17.535385995276837,21.567261614597886
Camping & Hiking,South America,0.99,27.63636363636364,11.910696597852231,2.8914473684210527,299.980011,1216,9.815833001330322,11.415584415584416,22.83504223458472,34.25062665016914,13.701025340750832,11.952128437726488,0.5234117071009591,15.807822047806589,13.789998539317711
Camping & Hiking,South Asia,0.95,12.25,8.17291328890176,2.9517625231910944,299.980011,539,5.875086545715412,5.165584415584416,9.663657413373793,14.829241828958208,5.798194448024274,7.138732732785546,0.7387195579704704,6.689778593455618,8.236450475796415
Camping & Hiking,South of  USA ,0.95,14.818181818181818,6.215467370361993,2.8435582822085887,299.980011,326,5.028149233933626,6.019480519480519,8.270569504288991,14.29005002376951,4.9623417025733945,6.103359901646074,0.737961261129716,5.725397378937406,7.041869117049031
Camping & Hiking,Southeast Asia,0.95,27.818181818181817,9.084976419165685,3.065359477124183,299.980011,612,8.6352547151778,12.181818181818183,14.203730037910006,26.38554821972819,8.522238022746004,10.484453728974204,0.7381479161453374,9.832696368492172,12.096640557487204
Camping & Hiking,Southern Africa,0.95,4.789473684210527,2.225582255111908,2.78021978021978,299.980011,91,1.6784372242554904,1.9022556390977443,2.760783555927005,4.66303919502475,1.6564701335562029,2.0500934805905637,0.7425766776208543,1.911184341866774,2.3653348648407135
Camping & Hiking,Southern Europe,0.95,15.666666666666666,8.591750800516843,2.8638297872340424,299.980011,705,6.334089635414415,6.409523809523809,10.418650310247129,16.82817411977094,6.2511901861482775,7.7274635284804605,0.7416952578665793,7.212431156937893,8.915709977983337
Camping & Hiking,US Center ,0.95,21.13636363636364,5.91443314955199,2.89247311827957,299.980011,465,5.797583700842267,8.733766233766234,9.536176577885142,18.269942811651376,5.721705946731085,7.051436862259607,0.7394406767395889,6.601528510919832,8.135731182717086
Camping & Hiking,West Africa,0.95,13.181818181818182,5.142135591518221,2.986206896551724,299.980011,290,4.330401834021894,5.623376623376624,7.12287716284822,12.746253786224845,4.273726297708932,5.264757030249191,0.7391334863542665,4.930894083837364,6.074314891717229
Camping & Hiking,West Asia,0.95,21.181818181818183,5.315174715010058,2.851931330472103,299.980011,466,5.621829301359026,8.62987012987013,9.247086316442454,17.876956446312583,5.548251789865472,6.837398974492091,0.7394111767221592,6.401402434440823,7.888780844536639
Camping & Hiking,West of USA ,0.95,27.90909090909091,8.895740505106875,3.006514657980456,299.980011,614,8.4378834611636,11.987012987012989,13.87908321488879,25.866096201901776,8.327449928933275,10.298929398700158,0.7420468080810971,9.60795585108982,11.882588285808835
Camping & Hiking,Western Europe,0.99,44.0,21.77675992261642,2.915656565656566,299.980011,1980,16.908257160218675,18.32698412698413,39.33448809841054,57.66147222539467,23.600692859046323,20.523715881245348,0.5217740683416874,27.229754244093606,23.67963275314175
Cardio Equipment,Canada,0.95,12.4,5.743646375275076,3.0921052631578947,98.14815581105265,248,4.775503308584598,5.477443609022557,7.855003937644132,13.332447546666687,4.713002362586479,5.762195570009169,0.7335700421987774,1.7791249623884502,2.1751879562269893
Cardio Equipment,Caribbean,0.95,42.86363636363637,18.280235748684536,2.941732283464567,98.11624988579528,1886,15.08822760753262,18.013334696799266,24.817925904519363,42.83126060131863,14.890755542711616,18.276105568854287,0.7364074515802383,5.6193272762191695,6.89685746512647
Cardio Equipment,Central Africa,0.95,16.80952380952381,10.777843233314574,2.9478260869565216,97.55556315182608,353,7.841884798935122,7.078793256433008,12.89875265366405,19.97754591009706,7.73925159219843,9.484356586788554,0.7352925388560269,2.903873259425325,3.5586605690649558
Cardio Equipment,Central America,0.99,140.3181818181818,36.08566856367087,2.9715686274509805,98.2402479135,6174,37.78040887852953,59.566443850267376,87.89037387496087,147.45681772522823,52.73422432497652,45.84339887753891,0.5215974953384429,19.925474120045447,17.321795657411116
Cardio Equipment,Central Asia,0.95,5.666666666666667,3.4978985287808246,2.6578947368421053,96.30631376210526,102,2.335167567056335,2.1516290726817044,3.841008842212058,5.992637914893763,2.3046053053272346,2.847935429084532,0.7414550567512858,0.8536463139717579,1.0549006269524261
Cardio Equipment,East Africa,0.95,23.272727272727277,12.38348292487414,2.97972972972973,98.09837629621622,512,9.388185871922076,9.906633906633909,15.442191581925597,25.348825488559505,9.265314949155355,11.420933281400442,0.7395927722311217,3.4958167399430753,4.3091346565107695
Cardio Equipment,East of USA,0.95,68.72727272727273,21.08527316846392,3.0242424242424244,97.8690888339394,1512,20.047824797789414,29.69256198347108,32.97573733113158,62.66829931460266,19.78544239867895,24.41962351598665,0.7405330552816082,7.447627768211928,9.192024242990206
Cardio Equipment,Eastern Asia,0.95,51.96,26.09833966621887,2.912442396313364,98.21605782207374,1299,20.230758121756303,21.618643844634622,33.276635872548816,54.89527971718344,19.96598152352929,24.59333062870637,0.7390569985169192,7.542230753036188,9.290230704101544
Cardio Equipment,Eastern Europe,0.95,39.54545454545455,15.807554772284924,2.944055944055944,97.05335459314684,870,13.142561610162002,16.632004359277087,21.61759013190815,38.24959449118524,12.970554079144888,16.053519452556632,0.7426137397646929,4.841676093510908,5.9924919842190745
Cardio Equipment,North Africa,0.95,31.681818181818183,12.210012923187902,3.0211864406779663,97.91402334720338,697,10.418170052197082,13.673811358133394,17.13636479655358,30.81017615468697,10.281818877932148,12.564757165078989,0.7332218538908544,3.8720548217906336,4.731792024667251
Cardio Equipment,Northern Europe,0.95,45.86666666666667,25.52147046205321,2.9710982658959537,99.18086493676302,2064,19.208534591556205,19.46776768510873,31.59522779134404,51.06299547645277,18.957136674806424,23.460288679804798,0.7425263345065064,7.23148158512205,8.949275857419963
Cardio Equipment,Oceania,0.95,82.58333333333333,46.3483189195322,2.890060240963856,98.51430513403616,1982,34.396400313402914,34.09582974756167,56.577043809575535,90.6728735571372,33.94622628574532,41.8829785712412,0.7402822019511842,12.862264978703669,15.869509734190592
Cardio Equipment,South America,0.99,74.68181818181819,31.502508373566677,2.9206642066420665,98.0530052992989,3286,25.72150628666209,31.16007332151244,59.83717146710448,90.99724478861692,35.90230288026268,31.61383364090208,0.5283310167540557,13.539725748367044,11.922428452009713
Cardio Equipment,South Asia,0.95,31.727272727272727,21.17739430615364,2.9106382978723406,98.35193408029788,1396,15.324849221534066,13.192373583862944,25.207133824524757,38.3995074083877,15.12428029471485,18.698715966733207,0.7418025427603626,5.721162379068243,7.073288000562915
Cardio Equipment,South of  USA ,0.95,38.04545454545455,15.06960761244544,2.904109589041096,98.0724636720548,837,12.56942973462256,15.7840241949831,20.6748720877056,36.4588962826887,12.40492325262336,15.33194245452303,0.7415737514352138,4.67915917325974,5.783236036127864
Cardio Equipment,Southeast Asia,0.95,73.95454545454545,25.3893064717586,2.9113207547169813,97.87709226422642,1627,23.123353000835788,30.75791472678265,38.034531050703954,68.7924457774866,22.820718630422373,27.96961392657916,0.7353742284686717,8.590867626637698,10.529171088025311
Cardio Equipment,Southern Africa,0.95,12.272727272727272,5.791470067359888,2.977777777777778,97.65699793133334,270,4.571982200503368,5.220779220779221,7.520241504855537,12.741020725634758,4.512144902913322,5.555048384726351,0.7386795199515421,1.6947789440372405,2.0864974946756845
Cardio Equipment,Southern Europe,0.95,36.66666666666666,24.00138884870346,2.861685214626391,98.7660074363752,1870,17.085473993768474,14.989779695662046,28.10310386683513,43.09288356249718,16.86186232010108,20.74369803551276,0.7381283623974607,6.40530315114707,7.879893209359135
Cardio Equipment,US Center ,0.95,51.59090909090909,15.38910898410546,2.8058510638297878,98.50084896936173,1135,14.773091933196795,20.679486736667588,24.29957384760629,44.979060584273874,14.579744308563772,17.968538706709023,0.7394590053059336,5.523527662114428,6.807370451344907
Cardio Equipment,West Africa,0.95,35.86363636363637,13.35342101537478,2.913207547169811,98.40531866316982,789,11.256600337628806,14.925459446214164,18.515459892491908,33.440919338706074,11.109275935495145,13.638872699418505,0.7366207903347364,4.204660917498015,5.162067746894944
Cardio Equipment,West Asia,0.95,56.95454545454545,14.717910283626647,2.978922716627635,97.69524383180328,1253,15.449328724658766,24.237598467106665,25.411884386720534,49.6494828538272,15.24713063203232,18.72598914081818,0.7368988799037588,5.729123633968287,7.036307981168972
Cardio Equipment,West of USA ,0.95,77.77272727272727,19.51539518817514,3.037433155080214,97.49481077051692,1711,21.45322190496389,33.74706576845614,35.28740986017463,69.03447562863076,21.17244591610477,26.10966759292545,0.7399145388223245,7.939244646690917,9.790604235589866
Cardio Equipment,Western Europe,0.99,121.5744680851064,68.00215619370847,2.935924369747899,98.37258194306725,5714,51.06906962639152,50.99049194145744,118.8044215545996,169.794913496057,71.28265293275975,61.90663966610949,0.5210802666772695,26.970225449027428,23.422753782208822
Cleats,Canada,0.95,21.4,10.864718370172229,3.1241379310344826,59.990001680000006,428,8.67939856055596,9.550935960591133,14.276340202087855,23.82727616267899,8.565804121252715,10.56865336535407,0.7402915043876894,1.9763946293250054,2.438513589011263
Cleats,Caribbean,0.95,84.72093023255815,26.96852272857532,2.987489574645538,59.990001680000006,3643,25.15309467105919,36.15755654629135,41.37315899874545,77.5307155450368,24.82389539924727,30.52273336837188,0.7377423940312948,5.7276366411730315,7.042533946333928
Cleats,Central Africa,0.95,34.4,15.18447961086028,2.858921161825726,59.99000168,688,12.127129454748154,14.049555423829284,19.94735286815253,33.99690829198181,11.96841172089152,14.61373519685736,0.7326152644639531,2.761480920166208,3.3718384577328777
Cleats,Central America,0.99,276.45454545454544,56.6090035346316,2.9479553903345725,59.99000167999999,12164,69.08371635019154,116.4250953507459,160.71275666210855,277.13785201285447,96.42765399726512,84.19397594516964,0.5238786123380594,22.248827404978435,19.426141378448484
Cleats,Central Asia,0.95,13.263157894736842,8.278768730669219,2.9753086419753085,59.990001680000006,252,6.259692843205229,5.637426900584795,10.296278476748292,15.933705377333087,6.177767086048976,7.6279527692917,0.7408456158715623,1.4254009918104877,1.7600034594029608
Cleats,East Africa,0.95,37.86363636363637,15.119509486076828,3.060931899641577,59.990001680000006,833,12.558548719355384,16.55685891169762,20.65697441027847,37.21383332197609,12.394184646167082,15.240875598386117,0.7378077396853714,2.859719837483821,3.5165390490455937
Cleats,East of USA,0.95,128.8181818181818,33.67581633844392,2.9158576051779934,59.99000168,2834,34.95674575423731,53.65935359139242,57.498730040277714,111.15808363167014,34.49923802416663,42.34124374507631,0.7363857204396754,7.960035950109524,9.76942801307853
Cleats,Eastern Asia,0.95,83.37931034482759,52.62292669353446,2.878228782287823,59.99000168,2418,37.956756866764295,34.28353298311308,62.433309199612445,96.71684218272551,37.45998551976746,46.304049099787,0.7416561718960499,8.64317151639856,10.683769166488556
Cleats,Eastern Europe,0.95,79.04545454545455,23.574557053309405,2.9169611307420493,59.99000167999999,1739,23.31195127005997,32.93893121013262,38.344747597874125,71.28367880800675,23.006848558724474,28.20760462711134,0.7356315113331245,5.308388014189949,6.5083624960353275
Cleats,North Africa,0.95,66.72727272727273,27.309830461334613,2.8464730290456437,59.99000168,1468,22.09146788324353,27.133911731422103,36.33723107243508,63.47114280385719,21.80233864346105,26.695565113654222,0.7346615117821983,5.030470507112144,6.1594884462179476
Cleats,Northern Europe,0.95,77.70588235294117,51.54814996395004,2.941448382126348,60.91450086536209,3963,37.25611522321339,32.652548846965594,61.2808562510245,93.93340509799008,36.7685137506147,45.33227510975328,0.7397461113150716,8.614367933384221,10.620741966930382
Cleats,Oceania,0.95,154.08333333333334,114.34384326562416,2.91990291262136,59.99000168,3698,80.71743722034576,64.2726248266297,132.76836937011348,197.0409941967432,79.66102162206808,97.58407683959504,0.7349949186132091,18.380249311301462,22.515649744417523
Cleats,South America,0.99,138.04545454545453,44.25662717182357,2.9657869012707723,59.99000168,6074,41.38857256789395,58.48762869583983,96.28421780290516,154.771846498745,57.7705306817431,50.49716142467619,0.5244593826170394,13.329439356354847,11.651249225775217
Cleats,South Asia,0.95,64.77272727272727,45.44092184843437,2.9460317460317462,59.99000168,2850,32.689848902566006,27.260358688930115,53.770016531881296,81.03037522081141,32.26200991912878,39.631255888757714,0.7370512126448681,7.443838574033508,9.144150412873406
Cleats,South of  USA ,0.95,78.68181818181819,28.68446794519119,2.868600682593857,59.99000168,1731,25.37517771331241,32.243816763441345,41.73845309628008,73.98226985972143,25.043071857768048,30.84813706342164,0.7390819442268923,5.778207395461023,7.117614593305902
Cleats,Southeast Asia,0.95,147.82608695652175,54.44985363859872,2.884986830553117,59.99000168,3400,47.1486565081677,60.925187725966445,77.55263866334877,138.47782638931525,46.53158319800927,57.248707656325465,0.7381916159531151,10.736268285467832,13.20903872492613
Cleats,Southern Africa,0.95,19.5,11.048593963551587,3.026315789473684,59.99000168,429,8.244702878236088,8.430451127819548,13.561329432403872,21.991780560223415,8.136797659442323,10.1088441003535,0.7454168966796948,1.8774096356144807,2.3324214406271713
Cleats,Southern Europe,0.95,70.46153846153847,48.80511928245809,2.9128697042366105,61.52477378884093,3664,34.564430744766725,29.320754385502585,56.85342927404252,86.17418365954511,34.11205756442551,42.23932566603901,0.7429512380412232,8.072063942781538,9.995249833062434
Cleats,US Center ,0.95,118.5,30.03608940369346,2.832744405182568,59.99000168,2607,30.87058736935832,47.95431600201918,50.77759760061134,98.73191360263051,30.4665585603668,37.54412127616417,0.7393835677588685,7.029572689308549,8.662584224735433
Cleats,West Africa,0.95,70.77272727272727,29.20523732904575,3.0826771653543306,59.99000168,1557,24.29105826982625,31.167067184783715,39.955235297613264,71.12230248239698,23.97314117856796,29.401871783427698,0.7358703199824236,5.531341459912189,6.783916683396047
Cleats,West Asia,0.95,121.4090909090909,23.0974315020381,2.958477508650519,59.99000168,2671,29.25165056209843,51.31229497146452,48.11468352138467,99.4269784928492,28.8688101128308,35.61905066584062,0.7402948135366964,6.660922950647388,8.218411189553015
Cleats,West of USA ,0.95,165.72727272727272,46.943919752526014,3.0139802631578947,59.99000168,3646,47.25526620007725,71.35696129528365,77.72799600175438,149.08495729703804,46.63679760105263,57.2755215840971,0.7368711986708669,10.760544486296027,13.215225523280237
Cleats,Western Europe,0.99,207.11320754716985,140.66731898311846,2.8710027100271,61.48593656779404,10977,100.85921456230908,84.94608287861854,234.63361937445677,319.5797022530753,140.78017162467404,123.16395961933506,0.524920341542254,33.292310394299484,29.126351571510703
Electronics,Canada,0.95,4.846153846153846,3.5319058558176457,2.9545454545454546,39.21727345227273,63,2.4555514833587577,2.0454545454545454,4.03902276356872,6.084477309023265,2.423413658141232,2.9513843812395817,0.7307174418179945,0.3655372158434511,0.44517403208399775
Electronics,Caribbean,0.95,12.428571428571429,6.638947977812512,2.986577181208053,39.31214826704698,435,5.122482358374839,5.302698260512258,8.425733686167785,13.728431946680043,5.055440211700671,6.144427896190523,0.7292454431923956,0.7643854429137237,0.9290410018123899
Electronics,Central Africa,0.95,6.866666666666666,4.4539976692961165,3.1818181818181817,38.20212173454546,103,3.238807959929945,3.121212121212121,5.327365019890069,8.44857714110219,3.196419011934041,3.8888567184035314,0.729977522449509,0.46965380080199903,0.5713945298640641
Electronics,Central America,0.99,40.5,12.60725414762696,2.9129554655870447,39.95153917107288,1458,11.680675799081012,16.85352805089647,27.17331531255241,44.02684336344888,16.303989187531446,14.273642407271256,0.5252815949431723,2.5052671641169666,2.1932845528768636
Electronics,Central Asia,0.95,4.25,1.5811388300841898,2.833333333333333,40.990000725,34,1.2828965937975054,1.7202380952380951,2.1101771153115165,3.830415210549612,1.2661062691869098,1.5427400035650891,0.7310950310146554,0.19960652650730187,0.2432188994793058
Electronics,East Africa,0.95,6.0,3.4978985287808246,3.2051282051282053,41.63102643948718,108,2.7129600362020088,2.7472527472527477,4.462422155321272,7.209674902574019,2.677453293192763,3.2631205832300805,0.7312442592054925,0.4287120339976921,0.5224886895218704
Electronics,East of USA,0.95,19.727272727272727,10.525170819479406,2.8642857142857143,39.368572030785714,434,7.75483872246553,8.072077922077922,12.75557459907115,20.82765252114907,7.653344759442689,9.455718990068895,0.741300904685035,1.1588509786098302,1.4317621313976756
Electronics,Eastern Asia,0.95,16.73913043478261,8.718931290350316,3.15702479338843,38.452810476611575,385,6.817592994107539,7.549407114624507,11.213942563436731,18.76334967806124,6.728365538062039,8.307280809670692,0.7407993007523274,0.9950944802017856,1.2286088251933056
Electronics,Eastern Europe,0.95,15.05,9.599753286303496,2.86734693877551,38.84714344571428,301,6.947780408792402,6.164795918367347,11.428081804664563,17.59287772303191,6.856849082798739,8.468538769305638,0.7410288895419931,1.0244961534811425,1.265302078256957
Electronics,North Africa,0.95,11.904761904761903,5.503678423606905,2.9746835443037973,39.43303861506329,250,4.360870653556004,5.0589856195642815,7.172993911167831,12.231979530732112,4.3037963467006985,5.302801187600983,0.7392730641169103,0.6527375674262191,0.8042521692256657
Electronics,Northern Europe,0.95,14.083333333333334,8.890232386392269,2.862068965517241,39.13655236681035,338,6.61415488114731,5.758210180623974,10.879316645473937,16.63752682609791,6.527589987284362,8.05136879539736,0.7400619963338348,0.9825667975631589,1.2119339095598907
Electronics,Oceania,0.95,23.541666666666668,14.071182907126078,2.935,38.72000058175,565,10.319511188728695,9.870684523809524,16.974085407146692,26.844769930956215,10.184451244288017,12.59244867782477,0.741863162331144,1.5166998388601405,1.8753062312732005
Electronics,South America,0.99,21.55555555555556,9.640522939119151,2.833333333333333,40.35434180286821,776,7.67751571696655,8.724867724867726,17.860572366080273,26.585440090948,10.716343419648164,9.272544061744808,0.5191627609513045,1.6632730201284598,1.4391823555761767
Electronics,South Asia,0.95,12.195121951219512,7.510724040314363,3.0764331210191083,39.00910885318471,500,5.55556589952904,5.359639583656984,9.13809271960826,14.497732303265243,5.482855631764956,6.745594444148318,0.7381840665365337,0.8226204314069847,1.012075492120076
Electronics,South of  USA ,0.95,13.095238095238097,5.5579201317108,2.9479166666666665,38.77125056583333,275,4.733125959515344,5.514810090702948,7.785299401326981,13.300109492029929,4.671179640796188,5.750630521754658,0.7386524557776777,0.696567216505109,0.8575351418095336
Electronics,Southeast Asia,0.95,26.272727272727277,9.789118439718656,2.800970873786408,39.28611710932039,578,8.308383316829982,10.512734837977556,13.666074432790898,24.17880927076845,8.199644659674538,10.136923360716407,0.7417582430543104,1.238970001364567,1.531693685681963
Electronics,Southern Africa,0.95,4.764705882352941,3.1529631254723287,3.076923076923077,41.1438469523077,81,2.3588953199363845,2.094376212023271,3.880037522596216,5.974413734619486,2.328022513557729,2.8991263273251224,0.7471902811355431,0.3683992384590226,0.45877388425719523
Electronics,Southern Europe,0.95,13.4,8.587782018658833,2.843137254901961,39.17627514117648,335,6.204032422896534,5.442577030812325,10.204725232525892,15.64730226333822,6.122835139515536,7.551173860378726,0.7399683664495535,0.9225764387297091,1.137795633819449
Electronics,US Center ,0.95,15.545454545454543,8.33653618104279,2.819672131147541,40.40803349622952,342,6.159438371181617,6.26186927826272,10.131374544822153,16.393243823084873,6.0788247268932905,7.509483465768256,0.741210724422989,0.9447436660846629,1.1670902285544056
Electronics,West Africa,0.95,10.285714285714286,5.5420470689345205,3.055555555555556,39.7955562275,216,4.346322507465768,4.489795918367347,7.149064340305886,11.638860258673231,4.289438604183531,5.251285615747604,0.734541663884776,0.6565407506045956,0.8037608922620991
Electronics,West Asia,0.95,16.636363636363637,9.052994529806696,2.949152542372881,39.64254303313559,366,6.848178891484914,7.009024873431653,11.264251887671474,18.273276761103126,6.758551132602884,8.348344985135828,0.741136212896033,1.030485208137912,1.2728831743411875
Electronics,West of USA ,0.95,23.40909090909091,8.318991988554126,2.739884393063584,38.88017397531792,515,6.97056291384884,9.162600405374974,11.465555690737688,20.62815609611266,6.879333414442613,8.496746249371803,0.7410671125374061,1.0287295384144104,1.2705960476911762
Electronics,Western Europe,0.99,37.61538461538461,19.865702953737976,2.984520123839009,39.113839618978325,978,15.331561983370536,16.037696050079948,35.66654662573942,51.70424267581937,21.399927975443653,18.81637559032027,0.5275637080249616,3.2193590411122717,2.830694988654791
Fishing,Canada,0.95,3.45,2.139232523470435,2.869565217391304,399.980011,69,1.5968258419386503,1.4142857142857144,2.626544777722627,4.040830492008341,1.5759268666335762,1.9359026146284315,0.7370529644299367,2.424381713274205,2.978162881130803
Fishing,Caribbean,0.95,19.232558139534884,6.4284976001666845,3.010882708585248,399.98001099999993,827,5.9236213310875225,8.272425249169435,9.743490031126418,18.015915280295854,5.846094018675851,7.212931766915202,0.7402821518647702,8.993541345757695,11.096263567203813
Fishing,Central Africa,0.95,8.0,4.39317652729776,2.946428571428572,399.980011,168,3.302555006339502,3.3673469387755106,5.432219580384272,8.799566519159782,3.2593317482305637,4.019787786268861,0.7399899298592977,5.014105955807347,6.183979857574941
Fishing,Central America,0.99,64.13636363636364,14.656677038748644,2.9560595322466336,399.98001099999993,2822,16.56027147967988,27.084415584415584,38.52495235029246,65.60936793470805,23.114971410175475,20.09062020175669,0.5214963024244771,35.55971738041027,30.907101881905625
Fishing,Central Asia,0.95,3.555555555555556,2.2809240187005284,3.03125,399.980011,64,1.7312498097856968,1.5396825396825398,2.8476525287850496,4.387335068467589,1.7085915172710298,2.109593590761392,0.7408184704548378,2.6284709764329737,3.2453664139933505
Fishing,East Africa,0.95,9.0,5.080307452263476,3.090909090909091,399.980011,198,3.844769396218449,3.974025974025974,6.324082886161937,10.298108860187911,3.794449731697162,4.651153845343284,0.7354669331612844,5.837323251627608,7.155263716242689
Fishing,East of USA,0.95,32.09090909090909,9.461244712782326,2.9475920679886687,399.980011,706,9.11162883351647,13.512987012987017,14.987295734245176,28.50028274723219,8.992377440547106,11.109699555827278,0.7412744602378268,13.833735490716089,17.09099134825573
Fishing,Eastern Asia,0.95,24.03846153846154,12.395098286760842,3.0688,399.980011,625,9.813899112260431,10.53846153846154,16.142427549337402,26.680889087798946,9.68545652960244,11.974069622550603,0.7417762654317815,14.899957727886177,18.420724997471368
Fishing,Eastern Europe,0.95,17.227272727272727,5.060884716386465,3.002638522427441,399.980011,379,4.839501254379212,7.389610389610389,7.960271190901846,15.349881580512236,4.776162714541107,5.894768369555906,0.7405235610934089,7.347575442692085,9.068421220374706
Fishing,North Africa,0.95,14.5,5.325142519890228,2.8557993730407523,399.980011,319,4.66949949320311,5.915584415584416,7.680643177443198,13.596227593027614,4.608385906465919,5.674601143794478,0.7388184833868939,7.08947017523263,8.729719338136645
Fishing,Northern Europe,0.95,19.97826086956522,11.249669882435132,2.941240478781284,399.9800110000001,919,8.483426615277683,8.3944099378882,13.953995037116147,22.34840497500435,8.372397022269688,10.256220145565516,0.7350024217641656,12.879967127168456,15.778011717852761
Fishing,Oceania,0.95,37.333333333333336,23.53843603586468,2.989955357142857,399.980011,896,17.30854134954463,15.946428571428571,28.47001701603801,44.41644558746658,17.08201020962281,21.079266542308407,0.7404023162484878,26.27870242902709,32.428020244094036
Fishing,South America,0.99,32.61363636363637,15.333829311462466,2.970731707317073,399.980011,1435,12.33297622678086,13.840909090909092,28.690793025767885,42.531702116676975,17.21447581546073,14.975871231925984,0.5219748097752404,26.482485484720065,23.038650538770533
Fishing,South Asia,0.95,15.090909090909092,10.197624396906397,2.9322289156626504,399.980011,664,7.3899967375052675,6.321428571428572,12.155462936845083,18.476891508273656,7.293277762107051,9.000402572568884,0.7404409539423854,11.219866613513977,13.846081230694349
Fishing,South of  USA ,0.95,17.454545454545453,6.68136906933696,3.005208333333333,399.98001099999993,384,5.83325679983368,7.493506493506493,9.594853604145763,17.08836009765226,5.756912162487459,7.123014491332207,0.7423786526825672,8.856345346452953,10.957936209985444
Fishing,Southeast Asia,0.95,36.130434782608695,13.612508778947287,2.9759326113116726,399.980011,831,11.624398273183727,15.360248447204969,19.120433660774683,34.48068210797965,11.47226019646481,14.174049750564514,0.7413037801356143,17.6487490752956,21.80514067363593
Fishing,Southern Africa,0.95,5.9523809523809526,3.556349117791875,3.0,399.980011,125,2.65238736568073,2.5510204081632653,4.36278897852021,6.913809386683475,2.617673387112126,3.222604688529239,0.7386570160499251,4.026988577582752,4.957605610640679
Fishing,Southern Europe,0.95,16.87037037037037,12.18574220422313,2.8814489571899013,399.98001099999993,911,8.578013664050136,6.944444444444445,14.109576887352151,21.0540213317966,8.465746132411292,10.387293222658338,0.7361874353560186,13.023573966019521,15.979652528688874
Fishing,US Center ,0.95,27.045454545454547,8.780266145913437,2.9058823529411764,399.980011,595,7.908180310908853,11.227272727272728,13.007799066984647,24.23507179425737,7.804679440190788,9.5670203173049,0.735483402537109,12.006599108996097,14.717757275972453
Fishing,West Africa,0.95,17.045454545454547,6.252445409043856,2.970666666666667,399.980011,375,5.4524261421160185,7.233766233766235,8.968442915544557,16.202209149310793,5.381065749326734,6.628114733564969,0.7390485501197522,8.27814899079781,10.196590015540686
Fishing,West Asia,0.95,26.954545454545453,7.26031137156811,2.833052276559865,399.980011,593,7.243331428644991,10.909090909090908,11.9142199716183,22.823310880709208,7.14853198297098,8.803986449298904,0.7389477842671611,10.997191927625325,13.543917680132411
Fishing,West of USA ,0.95,37.0,10.184021097498068,2.901719901719902,399.980011,814,10.237281770321326,15.33766233766234,16.83883005003722,32.17649238769956,10.103298030022332,12.491440804541076,0.7418235570655615,15.54275868147927,19.216640886177647
Fishing,Western Europe,0.99,52.12,32.76860119824764,2.9056024558710667,399.980011,2606,23.839984841375163,21.63428571428571,55.46009805289898,77.0943837671847,33.276058831739384,28.963119862767897,0.5222334773938243,51.191378375214484,44.55641923578547
Fitness Accessories,Caribbean,0.95,3.2857142857142856,1.5898026693500449,2.8823529411764706,34.99000168,46,1.3460538652444485,1.352941176470588,2.2140615823193794,3.5670027587899678,1.3284369493916277,1.63949857028571,0.7404936625873902,0.1787769657345659,0.22063868357174846
Fitness Accessories,Central America,0.99,5.041666666666667,3.747221192652853,3.071428571428572,34.99000168,121,2.735507270747375,2.2121598639455784,6.363741523726418,8.575901387671996,3.8182449142358506,3.333213120670608,0.5237819776688192,0.5138476767837072,0.4485735872771639
Fitness Accessories,Eastern Asia,0.95,3.333333333333333,2.269694946796849,3.25,34.99000168,40,1.7285710310503244,1.5476190476190477,2.843246329866372,4.39086537748542,1.705947797919823,2.10086493582849,0.7388965612160756,0.22958121659694963,0.2827279524388152
Fitness Accessories,Northern Europe,0.95,4.090909090909091,2.21153998175685,3.25,140.9274995275,45,1.8367563504841955,1.8993506493506491,3.0211953449200784,4.920545994270728,1.812717206952047,2.241179092191799,0.7418186632520071,0.9825450127931759,1.2147837132919332
Fitness Accessories,Oceania,0.95,4.333333333333333,3.278719262151,2.631578947368421,34.99000168,39,2.210988733111244,1.629072681704261,3.6367528368068696,5.2658255185111305,2.182051702084121,2.6598941213542893,0.731392602333053,0.29365381816065483,0.35796038374926425
Fitness Accessories,South America,0.99,4.5625,2.756053942384534,2.576923076923077,34.99000168,73,1.9020551430844104,1.6796016483516485,4.424841938422865,6.104443586774514,2.6549051630537197,2.297020154708848,0.5191191429376953,0.3572889850595782,0.3091259195086786
Fitness Accessories,South Asia,0.95,3.6,1.429840705968481,2.6,34.99000168,36,1.056908719551601,1.3371428571428572,1.7384601407110871,3.0756029978539443,1.0430760844266522,1.292799538570219,0.7436463501782798,0.14037397671713994,0.17398099240951995
Fitness Accessories,Southeast Asia,0.95,3.083333333333333,2.391588796113782,3.125,34.99000168,37,1.7188395254446365,1.3764880952380951,2.8272394275751576,4.203727522813253,1.6963436565450944,2.10832832157795,0.7457197650169313,0.2282887207398854,0.2837323519769387
Fitness Accessories,US Center ,0.95,3.5,2.2360679774997894,3.0,34.99000168,42,1.6793019219470169,1.5,2.7622058570611285,4.2622058570611285,1.6573235142366771,2.0410531644329444,0.7389214526554293,0.22303750979786474,0.2746786678941463
Fitness Accessories,West Africa,0.95,4.666666666666667,1.5,2.4166666666666665,34.99000168,42,1.3048799332550258,1.6111111111111112,2.1463364909507243,3.757447602061836,1.2878018945704346,1.5808257697812746,0.7365228035987239,0.17330842482510264,0.21274267823243884
Fitness Accessories,West Asia,0.95,5.0,2.449489742783178,3.25,34.99000168,50,1.824227541303162,2.321428571428572,3.000587287697273,5.322015859125845,1.8003523726183637,2.191030873522465,0.7302006785491378,0.24228589439426357,0.29486220748262665
Fitness Accessories,West of USA ,0.95,3.642857142857143,1.5984195491000024,3.4444444444444446,34.99000168,51,1.4502761719828026,1.7925170068027212,2.38549202156721,4.178009028369932,1.431295212940326,1.768048762726704,0.741167334345197,0.19261931502060758,0.23793857376203575
Fitness Accessories,Western Europe,0.99,5.555555555555555,2.914915440650687,2.783783783783784,111.34135148,100,2.089591156452643,2.2093522093522093,4.861115944428147,7.070468153780356,2.9166695666568883,2.5594130258946843,0.526507298972843,1.249022812969861,1.09603271268704
Girls' Apparel,Caribbean,0.95,5.67741935483871,2.959584393955719,2.967741935483871,44.67451661677419,176,2.1868247528611438,2.4070165006689463,3.5970066262509084,6.004023126919854,2.158203975750545,2.6253400798187894,0.7298680132138459,0.37083353606559943,0.45109922700210686
Girls' Apparel,Central Africa,0.95,5.545454545454546,4.107642544419764,3.2777777777777777,43.60888926222222,61,3.1011890382170697,2.5966810966810967,5.101002037373495,7.697683134054591,3.0606012224240966,3.763486247076413,0.7377935196854444,0.5133439222481323,0.6312363653409677
Girls' Apparel,Central America,0.99,16.457142857142856,8.01595048543053,2.7593582887700534,42.40390416556149,576,6.30796971102292,6.48730765033286,14.674531926752186,21.161839577085047,8.804719156051311,7.71010243476923,0.5254070435264407,1.435978720376474,1.2574555567331416
Girls' Apparel,East of USA,0.95,7.454545454545454,5.28904773792277,3.0166666666666666,38.16500028,164,3.791889850348815,3.212554112554112,6.237103773346724,9.449657885900836,3.7422622640080334,4.609384405810116,0.7390264092618741,0.5493209244373078,0.676604450532195
Girls' Apparel,Eastern Asia,0.95,7.85,4.648429276308516,3.0384615384615383,41.05557727846154,157,3.451307957093145,3.407417582417582,5.676896410951136,9.08431399336872,3.4061378465706817,4.194251433518529,0.7388282487289217,0.5378498291575969,0.6622977455927618
Girls' Apparel,Eastern Europe,0.95,5.6875,4.126641087696708,2.78125,44.840625525,91,2.9265757315697143,2.259765625,4.813788706620603,7.073554331620603,2.8882732239723614,3.5561470592903315,0.7387418260380676,0.49812299250011194,0.6133071484517989
Girls' Apparel,North Africa,0.95,3.8333333333333335,2.79067711996189,3.411764705882353,42.056470983529415,46,2.1592491723397385,1.8683473389355745,3.5516488326149838,5.419996171550558,2.13098929956899,2.6464922917971934,0.7451446965967783,0.3446995755520574,0.42808510106962666
Girls' Apparel,Northern Europe,0.95,8.526315789473685,5.13558847707329,3.145454545454545,41.90690945745455,162,3.8766441042679456,3.831305536568695,6.376512115305172,10.207817651873867,3.825907269183103,4.696567155907978,0.7365417129272099,0.6166613443164365,0.7569946713980403
Girls' Apparel,Oceania,0.95,9.25,7.853091915390966,2.9827586206896552,42.0674140537931,185,5.4812379629878345,3.941502463054188,9.01583414360464,12.957336606658828,5.409500486162783,6.671791284960678,0.7400082098552464,0.8752449875984804,1.0794807940958815
Girls' Apparel,South America,0.99,9.12121212121212,5.342971877602247,2.8762886597938144,42.11051594886598,301,3.939409327040357,3.747891283973758,9.164436512936994,12.912327796910752,5.498661907762196,4.78118226645583,0.5217104466495529,0.8905826537086223,0.7743771234077825
Girls' Apparel,South Asia,0.95,6.1,4.325944186353805,3.125,43.65875033,183,3.1895074324998984,2.7232142857142856,5.246272868536136,7.969487154250421,3.1477637211216813,3.875918632369335,0.7387947080706898,0.528567039993397,0.650837553346184
Girls' Apparel,South of  USA ,0.95,5.789473684210527,3.895566530877277,2.8529411764705883,41.32058872941177,110,2.7699320033080213,2.359575409111013,4.556132702050156,6.915708111161169,2.733679621230093,3.3632219970417605,0.7381747233851172,0.43445096671854927,0.5345012036364366
Girls' Apparel,Southeast Asia,0.95,10.55,6.492708460873223,3.056338028169014,39.43464821859156,211,4.909134380288351,4.606338028169014,8.074807490609462,12.681145518778475,4.844884494365677,6.025739376075053,0.7462393850358218,0.7348319834423821,0.9139342790478273
Girls' Apparel,Southern Africa,0.95,5.375,2.9246489410818914,2.333333333333333,42.91500028,43,1.984086421843682,1.791666666666667,3.263531747154749,5.055198413821416,1.9581190482928492,2.429746486591866,0.7445144324734075,0.323202613483696,0.40104835058622673
Girls' Apparel,Southern Europe,0.95,6.444444444444445,4.579008654876938,3.051282051282051,41.535128765128206,116,3.337855824306167,2.809116809116809,5.490284258851095,8.299401067967905,3.294170555310657,4.100484122574104,0.7468618980817902,0.5262453776504694,0.655054369347997
Girls' Apparel,US Center ,0.95,7.842105263157895,4.336705840134842,2.795918367346939,42.65000051428572,149,3.2472966883224395,3.132269449133037,5.3413277355746684,8.473597184707705,3.204796641344801,3.962967675089644,0.7419443013569869,0.525709916928988,0.6500791283871963
Girls' Apparel,West Africa,0.95,4.5625,1.8962682651284688,2.592592592592593,45.36925944592593,73,1.532864882475372,1.6898148148148149,2.521338361566157,4.211153176380972,1.5128030169396944,1.8652109028441728,0.7397701678110258,0.26397981756198646,0.32547398989425774
Girls' Apparel,West Asia,0.95,7.526315789473684,3.702377930355204,3.1020408163265305,38.97673517387755,143,2.986036007391679,3.335276967930029,4.911592156965897,8.246869124895927,2.946955294179538,3.593877373773599,0.7317133139152362,0.4417796002711241,0.5387600255575543
Girls' Apparel,West of USA ,0.95,10.727272727272728,8.177680531450154,2.8783783783783785,38.78108153513514,236,5.621803531120167,4.4110214110214105,9.2470439281716,13.658065339193012,5.548226356902961,6.890410817068152,0.7451474082518583,0.8275623797016904,1.0277599373357582
Girls' Apparel,Western Europe,0.99,16.304347826086957,11.99027933031472,2.9153846153846152,42.65069283753847,375,8.539631197544482,6.790492116579073,19.866152881500444,26.65664499807952,11.919691728900268,10.43944079789956,0.5254887979655521,1.9553196563364355,1.7124976264110834
Golf Apparel,Caribbean,0.95,3.647058823529412,2.6443613706949223,2.88,40.79000000400001,62,1.9569781385558904,1.5005042016806722,3.2189425890683974,4.719446790749069,1.9313655534410383,2.390110026560119,0.7425140276428002,0.3030015420484055,0.37497149228056814
Golf Apparel,Central America,0.99,4.108108108108108,2.7057940278818937,2.8666666666666667,60.52333379893333,152,1.90844559641942,1.6823680823680822,4.439708355952922,6.122076438321004,2.663825013571753,2.3174851560761254,0.5219904034842192,0.6200906556859667,0.5394689525971863
Golf Apparel,East of USA,0.95,5.076923076923077,2.6913917855989946,3.590909090909091,19.98999977,66,2.3405955482272542,2.6043956043956045,3.849937076728069,6.454332681123673,2.309962246036841,2.84634788161916,0.7393232213650035,0.1776005567960967,0.21884035961118078
Golf Apparel,Eastern Asia,0.95,3.333333333333333,1.5000000000000002,3.6666666666666665,19.98999977,30,1.2585651034811056,1.7460317460317465,2.070155375215452,3.816187121247197,1.242093225129271,1.5411564084872311,0.7444641242577434,0.09549785878712572,0.11849121635074529
Golf Apparel,North Africa,0.95,3.875,2.6423744732991303,3.3,19.98999977,31,2.128606716443407,1.8267857142857145,3.5012464778952017,5.328032192180916,2.1007478867371208,2.579507589559085,0.7367397884852065,0.1615151914334732,0.1983244466230745
Golf Apparel,Northern Europe,0.95,2.8125,1.4705441169852742,3.2333333333333334,104.32333490066668,45,1.153292021414549,1.299107142857143,1.896996564357916,3.196103707215059,1.1381979386147494,1.403472822723434,0.7398394119909613,0.45669463358982676,0.5631344819575417
Golf Apparel,Oceania,0.95,3.4166666666666665,2.0652243256245835,2.8125,19.98999977,41,1.5012264077551534,1.3727678571428572,2.469297701671393,3.8420655588142503,1.481578621002836,1.8349019712156156,0.7430865747672406,0.11391060112724466,0.14107573070220272
Golf Apparel,South America,0.99,2.652173913043478,1.4015801359431277,3.411764705882353,75.57823608588235,61,1.1358830806704725,1.292656192911947,2.6424591898767145,3.935115382788662,1.5854755139260286,1.38420133202143,0.5238307321166276,0.4608747796149502,0.40236728869964794
Golf Apparel,South Asia,0.95,3.1666666666666665,1.5275252316519463,2.7857142857142856,19.98999977,38,1.1110444524122796,1.260204081632653,1.8275054972546505,3.0877095788873032,1.09650329835279,1.3559912721583018,0.7419902562237567,0.08430423339183275,0.10425486622525564
Golf Apparel,Southeast Asia,0.95,4.083333333333333,1.781640374554423,3.333333333333333,19.98999977,49,1.5098342846483408,1.9444444444444444,2.483456399199505,4.4279008436439495,1.4900738395197028,1.8365108617506165,0.7394979281064007,0.11456375272800723,0.14119942963075896
Golf Apparel,Southern Europe,0.95,2.238095238095238,2.896631870030465,2.6296296296296298,69.6196296251852,47,1.8307043900608997,0.8407659360040314,3.0112407558676533,3.8520066918716847,1.806744453520592,2.2259546543303497,0.7392151059303019,0.483787998774851,0.5960389946036004
Golf Apparel,US Center ,0.95,4.5,2.32992949004287,3.0,19.98999977,36,1.609197820416095,1.9285714285714284,2.6468948713938176,4.575466299965246,1.5881369228362905,1.955856523031932,0.7389248980644273,0.12210329508548445,0.1503752747906205
Golf Apparel,West Africa,0.95,3.4545454545454546,1.916436086262016,2.583333333333333,19.98999977,38,1.4230847016348716,1.274891774891775,2.340766032943272,3.615657807835047,1.4044596197659631,1.729641391572657,0.7389210913137744,0.10798133644652266,0.13298281161430728
Golf Apparel,West Asia,0.95,3.1818181818181817,1.7786613965666325,2.5,19.98999977,35,1.313263497519524,1.1363636363636362,2.1601262270379644,3.2964898634016007,1.2960757362227786,1.607061165777803,0.7439663227372862,0.09964828334229203,0.12355827820874699
Golf Apparel,West of USA ,0.95,5.6,2.836272984824353,3.066666666666667,19.98999977,56,2.369577909860629,2.4533333333333336,3.897608819378345,6.350942152711679,2.338565291627007,2.8417617050059976,0.729103877966709,0.17979969092982254,0.21848775319024888
Golf Apparel,Western Europe,0.99,6.142857142857143,3.77824460234277,3.125,78.62636461056819,172,2.8265463376774798,2.7423469387755106,6.575530063533928,9.31787700230944,3.945318038120357,3.4297190974609704,0.5215882315680137,1.1931000560380876,1.0371782471876736
Golf Bags & Carts,Southern Europe,0.95,1.25,0.4629100498862757,3.0,169.9900055,10,0.4565130830670002,0.5357142857142857,0.750897200433554,1.2866114861478395,0.4505383202601324,0.5477907779151782,0.7295150089771196,0.2945654289960795,0.35814983596404004
Golf Bags & Carts,Western Europe,0.99,2.2,1.3165611772087666,2.590909090909091,169.9900055,22,0.9231203876583128,0.8142857142857144,2.147499151312673,2.9617848655983874,1.2884994907876035,1.121155360342283,0.5220748793576796,0.8424309058681997,0.7330200225805352
Golf Balls,Canada,0.95,4.375,4.172614801981401,3.333333333333333,16.90666643666667,35,2.945926347726226,2.083333333333333,4.8456176377893865,6.92895097112272,2.907370582673632,3.5828306735497946,0.7393960773149888,0.18905363326553964,0.2329758580644775
Golf Balls,Caribbean,0.95,6.866666666666666,5.538164350018524,3.1142857142857143,17.74714262714286,206,4.014994954221829,3.0549659863945577,6.604079012643636,9.659044999038194,3.962447407586181,4.849880980769542,0.734376583242622,0.27046968959609397,0.3310443441937868
Golf Balls,Central Africa,0.95,4.3,2.406010991015812,2.9375,18.36499977,43,1.7826022088286086,1.8044642857142856,2.9321197086034427,4.736583994317728,1.7592718251620656,2.167560632712003,0.7392469776564491,0.12426548717103392,0.15310480969698845
Golf Balls,Central America,0.99,19.47222222222222,8.590646445361743,2.974468085106383,17.526169982765957,701,7.125448612065324,8.2742147922999,16.576272230265428,24.850487022565325,9.945763338159257,8.682299576252165,0.5237787758094233,0.6704274572036188,0.5852594546718934
Golf Balls,East Africa,0.95,4.416666666666667,2.353269807709857,3.0588235294117645,18.93117624058824,53,1.8408750024164944,1.929971988795518,3.027969924489071,4.957941913284589,1.8167819546934427,2.2369002896223207,0.7387458744326092,0.1322839206731614,0.1628736677517809
Golf Balls,East of USA,0.95,7.666666666666667,5.062937223917884,3.071428571428572,17.507856912857143,161,3.750806570698472,3.363945578231293,6.169527791806794,9.533473370038086,3.701716675084076,4.499276912110887,0.7292741136665242,0.24926586876657425,0.3029719091867659
Golf Balls,Eastern Asia,0.95,10.571428571428571,5.563914346675626,2.972972972972973,17.63864841864865,222,4.273148825891809,4.489795918367347,7.028704344771567,11.518500263138916,4.21722260686294,5.244705414144224,0.746183813812797,0.28610041102166284,0.3558058263825886
Golf Balls,Eastern Europe,0.95,7.052631578947368,4.075314360206207,2.723404255319149,17.98999977,134,2.9449898904286678,2.743880979043353,4.844077302607012,7.587958281650365,2.906446381564207,3.5742055057021846,0.7378506333453018,0.2011037297532978,0.24730752394428862
Golf Balls,North Africa,0.95,5.842105263157895,3.131615803999534,3.0,17.684444214444444,111,2.298639099980641,2.5037593984962405,3.7809248606556256,6.284684259151867,2.268554916393376,2.7575893728356187,0.7293425483090513,0.1543005110244705,0.18756321319329364
Golf Balls,Northern Europe,0.95,4.333333333333333,2.9888682361946524,3.2,17.504285484285717,91,2.1883928015310565,1.980952380952381,3.599585836792852,5.580538217745232,2.1597515020757108,2.6252377053897,0.7293166004144316,0.14540348795172361,0.1767419625355864
Golf Balls,Oceania,0.95,12.409090909090908,7.865894378409512,3.0526315789473686,17.568947138421052,273,5.783781787955326,5.411483253588517,9.513474451414188,14.924957705002704,5.708084670848513,7.05882519506539,0.7419818312557814,0.3857116840144964,0.4769851027363789
Golf Balls,South America,0.99,12.272727272727272,8.790167544168055,3.0078125,17.62281227,405,6.3377150143238055,5.2734375,14.7437298498489,20.0171673498489,8.84623790990934,7.6892477820753,0.5215266327030607,0.5995984230080365,0.5211775775424111
Golf Balls,South Asia,0.95,6.935483870967742,5.182891624508258,2.779220779220779,18.288701068701297,215,3.637866724936405,2.7536058411634445,5.983758276877719,8.737364118041164,3.5902549661266314,4.460653753261163,0.7454602186217822,0.25254269167657795,0.3137675502475919
Golf Balls,South of  USA ,0.95,5.578947368421052,5.080636327968774,2.861111111111111,17.12888865888889,106,3.514431637865568,2.280284043441938,5.7807256262161815,8.06100966965812,3.4684353757297086,4.275795461499519,0.7396641421811043,0.22850170527471397,0.2816908630315681
Golf Balls,Southeast Asia,0.95,9.545454545454543,5.762995853904565,2.9565217391304346,17.16391281347826,210,4.338351176545399,4.031620553359684,7.135952667729886,11.167573221089569,4.281571600637932,5.331447451360022,0.7471248338669377,0.2826481602231309,0.35195576624917035
Golf Balls,Southern Europe,0.95,8.56,5.493025881363871,3.0303030303030303,17.671817951818184,214,4.066396723114179,3.705627705627706,6.688627398637939,10.394255104265644,4.013176439182764,4.948819298661105,0.7398856302967144,0.27276970554524516,0.3363639758553215
Golf Balls,US Center ,0.95,10.7,5.786554287856961,2.63768115942029,17.26536208884058,214,4.198325822002248,4.031884057971015,6.905631455444419,10.937515513415434,4.143378873266651,5.039072133156611,0.7297047584524357,0.27514206353154247,0.33462078834898146
Golf Balls,West Africa,0.95,8.0625,5.755794182097434,2.951219512195122,17.77048757487805,129,4.118093433721449,3.3991724738675955,6.773660920581768,10.172833394449365,4.064196552349061,5.061314656679194,0.747205199082285,0.2777798243668507,0.3459308816117915
Golf Balls,West Asia,0.95,8.428571428571429,5.491551953422899,2.671875,17.52124977,177,3.765635447503231,3.217155612244898,6.193919123602719,9.411074735847617,3.716351474161631,4.51865612401073,0.7295310180579876,0.25044277850728325,0.3045096252828158
Golf Balls,West of USA ,0.95,10.36842105263158,4.205955120960299,3.08955223880597,17.18402962074627,197,3.694241019828239,4.576254068005835,6.076485740297384,10.65273980830322,3.6458914441784303,4.529786963860127,0.7454616298726702,0.240965794503029,0.2993845898563183
Golf Balls,Western Europe,0.99,20.681818181818183,9.857974116402096,2.980392156862745,17.493267743856208,455,7.758846082210852,8.805704099821748,18.04977508836132,26.855479188183068,10.829865053016793,9.419149130657573,0.5218430193477112,0.7286528038548241,0.6337372986996282
Golf Gloves,Caribbean,0.95,5.966666666666667,4.491243076010927,2.9482758620689653,43.17965546960345,179,3.19877577705103,2.513054187192118,5.261517938686901,7.774572125879019,3.1569107632121405,3.842422510958903,0.7302878286713288,0.5242858427068582,0.6381326161225156
Golf Gloves,Central America,0.99,10.523809523809524,6.474106380516815,2.88125,63.14625115501875,442,4.701162200048568,4.331675170068028,10.936538689604149,15.268213859672176,6.561923213762489,5.698248743854641,0.521028536137414,1.5936955819853613,1.3839347935508282
Golf Gloves,East of USA,0.95,7.214285714285714,5.1317798895865385,2.833333333333333,23.990000343366667,101,3.443953088531899,2.9200680272108843,5.664798728722419,8.584866755933303,3.398879237233451,4.221445788459327,0.7452066685185459,0.31361197718573974,0.3895095612101655
Golf Gloves,Eastern Asia,0.95,6.863636363636363,4.03904107602941,2.897959183673469,23.459388071204085,151,2.914088957849787,2.841505433342168,4.793249791578458,7.634755224920626,2.8759498749470747,3.496066542754249,0.729372908730251,0.25949240072967034,0.3154445451893259
Golf Gloves,Eastern Europe,0.95,4.916666666666667,1.7816403745544227,3.0,28.90304416195652,59,1.6514566716725034,2.107142857142857,2.716404496153724,4.823547353296581,1.6298426976922342,1.9922335224337888,0.7334082701065617,0.1811823671863115,0.22146774415320766
Golf Gloves,North Africa,0.95,3.3076923076923075,1.6012815380508714,2.8666666666666667,22.990000279733334,43,1.195231175266745,1.3545787545787544,1.9659803336829764,3.32055908826173,1.1795882002097855,1.452960680139424,0.7390514824822866,0.10430281943381965,0.1284752555494111
Golf Gloves,Northern Europe,0.95,4.7,2.601723566646038,2.696969696969697,125.52030279707576,141,1.9693485473074528,1.810822510822511,3.239290100770277,5.050112611592788,1.9435740604621663,2.399864898377302,0.7408613689174159,0.938300017606743,1.1585837258322784
Golf Gloves,Oceania,0.95,8.722222222222221,5.665224730037641,2.7450980392156863,27.048824123627448,157,3.928358475509512,3.420479302832244,6.461574686407376,9.88205398923962,3.8769448118444254,4.716781870238693,0.7299740541823273,0.403333839817653,0.49070539706769595
Golf Gloves,South America,0.99,8.125,5.238846516220228,3.1140350877192984,55.95491315677193,325,3.8802532038166615,3.614505012531328,9.026818791439052,12.64132380397038,5.4160912748634304,4.745179872093085,0.5256757648213087,1.165603526669744,1.0212158756008873
Golf Gloves,South Asia,0.95,5.481481481481482,4.734248135987953,2.9056603773584904,25.83905698667925,148,3.2133621103388053,2.275331935709294,5.2855103218992205,7.560842257608515,3.1713061931395323,3.946733476584269,0.7467081201661726,0.3151675440259278,0.3922302738949833
Golf Gloves,South of  USA ,0.95,5.266666666666667,2.2509257354845507,2.8181818181818183,31.12636444831818,79,1.9769601340534608,2.1203463203463206,3.251810046836303,5.372156367182624,1.9510860281017817,2.3709175013433006,0.7291070103095272,0.23357774915660626,0.2838386239373365
Golf Gloves,Southeast Asia,0.95,5.473684210526316,2.220320823980964,3.294117647058824,25.872353329382356,104,1.9919585637833508,2.5758513931888545,3.27648026837609,5.8523316615649446,1.965888161025654,2.422805922144709,0.7394538418342178,0.19562366580040555,0.24109111871633826
Golf Gloves,Southern Europe,0.95,4.961538461538462,3.316392850441808,3.0392156862745097,103.81352914245096,129,2.3677513091155364,2.154169360051713,3.8946043285177865,6.048773688569499,2.336762597110672,2.8882197075151104,0.7415951567573779,0.9330291229774544,1.1532164645227736
Golf Gloves,US Center ,0.95,6.111111111111111,3.848435723295878,2.8857142857142857,25.418571962942856,110,2.776787338431385,2.5192743764172336,4.567408724891789,7.086683101309022,2.740445234935073,3.401314193374088,0.7446923186088785,0.26791617082577307,0.3325251907417623
Golf Gloves,West Africa,0.95,5.4,3.5617010382279823,2.9285714285714284,22.847143241535715,81,2.576661342409861,2.2591836734693875,4.238230754488509,6.497414427957896,2.542938452693105,3.160964599811165,0.7458217315004706,0.22345722724264835,0.27776542689734346
Golf Gloves,West Asia,0.95,6.235294117647059,4.616944495073364,3.2051282051282053,25.759231372179485,106,3.375841146846688,2.854988149105796,5.552764554402792,8.407752703508589,3.331658732641675,4.0581718465518914,0.7308380909711296,0.33008064672022763,0.40205918285921166
Golf Gloves,West of USA ,0.95,8.473684210526315,4.325228588084252,3.0,23.67421083282456,161,3.372310629433028,3.631578947368421,5.546957370029919,9.17853631739834,3.328174422017951,4.140469572466312,0.7464397680135731,0.3030457805971808,0.3770090369440864
Golf Gloves,Western Europe,0.99,10.257142857142858,5.932675505660342,2.8766233766233764,114.40558465474028,359,4.43970576625658,4.215133845746091,10.328300070697855,14.543433916443949,6.196980042418714,5.388588746096436,0.5217304599218855,2.726804326333347,2.3710947921581407
Golf Shoes,Caribbean,0.95,3.4705882352941178,2.294494689981422,2.9130434782608696,72.21739130434783,59,1.6393268185516816,1.4442820606503473,2.6964526632535515,4.140734723903899,1.6178715979521308,1.9950423885768296,0.7398766593475455,0.44937871642115207,0.5541413724792833
Golf Shoes,Central America,0.99,7.638888888888889,4.343486274396756,2.9722222222222223,79.8425925925926,275,3.2080633526346967,3.2434964726631392,7.463071360190058,10.706567832853198,4.477842816114035,3.90796511007486,0.523640324668601,1.3750868448486941,1.2000848698068205
Golf Shoes,East of USA,0.95,5.153846153846154,2.939562151243896,3.235294117647059,65.0,67,2.2114660233505608,2.382029734970912,3.637537909388119,6.019567644359031,2.1825227456328715,2.6883322455011185,0.7390527088563953,0.5456306864082179,0.6720830613752796
Golf Shoes,Eastern Asia,0.95,4.25,0.7071067811865475,2.636363636363636,65.0,34,0.9724521917843172,1.6006493506493504,1.5995415146933427,3.200190865342693,0.9597249088160056,1.183117932205804,0.7396606598439093,0.2399312272040014,0.2957794830514511
Golf Shoes,Northern Europe,0.95,5.166666666666667,3.761257611960315,3.3142857142857145,87.85714285714286,93,2.850709042569863,2.446258503401361,4.688999108054397,7.135257611455758,2.813399464832638,3.4702048610886926,0.7400736876080537,0.9506816872923476,1.1726241700931572
Golf Shoes,South America,0.99,5.923076923076923,6.852287658428107,3.0,82.14285714285714,154,4.6899404044682775,2.5384615384615383,10.910432889313018,13.448894427774556,6.546259733587811,5.660609175018318,0.5188253511520148,2.0681864542928525,1.788379272327216
Golf Shoes,South Asia,0.95,5.583333333333333,3.36987545853858,2.631578947368421,65.0,67,2.382335836393799,2.098997493734336,3.9185937411088094,6.017591234843145,2.3511562446652854,2.889762233952561,0.7374487953770046,0.5877890611663213,0.7224405584881403
Golf Shoes,South of  USA ,0.95,4.0,2.5634797778466227,3.363636363636364,65.0,32,1.9566735620873064,1.922077922077922,3.2184416053593625,5.140519527437284,1.9310649632156172,2.405727970770266,0.7474822494104718,0.48276624080390435,0.6014319926925666
Golf Shoes,Southern Europe,0.95,5.5,3.069373328804912,2.8529411764705883,77.70588235294117,110,2.350648221433746,2.241596638655462,3.8664722527123248,6.108068891367787,2.3198833516273947,2.857441488122909,0.7390306463775649,0.6933407030542508,0.8540000465634304
Golf Shoes,US Center ,0.95,4.333333333333333,2.1213203435596424,1.9285714285714288,65.0,39,1.4945370773178597,1.1938775510204085,2.458294732239734,3.652172283260143,1.4749768393438405,1.7941691114803968,0.7298429630712924,0.3687442098359601,0.4485422778700992
Golf Shoes,West Asia,0.95,3.5454545454545454,2.769968821616459,3.3076923076923075,65.0,39,2.111319705901511,1.675324675324675,3.472811875906216,5.148136551230891,2.083687125543729,2.5682005220059803,0.739516165509489,0.5209217813859324,0.6420501305014952
Golf Shoes,West of USA ,0.95,3.8181818181818175,1.9400093720485896,2.4375,65.0,42,1.4771728237947426,1.3295454545454546,2.4297330768529304,3.759278531398385,1.457839846111758,1.7733663551757386,0.7298605645491976,0.3644599615279395,0.4433415887939347
Golf Shoes,Western Europe,0.99,9.586206896551724,7.326650186522148,2.707964601769912,90.23893805309734,278,5.010101381201939,3.708444134443525,11.65523869688821,15.363682831331737,6.993143218132926,6.073186955787175,0.5210692902761943,2.427130067913596,2.1078382364929142
Hockey,Caribbean,0.95,3.8181818181818175,2.442410277854228,3.5517241379310347,23.13793103448276,84,1.886862045771678,1.93730407523511,3.1036118795446197,5.040915954779729,1.8621671277267715,2.2615421779710188,0.7286807325608142,0.1657180560616265,0.20125925748256682
Hockey,Central Africa,0.95,3.75,2.659215781283755,3.6,23.2,30,2.074412874890195,1.9285714285714288,3.412105541057968,5.340676969629397,2.047263324634781,2.519846296816459,0.7385018624116615,0.18267888127510354,0.2248478234082379
Hockey,Central America,0.99,7.666666666666667,4.320493798938574,2.6818181818181817,23.53409090909091,253,3.0487290372233544,2.937229437229437,7.09240431427113,10.029633751500567,4.255442588562678,3.6827195325333295,0.5192483915677324,0.3851845105294278,0.333344062582016
Hockey,East of USA,0.95,5.0,2.951996902824546,2.923076923076923,23.615384615384617,75,2.275388765582025,2.087912087912088,3.7426814637922265,5.830593551704315,2.245608878275336,2.740751860712672,0.7322963194243194,0.20396506675459417,0.24893811279254158
Hockey,Eastern Asia,0.95,3.8333333333333335,2.0816659994661326,2.8125,23.5,46,1.4631883873895684,1.5401785714285716,2.406730725911008,3.946909297339579,1.4440384355466045,1.7563410319848205,0.7297621678553182,0.13051885859748155,0.15874620866016648
Hockey,Eastern Europe,0.95,4.111111111111111,2.088327347690278,2.8461538461538463,23.153846153846157,37,1.6504389548814016,1.6715506715506714,2.7147305009986704,4.386281172549342,1.6288383005992022,1.9788339607963985,0.7289246428212461,0.14505335162140828,0.17622160420109945
Hockey,Northern Europe,0.95,3.125,1.9958289839896937,3.227272727272727,79.36181640000001,50,1.5616277050945415,1.4407467532467533,2.5686489946726607,4.009395747919414,1.5411893968035963,1.8750260163731045,0.7299658381748071,0.4704291921028992,0.5723287325254837
Hockey,Oceania,0.95,4.65,2.870448342020899,3.27027027027027,23.37837837837838,93,2.220656604066926,2.1723938223938224,3.652655069413223,5.825048891807045,2.1915930416479337,2.665647138652356,0.7297834282174845,0.19706112068871753,0.23968656704098631
Hockey,South America,0.99,5.615384615384615,4.427883675770384,2.74,23.2,146,2.952753283288781,2.198021978021978,6.869131323145968,9.067153301167943,4.12147879388758,3.611831117468029,0.5258060950585903,0.3677627231468918,0.32228646894330104
Hockey,South Asia,0.95,6.0,3.6055512754639896,2.5384615384615383,23.5,90,2.524591764875633,2.175824175824176,4.152583921027504,6.32840809685168,2.4915503526165024,3.0708852330764125,0.739511901860989,0.2251978203326454,0.27756078068190654
Hockey,South of  USA ,0.95,4.5,4.052539564652876,3.3181818181818183,23.90909090909091,63,2.910200676400347,2.1331168831168834,4.786854137733738,6.919971020850621,2.872112482640243,3.491852787010121,0.7294671378190948,0.2641138401868475,0.32110394509918244
Hockey,Southeast Asia,0.95,5.0,3.5540932665545544,2.5609756097560976,23.60975609756097,100,2.2889198478416843,1.829268292682927,3.7649381135236064,5.594206406206533,2.258962868114164,2.745958612033976,0.7293502653258841,0.20512908596008544,0.24935158878507396
Hockey,Southern Europe,0.95,3.8333333333333335,1.977818168053462,3.5185185185185186,57.22111002222223,69,1.6377422158222013,1.9268077601410936,2.6938462237066885,4.620653983847782,1.616307734224013,2.0035822015886104,0.7437626483488409,0.3557189334223115,0.44095075998333894
Hockey,US Center ,0.95,4.647058823529412,4.227013964824759,3.290322580645161,23.451612903225808,79,3.074807939503289,2.184331797235023,5.057608991471168,7.241940788706191,3.0345653948827005,3.690834161179305,0.7297586996945187,0.27371328065505257,0.33290774629992
Hockey,West Africa,0.95,3.0,1.4142135623730951,3.6666666666666665,23.0,42,1.2099361876691237,1.5714285714285716,1.9901679266673955,3.561596498095967,1.194100756000437,1.4706619255479796,0.7389637355932339,0.10563198995388481,0.1300970164907828
Hockey,West Asia,0.95,5.1875,2.1360009363293826,2.9,23.3,83,1.919752975418748,2.149107142857143,3.157712644468408,5.306819787325551,1.8946275866810445,2.304998994339476,0.7299584394980678,0.16978777988333976,0.2065633714158069
Hockey,West of USA ,0.95,5.0588235294117645,1.951620744256364,2.75,23.285714285714285,86,1.6774285856011382,1.987394957983193,2.7591244929781102,4.746519450961303,1.655474695786866,2.035977263485155,0.7379069950147797,0.1482650414358567,0.18234301865279137
Hockey,Western Europe,0.99,9.826086956521738,7.246642946364535,2.9166666666666665,96.40237861904762,226,5.117719216146168,4.094202898550724,11.905595218419595,15.999798116970318,7.143357131051757,6.267842993026569,0.5264619599471476,2.6486023798412512,2.323980666686508
Hunting & Shooting,Caribbean,0.95,4.666666666666667,3.352326839390104,2.9545454545454546,53.44636396909091,70,2.385565516555766,1.96969696969697,3.9239060922371136,5.893603061934083,2.354343655342268,2.9005671887929445,0.7392040279789829,0.48396579966054915,0.596249114188579
Hunting & Shooting,Central America,0.99,6.314285714285714,4.357356379945155,2.8421052631578947,56.43868484013158,221,3.087376368509561,2.563694951664876,7.182311451246148,9.746006402911023,4.309386870747689,3.81656028179856,0.5313832890296587,0.9354466440474217,0.8284678573761258
Hunting & Shooting,East of USA,0.95,4.0,3.1167748898959187,2.9047619047619047,29.98999977,60,2.122213487720676,1.6598639455782311,3.490730552442688,5.150594498020919,2.0944383314656125,2.5455310377869886,0.7292258739379691,0.24158540414974194,0.29361721245292177
Hunting & Shooting,Eastern Asia,0.95,5.555555555555555,2.6034165586355518,2.5384615384615383,29.98999977,50,1.802571812204448,2.0146520146520146,2.964966783144974,4.979618797796989,1.7789800698869844,2.214528447592713,0.7468982317716685,0.20519850725671251,0.25543733705370747
Hunting & Shooting,Northern Europe,0.95,4.611111111111111,2.9533408577782247,3.1333333333333333,82.69300136700001,83,2.2298180092298887,2.064021164021164,3.6677242399234937,5.731745403944657,2.200634543954096,2.711778778626468,0.7393627768163492,0.6999118282748596,0.8624812547998467
Hunting & Shooting,Oceania,0.95,5.727272727272728,3.408545410902108,2.647058823529412,29.98999977,63,2.427901610362182,2.165775401069519,3.993542769685555,6.159318170755074,2.396125661811333,2.91437027814084,0.7297706438161704,0.27638387710235757,0.33616139988899474
Hunting & Shooting,South America,0.99,3.851851851851852,2.684767626439429,2.8085106382978724,71.99127798,104,1.9078335173855452,1.5454238432961835,4.438284447193723,5.983708290489907,2.662970668316234,2.3113369939678035,0.5207726141638434,0.737348698597463,0.6399850155315143
Hunting & Shooting,South Asia,0.95,4.090909090909091,2.586679162731453,2.933333333333333,29.98999977,45,1.8383555250471164,1.714285714285714,3.023825753000027,4.738111467285741,1.8142954518000165,2.236068459087925,0.7394832380369322,0.20927200070074825,0.25792189451442743
Hunting & Shooting,Southeast Asia,0.95,3.363636363636364,2.2033033051637387,2.933333333333333,29.98999977,37,1.6399996904915388,1.4095238095238094,2.6975594391043,4.1070832486281095,1.6185356634625798,1.9668294437877436,0.7291144044043053,0.1866918622114599,0.2268662098723987
Hunting & Shooting,Southern Europe,0.95,3.4285714285714284,2.3573592974221933,2.814814814814815,63.10333400333333,72,1.6268848332775216,1.378684807256236,2.675987418648873,4.054672225905108,1.6055924511893236,1.970863517525848,0.7364995454728082,0.3896855258485791,0.4783386877746845
Hunting & Shooting,US Center ,0.95,3.0,1.414213562373095,2.0,29.98999977,24,0.822426191004485,0.8571428571428571,1.3527707031736114,2.209913560316469,0.8116624219041668,1.0059933159452317,0.7436539788932175,0.0936221378700908,0.11603745889930399
Hunting & Shooting,West Africa,0.95,3.75,2.0528725518857023,2.909090909090909,29.98999977,30,1.5111674583574504,1.5584415584415583,2.48564927481029,4.044090833251849,1.491389564886174,1.839340472626725,0.7399839113533454,0.17202604887660292,0.2121608475039507
Hunting & Shooting,West Asia,0.95,3.909090909090909,1.9211738835693897,3.0,29.98999977,43,1.455050739385277,1.675324675324675,2.393345486076294,4.068670161400969,1.4360072916457762,1.7494964189917652,0.7309836499451361,0.1656379167160583,0.20179768155068795
Hunting & Shooting,West of USA ,0.95,4.222222222222222,2.488864087178013,2.25,29.98999977,38,1.555083226039952,1.3571428571428572,2.557884284563211,3.915027141706068,1.5347305707379264,1.89242438295788,0.7398397161195405,0.17702526716708608,0.21828387234480467
Hunting & Shooting,Western Europe,0.99,6.481481481481482,4.060791608791134,2.933333333333333,85.43293485160001,175,2.942683693691137,2.716049382716049,6.845705954793026,9.561755337509076,4.107423572875815,3.57134840669893,0.5216917627317089,1.349650963497791,1.17350298369952
Indoor/Outdoor Games,Canada,0.95,15.904761904761903,8.64814871463692,2.8073394495412844,49.97999954,334,6.512605176911697,6.378580790114212,10.712282246146138,17.09086303626035,6.427369347687683,7.95686925367472,0.7427800230466567,1.2355381424647711,1.5295550832250102
Indoor/Outdoor Games,Caribbean,0.95,66.4186046511628,25.210761645942974,2.957157784743992,49.97999954,2856,21.759673258748705,28.05861339943136,35.79147748093176,63.850090880363126,21.47488648855905,26.54250037763829,0.7415871667152901,4.12813391084513,5.102285217941583
Indoor/Outdoor Games,Central Africa,0.95,26.23809523809524,15.208237116460152,2.8854166666666665,49.97999954,551,11.621280269627654,10.815405328798184,19.115305001316628,29.930710330114813,11.469183000789975,14.17503330224466,0.7415541264587884,2.204729850398688,2.7248775304833575
Indoor/Outdoor Games,Central America,0.99,221.6818181818182,54.040799714906505,2.9311515899969125,49.97999954000001,9754,58.9309222074583,92.82614483386328,137.0938255925868,229.91997042645005,82.25629535555207,72.09881327603267,0.525908537196232,15.81219078474076,13.859610209117921
Indoor/Outdoor Games,Central Asia,0.95,11.823529411764708,6.531034509532612,2.4615384615384617,49.97999954,201,4.506692694620324,4.157724628312864,7.412849824301944,11.570574452614808,4.447709894581166,5.488256297488395,0.7403706304012728,0.854986686481616,1.0550117200918159
Indoor/Outdoor Games,East Africa,0.95,29.40909090909091,19.067946404544465,2.7677725118483414,49.97999954000001,647,13.501244006617563,11.628239059518682,22.207570172641724,33.83580923216041,13.324542103585031,16.452098081800344,0.7408328760824205,2.5613869546457333,3.1625994406169857
Indoor/Outdoor Games,East of USA,0.95,101.6818181818182,34.44303283426869,2.858267716535433,49.97999954,2237,30.563162753485933,41.51912260967379,50.27192910617948,91.79105171585329,30.163157463707684,37.010742139181616,0.7362108993472506,5.79828690831176,7.114603365735984
Indoor/Outdoor Games,Eastern Asia,0.95,73.3103448275862,48.33152139743931,3.0028735632183907,49.97999954000001,2126,35.16483306366262,31.448813770454677,57.84100320590851,89.28981697636318,34.704601923545106,42.69247740644352,0.7381005694950056,6.671292262210262,8.20680769667503
Indoor/Outdoor Games,Eastern Europe,0.95,66.68181818181819,19.47009028187634,2.8755274261603376,49.97999954,1467,18.38524799197935,27.39219957257932,30.24104184200951,57.63324141458883,18.144625105205705,22.160470774500983,0.732794554178244,3.4879552092755914,4.259924304291317
Indoor/Outdoor Games,North Africa,0.95,51.40909090909091,17.745983022078924,2.8826666666666667,49.97999954,1131,15.532295014935649,21.170753246753243,25.54835179019717,46.71910503695041,15.329011074118302,18.999190529849287,0.7436562125756865,2.9467075632041837,3.652228976700922
Indoor/Outdoor Games,Northern Europe,0.95,65.82978723404256,36.08162193219831,2.9503968253968256,49.97999954,3094,27.327982157051125,27.746285038838234,44.95053056829066,72.6968156071289,26.970318340974394,33.05327951699022,0.7353256813459487,5.184524993367515,6.353857288671781
Indoor/Outdoor Games,Oceania,0.95,122.79166666666669,71.15688678007129,2.9558676028084254,49.97999954,2947,53.12066270764696,51.85084419926447,87.37571472073891,139.22655892000338,52.42542883244335,64.37859310392295,0.7368019055372886,10.077780418960852,12.375546360461218
Indoor/Outdoor Games,South America,0.99,114.22727272727272,38.37444864318022,3.0315288518738845,49.97999954,5026,34.991731093467,49.46903899194203,81.40293923829574,130.87197823023777,48.841763542977446,42.84898244494583,0.5263812688570301,9.388889690041545,8.236892780337927
Indoor/Outdoor Games,South Asia,0.95,49.73809523809524,32.15288138953095,2.87883008356546,49.97999954,2089,23.168635028757084,20.45536069581036,38.10901335856602,58.56437405437637,22.86540801513961,28.260060529247305,0.7415584408693463,4.395434931071501,5.432453124046741
Indoor/Outdoor Games,South of  USA ,0.95,59.36363636363637,23.40644082002797,2.8388520971302427,49.97999954,1306,19.3547977539731,24.074940512026608,31.83580928453486,55.91074979656147,19.101485570720914,23.43490131896945,0.7361176563635722,3.671893230915185,4.504909065930918
Indoor/Outdoor Games,Southeast Asia,0.95,119.43478260869566,41.28264668109407,2.942982456140351,49.97999954,2747,36.817898735489486,50.21349569576115,60.5600542718019,110.77354996756304,36.33603256308114,44.66306590459586,0.7375004273302306,6.98490342610854,8.585615436025734
Indoor/Outdoor Games,Southern Africa,0.95,17.136363636363637,9.745794964009836,3.0859375,49.97999954,377,7.404981808691314,7.554535308441559,12.18011118553558,19.734646493977134,7.308066711321348,8.92501209548522,0.7327529247913653,1.4048352725774242,1.7156619247186375
Indoor/Outdoor Games,Southern Europe,0.95,58.3921568627451,38.79230770726204,2.933469805527124,49.97999954,2978,27.837602601070436,24.47023271949517,45.78878160400444,70.25901432349961,27.473268962402663,33.71803521908502,0.7363820140638164,5.281207577319929,6.481643787459897
Indoor/Outdoor Games,US Center ,0.95,90.1818181818182,26.698736127811568,2.9261538461538463,49.97999954,1984,25.60471597402222,37.69798201798202,42.11600993693275,79.81399195491477,25.26960596215965,31.008394198508277,0.7362614417876304,4.857595747556617,5.960767414529164
Indoor/Outdoor Games,West Africa,0.95,57.68181818181818,24.58878250561067,3.0024271844660197,49.97999954,1269,20.50190127483267,24.740779851216743,33.72262667130953,58.46340652252627,20.233576002785718,24.941925162995343,0.7396198821076825,3.8895158435068664,4.794605416050853
Indoor/Outdoor Games,West Asia,0.95,90.8181818181818,23.907831678854013,2.9212121212121214,49.97999954,1998,24.30274207390616,37.89988193624558,39.97445344513069,77.87433538137627,23.984672067078414,29.66152380690699,0.7420119914239898,4.610591918767808,5.701857485480426
Indoor/Outdoor Games,West of USA ,0.95,115.04545454545456,29.30054001245788,2.925,49.97999954,2531,31.501079579879654,48.07256493506493,51.81466499985201,99.88722993491696,31.088798999911205,38.07617504611278,0.7348532514148558,5.976223691210441,7.319412351114139
Indoor/Outdoor Games,Western Europe,0.99,159.86274509803923,102.8884871320097,2.9055433989788475,49.97999954,8153,74.73895438032562,66.35544910889229,173.8688076307059,240.2242567395982,104.32128457842354,90.62690380727834,0.5212372767849665,20.053760597083915,17.42127927153614
Kids' Golf Clubs,Caribbean,0.95,3.125,1.9594095320493148,2.625,149.166875358125,25,1.3546244647414982,1.171875,2.22815896398725,3.40003396398725,1.33689537839235,1.6466371475574637,0.7390124197471245,0.7670019472134809,0.944706608268318
Kids' Golf Clubs,Central America,0.99,15.875,7.661359446692771,3.095238095238096,141.8207932652381,127,6.164818178670489,7.019557823129252,14.34151166379842,21.361069486927672,8.604906998279052,7.563007232772577,0.5273507709695281,4.693672063344362,4.125352635471309
Kids' Golf Clubs,Northern Europe,0.95,4.733333333333333,3.575045787252575,3.0961538461538463,206.72788060461545,71,2.572800794212192,2.093589743589744,4.231880717783552,6.325470461373296,2.539128430670131,3.1156371070834075,0.7362298974993848,2.0188793809821517,2.477265599540185
Kids' Golf Clubs,South America,0.99,7.333333333333333,7.211102550927978,3.2777777777777777,133.63888760722224,66,5.221631516881362,3.433862433862434,12.147331378321606,15.58119381218404,7.288398826992964,6.334033344963764,0.5214341444794713,3.7462058141427814,3.255666039569271
Kids' Golf Clubs,Southern Europe,0.95,5.333333333333333,3.373566715058764,3.2549019607843137,203.7460757845098,80,2.550735286187118,2.4799253034547157,4.195586186877982,6.675511490332697,2.517351712126789,3.1066736394422207,0.7404623575982258,1.9726943565971164,2.43450985684436
Kids' Golf Clubs,Western Europe,0.99,16.235294117647058,8.996731432614194,2.86144578313253,221.6380087003012,276,6.676844216097495,6.636630555836792,15.53266234742029,22.16929290325708,9.319597408452172,8.130433258758966,0.523441060965913,7.9445269672993355,6.930819374392454
Lacrosse,Caribbean,0.95,2.909090909090909,1.4459976109624424,3.333333333333333,24.98999977,32,1.2255719095868745,1.3852813852813854,2.0158864005738124,3.401167785855198,1.2095318403442874,1.490274685432844,0.7392652110796742,0.1162546169692747,0.1432383232546292
Lacrosse,Central America,0.99,6.282051282051282,3.7553380809940538,3.0,44.869517336024096,245,2.7715914039589142,2.692307692307692,6.447685770309689,9.13999346261738,3.868611462185813,3.370288296692709,0.5227128642360669,0.6676258810341842,0.5816277275225101
Lacrosse,East of USA,0.95,3.8,2.440400695696417,2.0,24.98999977,38,1.406197193128323,1.0857142857142856,2.312988553326102,3.3987028390403875,1.3877931319956611,1.6850754215886308,0.7285273501096555,0.13338826942068904,0.16196167076127901
Lacrosse,Eastern Asia,0.95,4.555555555555555,3.166666666666667,2.6923076923076925,24.98999977,41,2.2232449387994624,1.752136752136752,3.6569125011858,5.409049253322552,2.19414750071148,2.7298010854352315,0.7464770033600912,0.21089132899279217,0.26237587883527763
Lacrosse,Eastern Europe,0.95,2.6666666666666665,1.224744871391589,3.1,24.98999977,24,0.9226783561753232,1.180952380952381,1.5176708406646024,2.6986232216169834,0.9106025043987614,1.126892211458851,0.7425142404168313,0.08752290913648643,0.10831167732758262
Lacrosse,North Africa,0.95,2.9,1.1972189997378648,2.7,24.98999977,29,0.955659831888792,1.1185714285714283,1.5719205406141137,2.6904919691855422,0.9431523243684682,1.168824820845556,0.7435648244592076,0.09065144757324226,0.11234204616961824
Lacrosse,Northern Europe,0.95,4.6,2.164651077128664,2.782608695652174,57.59869459173913,69,1.7085647056025182,1.8285714285714283,2.8103388528915763,4.638910281463005,1.6862033117349458,2.0539503743819503,0.7308550612210435,0.3735504214315394,0.4550186935408239
Lacrosse,Oceania,0.95,6.125,4.793969425970806,3.2666666666666666,24.98999977,49,3.3573613150806394,2.8583333333333334,5.522367936096954,8.380701269430286,3.3134207616581723,4.03139118248377,0.7300113337491666,0.3184707079682729,0.3874787104732671
Lacrosse,South America,0.99,3.4166666666666665,2.0834057958412537,2.931034482758621,40.50724075413793,82,1.5066186065572489,1.430623973727422,3.5049189923548294,4.935542966082251,2.1029513954128976,1.8417660785731809,0.5254803556346288,0.32763368641630986,0.2869417767598783
Lacrosse,South Asia,0.95,3.2222222222222223,1.301708279317776,3.111111111111111,24.98999977,29,1.079397499253754,1.432098765432099,1.7754508915698863,3.207549657001985,1.0652705349419318,1.3199531491501098,0.7434467241067889,0.1023888862430256,0.12686780343720008
Lacrosse,Southeast Asia,0.95,3.875,2.6958963523950885,2.4545454545454546,24.98999977,31,1.8136979439562,1.3587662337662338,2.9832676413107837,4.342033875077017,1.78996058478647,2.2141468123056054,0.7421884586033176,0.17204274846970366,0.21281357050101277
Lacrosse,Southern Europe,0.95,4.733333333333333,2.153623745712152,3.05,58.739998910500006,71,1.6935081003998953,2.062380952380952,2.7855729412144656,4.847953893595418,1.6713437647286793,2.08008525352484,0.7467351591295813,0.37759511892012926,0.4699392520222933
Lacrosse,US Center ,0.95,4.666666666666667,4.47213595499958,2.923076923076923,24.98999977,42,3.008737783939148,1.948717948717949,4.948933256458242,6.897651205176191,2.9693599538749447,3.686690414242151,0.744946481028231,0.28540117140146953,0.35434766386143296
Lacrosse,West Asia,0.95,3.625,2.38671920665766,2.888888888888889,24.98999977,29,1.821900226825809,1.496031746031746,2.996759196038142,4.492790942069888,1.7980555176228852,2.217168173466169,0.7398552998176731,0.1728207960455505,0.21310396978834956
Lacrosse,West of USA ,0.95,3.636363636363636,2.377928816122437,3.4285714285714284,24.98999977,40,1.826061337507712,1.7810760667903525,3.0036036140354168,4.78467968082577,1.8021621684212497,2.19714667909958,0.7315035408908894,0.1732155083628836,0.21117959617444146
Lacrosse,Western Europe,0.99,4.416666666666667,2.48327740429189,3.131578947368421,56.56894633421052,106,1.8312222671027365,1.9758771929824563,4.2600600279707,6.235937220953156,2.55603601678242,2.211477562472219,0.5191188734318533,0.5561240933141306,0.4811575213492371
Men's Footwear,Canada,0.95,6.05,2.605156829302827,2.900826446280992,129.9900055,121,2.0990643726850013,2.507142857142857,3.4526536466155413,5.959796503758398,2.071592187969325,2.557787709610656,0.7408179248207892,1.0357164611841907,1.278795532462006
Men's Footwear,Caribbean,0.95,24.55813953488372,7.57282838770233,2.9640151515151514,129.9900055,1056,7.253190547683315,10.398671096345517,11.930436779327035,22.32910787567255,7.158262067596221,8.79074093249847,0.7368331181077122,3.5788558674510544,4.395032546786736
Men's Footwear,Central Africa,0.95,9.952380952380953,3.866215080362065,2.889952153110048,129.9900055,209,3.255524458737693,4.108843537414966,5.354861213583923,9.46370475099889,3.2129167281503537,3.972907561163341,0.7419254024894397,1.6063348583204096,1.986301060486978
Men's Footwear,Central America,0.99,82.27272727272727,21.304398100756515,2.959668508287293,129.9900055,3620,22.170054428984564,34.785714285714285,51.57525898823796,86.36097327395225,30.945155392942777,27.00831215520885,0.5236679889744859,15.471388152796102,13.503117867697366
Men's Footwear,Central Asia,0.95,3.909090909090909,3.190896140869863,2.7906976744186047,129.9900055,86,2.1901929756339813,1.5584415584415583,3.6025468596951917,5.16098841813675,2.1615281158171147,2.670376819609752,0.7412469354626773,1.0806809679364284,1.3350857594928622
Men's Footwear,East Africa,0.95,11.227272727272728,5.10771422348046,2.88663967611336,129.9900055,247,4.034805783167145,4.629870129870129,6.636664926487254,11.266535056357384,3.981998955892352,4.903062125645141,0.7387840398686968,1.9908464083747734,2.4513425872286674
Men's Footwear,East of USA,0.95,40.72727272727273,11.666728509421745,2.9497767857142856,129.9900055,896,11.570555808868166,17.162337662337663,19.03187068806123,36.194208350398895,11.419122412836735,14.063168471625575,0.7389272816175375,5.709122250960848,7.031043642207828
Men's Footwear,Eastern Asia,0.95,28.678571428571427,17.373998391441738,2.991282689912827,129.9900055,803,12.974508498095982,12.255102040816324,21.34116736100588,33.5962694018222,12.804700416603524,15.83209950194872,0.7418572393034504,6.401857990692863,7.9154411589802365
Men's Footwear,Eastern Europe,0.95,22.90909090909091,7.3349073478037745,2.9761904761904763,129.9900055,504,6.871693724685092,9.740259740259742,11.302930346347944,21.043190086607687,6.781758207808767,8.319907781234555,0.7360841415715506,3.3906184105105064,4.159634070162203
Men's Footwear,North Africa,0.95,19.5,6.277321236384347,2.9393939393939394,129.9900055,429,5.6468532157673925,8.188311688311687,9.28824699281758,17.47655868112927,5.572948195690548,6.865489590416432,0.7391588095929599,2.78625987157319,3.4324808831477878
Men's Footwear,Northern Europe,0.95,23.94117647058824,15.931618580302356,2.9443079443079445,129.9900055,1221,11.498384205574734,10.070028011204482,18.91315896462112,28.983186975825603,11.347895378772671,13.908801669059825,0.7354034138388819,5.6735114719234,6.953866174844215
Men's Footwear,Oceania,0.95,47.583333333333336,29.692506252188146,2.9728546409807355,129.9900055,1142,21.889154550826497,20.208333333333336,36.00445525382829,56.212788587161626,21.602673152296973,26.50620793813076,0.7361924448311824,10.800506161083792,13.252085060237544
Men's Footwear,South America,0.99,42.90909090909091,16.8823813235673,2.9322033898305087,129.9900055,1888,14.238432145786785,17.974025974025974,33.123546352025855,51.09757232605183,19.874127811215512,17.3840447268008,0.5248243814852748,9.936299936490798,8.691354114034931
Men's Footwear,South Asia,0.95,19.88636363636364,13.449675208477364,2.9474285714285715,129.9900055,875,9.721235345314136,8.373376623376624,15.9900092161888,24.363385839565424,9.59400552971328,11.75237504463933,0.7349823809195085,4.796633967594076,5.875735756502804
Men's Footwear,South of  USA ,0.95,25.714285714285715,8.39727847068833,2.9296296296296296,129.9900055,540,7.988893773008,10.761904761904765,13.14056089786224,23.902465659767003,7.884336538717344,9.66948805890284,0.7358504811218456,3.9418651924296864,4.8343723306114015
Men's Footwear,Southeast Asia,0.95,43.04545454545455,12.941175602472365,2.9408658922914466,129.9900055,947,12.22132718023412,18.084415584415584,20.102294338568704,38.18670992298429,12.061376603141222,14.811192445843632,0.7367911441544537,6.030224657614996,7.405026874987586
Men's Footwear,Southern Africa,0.95,7.476190476190476,4.7393991984116255,3.0254777070063694,129.9900055,157,3.434434963330208,3.231292517006803,5.649142805962638,8.880435322969442,3.389485683577583,4.177790025329829,0.7395440633789954,1.6946125486554666,2.088734416809498
Men's Footwear,Southern Europe,0.95,23.897959183673468,15.068240466235576,2.927412467976089,129.9900055,1171,10.985696334151925,9.994169096209912,18.069862459817287,28.0640315560272,10.841917475890371,13.382732600384932,0.7406106510298391,5.420541970467444,6.690851862804102
Men's Footwear,US Center ,0.95,36.09090909090909,10.281324219458686,2.920654911838791,129.9900055,794,10.0684004151986,15.05844155844156,16.561044940539126,31.619486498980685,9.936626964323477,12.22776511170199,0.7383450232521336,4.96793151439945,6.113412515857115
Men's Footwear,West Africa,0.95,20.818181818181817,8.53361065566685,2.958515283842795,129.9900055,458,7.111985155967178,8.798701298701298,11.698174578617644,20.496875877318946,7.018904747170587,8.589612840748734,0.7342695035898289,3.5091825641872334,4.294476232353071
Men's Footwear,West Asia,0.95,36.5,9.262057778145971,2.925280199252802,129.9900055,803,9.749752849008102,15.253246753246753,16.036916335571426,31.29016308881818,9.622149801342855,11.830080759917308,0.737678024401552,4.810705021532237,5.914585627104213
Men's Footwear,West of USA ,0.95,47.13636363636363,13.228020240403303,2.914175506268081,129.9900055,1037,13.443493094383236,19.623376623376625,22.112578375193333,41.73595499856995,13.267547025116,16.282073833938416,0.7363263368782095,6.633263502947452,8.140411027788696
Men's Footwear,Western Europe,0.99,63.5686274509804,40.02412017869264,2.8871067242442936,129.9900055,3242,29.07921451709397,26.218487394957982,67.64836887061911,93.8668562655771,40.589021322371465,35.411671985732426,0.5234667528120156,20.29295040359494,17.70447475457521
Men's Golf Clubs,Central America,0.99,10.555555555555555,4.27525177946022,3.0923076923076924,117.99000151353847,95,3.598164359227209,4.663003663003663,8.37058200753774,13.033585670541402,5.022349204522643,4.410271922276912,0.5268775717513364,2.2791807317044057,2.0014153491714195
Men's Golf Clubs,Northern Europe,0.95,3.5,2.4308621740219887,3.3225806451612905,117.40935591806452,42,1.7755633842973868,1.6612903225806452,2.9205418725437875,4.5818321951244325,1.7523251235262725,2.182549218218873,0.7473096820618004,0.7913052465856251,0.9855834537328968
Men's Golf Clubs,South America,0.99,6.222222222222222,3.5629263877386586,3.05,121.740002264,56,2.878268081143094,2.711111111111111,6.695852831486847,9.406963942597958,4.017511698892108,3.488938990941266,0.5210596885485206,1.8811226281491218,1.6336286179082602
Men's Golf Clubs,Southern Europe,0.95,5.181818181818182,3.628172592867704,3.1621621621621623,118.09810969351352,57,2.664904891049858,2.340821340821341,4.383378475524077,6.7241998163454175,2.630027085314446,3.2503877787929443,0.7415256968893903,1.1946201046860656,1.4764025094090187
Men's Golf Clubs,Western Europe,0.99,11.76923076923077,5.599908424159663,3.061855670103093,115.66010380226804,153,4.597312116848144,5.147955137645859,10.694947269331877,15.842902406977736,6.4169683615991255,5.572440740620428,0.5210348962261451,2.8545662569170185,2.4788810557390235
Shop By Sport,Canada,0.95,9.45,5.062504061076994,2.693548387096774,39.345485442580646,189,3.750699599026479,3.6362903225806447,6.169351839064136,9.80564216164478,3.7016111034384815,4.60821304573804,0.7469525431438331,0.5601603299401294,0.6973553050284472
Shop By Sport,Caribbean,0.95,37.48837209302326,16.302748954617986,2.9369202226345084,40.60252484560296,1612,13.323035830956814,15.72862258766388,21.91444380855373,37.64306639621761,13.14866628513224,16.13145095296082,0.7361104435908304,2.053342498187014,2.5191447619739122
Shop By Sport,Central Africa,0.95,18.15,10.897971805509696,2.793103448275862,39.55939815931035,363,7.862080628590728,7.242118226600985,12.93197183732237,20.174090063923355,7.759183102393422,9.58856168105679,0.7414616890352083,1.1805715913022088,1.458914343523199
Shop By Sport,Central America,0.99,126.4318181818182,27.298860805324804,2.9745808545159544,41.08268961588966,5563,31.89177623328873,53.72595225218265,74.19136583969745,127.9173180918801,44.51481950381847,39.09377161745383,0.5269315529508151,7.033801973010485,6.177220327978203
Shop By Sport,Central Asia,0.95,6.133333333333334,3.502380143083652,2.4482758620689653,38.95655323034482,92,2.47094845634595,2.145155993431856,4.064348530430777,6.209504523862632,2.438609118258466,3.007005923308355,0.739849425017112,0.3653838689363084,0.4505484089050927
Shop By Sport,East Africa,0.95,15.61904761904762,9.002645113943958,2.8521739130434782,39.81626252034782,328,6.556817419576012,6.364034309375924,10.785004913848196,17.149039223224122,6.471002948308917,7.976518349946669,0.7395933904216061,0.9909659698454331,1.2215198023840317
Shop By Sport,East of USA,0.95,64.63636363636364,19.80030171618473,2.824152542372881,39.587861781864405,1422,18.135614044497803,26.07756438476778,29.83043053808427,55.90799492285205,17.89825832285056,22.114907624359216,0.7413539538467369,2.725206833158124,3.3672381013532
Shop By Sport,Eastern Asia,0.95,40.85714285714285,24.33670339785428,3.0406091370558377,39.63502700101522,1144,18.4048832083021,17.747228840774888,30.27333889879396,48.02056773956885,18.164003339276373,22.26093149525405,0.7353312288966213,2.7689644723028835,3.3935100803159397
Shop By Sport,Eastern Europe,0.95,32.36363636363637,11.761703207344686,2.96652719665272,39.822804999163175,712,10.81392385217889,13.715372493615174,17.787321869833484,31.502694363448654,10.67239312190009,13.169037012822043,0.7403608654069589,1.6346331929532216,2.017030742262979
Shop By Sport,North Africa,0.95,25.454545454545453,14.117625838198125,3.0267379679144386,39.56262192898395,560,10.67475041111804,11.006319883325231,17.55840193052923,28.56472181385446,10.535041158317537,12.88733006609097,0.73396941914648,1.6030532705876994,1.9609867964568646
Shop By Sport,Northern Europe,0.95,35.44444444444444,20.099248691923737,2.949626865671642,42.17304274731343,1595,15.145794239381608,14.935412224591328,24.91261458770755,39.84802681229888,14.94756875262453,18.329377824174557,0.7357468546564632,2.4245555998955415,2.9730985942714327
Shop By Sport,Oceania,0.95,67.16666666666667,48.21930577346964,2.994475138121547,39.62204581701658,1612,34.8367431143814,28.73270192054723,57.30134326286697,86.03404518341421,34.380805957720185,42.3863044721366,0.7397087408176733,5.239376418779791,6.459354222342351
Shop By Sport,South America,0.99,65.0,25.154406891169423,2.8946259220231823,42.04510179038988,2860,21.33520761232415,26.87866927592955,49.63311487115025,76.5117841470798,29.77986892269015,26.019301709658254,0.5242326978108368,4.815760077534521,4.2076314957594105
Shop By Sport,South Asia,0.95,30.40909090909091,22.706743370707542,2.8482142857142856,39.72241234928571,1338,15.8596578678017,12.373086734693876,26.08681576606308,38.45990250075696,15.652089459637844,19.14955553262518,0.7340702561919138,2.3913028909370886,2.9256405429710886
Shop By Sport,South of  USA ,0.95,33.77272727272727,14.803255170278044,2.9681274900398407,39.67159525195218,743,12.471523550957786,14.320251461685723,20.513830746403617,34.83408220808934,12.30829844784217,15.261046056867528,0.7439393570868288,1.8780378240885611,2.3285770857286514
Shop By Sport,Southeast Asia,0.95,64.18181818181819,24.43969519651792,2.8562628336755647,39.72332812386037,1412,20.44638701558357,26.188591695778555,33.63131384063613,59.81990553641469,20.17878830438168,24.761707422894656,0.7362694047645416,3.0829562652187286,3.7831439571795134
Shop By Sport,Southern Africa,0.95,9.857142857142858,6.75489240688343,2.8904109589041096,39.57945366575342,207,4.763841090268111,4.070170533967011,7.835821295547957,11.905991829514967,4.701492777328774,5.791164197140446,0.7390628217147813,0.7157019828467638,0.8815812115826555
Shop By Sport,Southern Europe,0.95,36.422222222222224,22.39570665926121,2.8451730418943533,40.93739693522768,1639,16.204620544545065,14.80393211322173,26.65422887606729,41.45816098928902,15.992537325640374,19.69110901471529,0.7387611589242356,2.5180494173122483,3.100395176270154
Shop By Sport,US Center ,0.95,47.36363636363637,15.779871007214508,2.83008356545961,39.62824674451254,1042,13.9050590937065,19.149006981876063,22.871786883257688,42.02079386513376,13.723072129954613,16.76484477827507,0.7329923483393008,2.0916203402253255,2.555236175026681
Shop By Sport,West Africa,0.95,30.772727272727277,12.274370581018529,3.109170305676856,39.7282549110917,677,10.500801676611122,13.66823569443657,17.272281723671902,30.94051741810847,10.36336903420314,12.814419217806412,0.7419065658386103,1.5835329489559102,1.9580558200869442
Shop By Sport,West Asia,0.95,48.81818181818182,21.63470836550856,2.9518716577540105,39.64275563229946,1074,17.74967512917833,20.58642961316758,29.195617513439316,49.7820471266069,17.517370508063586,21.42563651680301,0.7338648174487274,2.670910916813901,3.2668125873157448
Shop By Sport,West of USA ,0.95,69.18181818181819,20.139126485138707,2.939516129032258,39.587179031612905,1522,20.34369951615134,29.051581483033097,33.46240793475244,62.51398941778554,20.077444760851463,24.630530734729653,0.7360657004348325,3.056959231712098,3.7502047301514883
Shop By Sport,Western Europe,0.99,106.80851063829788,60.55491158691255,2.871445497630332,41.60156567219194,5020,45.22687373610045,43.81354528299168,105.21344156549084,149.02698684848252,63.12806493929449,55.22221370666924,0.5248589237744475,10.100870535886374,8.835886731083916
Soccer,Caribbean,0.95,2.0,1.3093073414159542,3.8,106.98999788400002,16,1.0698930796177992,1.0857142857142856,1.7598175124596174,2.8455317981739032,1.0558905074757703,1.3095025578365451,0.7441126983708173,0.4344989352329553,0.5388602918924021
Soccer,Central America,0.99,10.25,3.4121631178560534,3.083333333333333,97.48999787555556,82,3.2829896028014414,4.5148809523809526,7.637375882975317,12.152256835356267,4.582425529785191,4.00663902522404,0.5246093797943542,1.7182332890909608,1.502335500220037
Soccer,Northern Europe,0.95,2.3,1.5670212364724212,3.357142857142857,105.70428359714286,23,1.2114993014543736,1.103061224489796,1.9927390200464008,3.095800244536197,1.1956434120278407,1.4549016250752052,0.730101438492095,0.4860947319463324,0.5914974383957443
Soccer,Southern Europe,0.95,4.0,2.6246692913372702,3.294117647058824,93.22529198941176,40,2.0440657071580173,1.8823529411764703,3.3621888921459906,5.244541833322462,2.0173133352875943,2.490843062732979,0.7408397156244081,0.7233254796781542,0.8931137377810872
Soccer,Western Europe,0.99,8.083333333333334,4.077841080619484,2.58,106.0899978832,97,2.99545251433087,2.979285714285715,6.968464588503911,9.947750302789624,4.181078753102346,3.658859423849111,0.525059627896401,1.7060409079466172,1.4929553405041482
Strength Training,Northern Europe,0.95,2.0,1.7056057308448835,3.1666666666666665,619.0370788,24,1.2157103499478354,0.9047619047619048,1.9996655784341408,2.904427483196045,1.1997993470604844,1.4752079910692992,0.737727351502683,2.856616472886422,3.5123401746690597
Strength Training,Western Europe,0.99,3.3529411764705883,2.9355829163598037,2.807017543859649,492.8370125333333,57,1.995275049760721,1.3445378151260503,4.641703870137586,5.986241685263636,2.7850223220825514,2.40900202647617,0.5189908908180229,5.279084927130044,4.566328315058698
Tennis & Racquet,Caribbean,0.95,5.4,3.0258148581093915,2.625,44.99000168,54,2.147933669278232,2.0250000000000004,3.5330364863634838,5.558036486363484,2.11982189181809,2.5785905618258127,0.7298510988432866,0.366810732593064,0.44619536041759794
Tennis & Racquet,Central America,0.99,5.583333333333333,4.095773714310957,3.1777777777777776,44.99000168,134,3.0443893762387773,2.5346560846560844,7.0823087531656,9.616964837821683,4.24938525189936,3.6892191683933913,0.5209062887500365,0.7353071139304593,0.6383768330150265
Tennis & Racquet,East of USA,0.95,4.111111111111111,2.1473497877875207,3.0,44.99000168,37,1.6872198488537724,1.7619047619047616,2.7752296878516423,4.537134449756404,1.6651378127109853,2.070555111607709,0.7460842324768312,0.28813289612037984,0.358285684422167
Tennis & Racquet,Eastern Asia,0.95,2.75,1.288057028664069,2.4615384615384617,44.99000167999999,33,0.949728083839492,0.9670329670329672,1.5621636833210606,2.529196650354028,0.9372982099926364,1.142036073951262,0.7310604427337384,0.16218864631626806,0.19761617263726106
Tennis & Racquet,Eastern Europe,0.95,2.875,1.3562026818605375,2.375,44.99000168,23,0.9912121843418568,0.9754464285714286,1.6303989564931944,2.6058453850646237,0.9782393738959166,1.2072674056410762,0.7404736128130094,0.1692730425962286,0.2089037023384664
Tennis & Racquet,North Africa,0.95,3.333333333333333,1.4142135623730951,2.9,44.99000168,30,1.2190848208609255,1.380952380952381,2.005216089154579,3.38616847010696,1.2031296534927474,1.485976815331263,0.7410557013622242,0.20818771204575587,0.2571311516084407
Tennis & Racquet,Northern Europe,0.95,4.166666666666667,2.757908737804898,2.9411764705882355,44.99000168,50,2.031868233084707,1.750700280112045,3.3421258326768597,5.092826112788904,2.0052754996061157,2.4964928777980804,0.7469775235238605,0.3469898003697769,0.43198930294709104
Tennis & Racquet,Oceania,0.95,4.071428571428571,2.5256921584232863,3.3,44.99000168,57,1.8203151485201892,1.9193877551020408,2.9941519742381413,4.913539729340182,1.7964911845428848,2.180999638889796,0.7284198189187604,0.3108620823488061,0.37739683622204356
Tennis & Racquet,South America,0.99,5.705882352941177,4.01193073660228,2.6206896551724137,44.99000168,97,2.705629016363742,2.1361924079976817,6.294234310161002,8.430426718158683,3.776540586096601,3.2727399496672622,0.519958391822809,0.6534867973579779,0.5663099070528201
Tennis & Racquet,South Asia,0.95,3.8,1.9888578520235063,2.923076923076923,44.99000167999999,38,1.4365187973064697,1.5868131868131865,2.362863153933513,3.9496763407467,1.417717892360108,1.7235016073073894,0.7294123675500361,0.24531973215018196,0.2982320777240082
Tennis & Racquet,Southeast Asia,0.95,3.733333333333333,2.685055643655045,3.1666666666666665,44.99000168,56,1.9226242292512843,1.6888888888888889,3.162435436748754,4.851324325637643,1.8974612620492524,2.355819833254841,0.7449384755430198,0.3283337898743492,0.40764745483043313
Tennis & Racquet,Southern Europe,0.95,3.5,2.460803843372233,2.4285714285714284,44.99000168,35,1.58870511818757,1.2142857142857142,2.613187375807192,3.827473090092906,1.567912425484315,1.9068840212838345,0.729715763568165,0.27130916406397004,0.32996428969663416
Tennis & Racquet,US Center ,0.95,4.583333333333333,2.3532698077098573,2.8823529411764706,44.99000168,55,1.7570692908234091,1.887254901960784,2.8901217958159355,4.777376697776719,1.7340730774895612,2.1432884196410487,0.7415910370088601,0.300061348728839,0.3708713446168282
Tennis & Racquet,West Africa,0.95,3.333333333333333,1.6583123951776997,2.5,44.99000168,30,1.1210580836911717,1.1904761904761905,1.8439764549826907,3.034452645458881,1.1063858729896143,1.348569175867125,0.7313375245237521,0.19144731647896546,0.23335434418406986
Tennis & Racquet,West Asia,0.95,4.076923076923077,2.253202848596432,2.7222222222222223,44.99000168,53,1.7370912151696116,1.5854700854700854,2.857260785617276,4.442730871087361,1.7143564713703654,2.1253349069523564,0.743836515606399,0.2966496174118139,0.36776469628595826
Tennis & Racquet,West of USA ,0.95,5.5,3.5290998079603035,2.7222222222222223,44.99000168,66,2.463748835892337,2.138888888888889,4.052506208614978,6.191395097503866,2.431503725168987,2.9577352872240885,0.7298533635646055,0.42074367953953457,0.5118019828507963
Tennis & Racquet,Western Europe,0.99,5.733333333333333,3.494212902718409,3.142857142857143,44.99000168,86,2.54333712865892,2.574149659863945,5.916686922224814,8.49083658208876,3.5500121533348885,3.1124110104983846,0.5260394966661587,0.6142886643944503,0.5385668330429724
Trade-In,Caribbean,0.95,5.481481481481482,3.555822639541326,2.958333333333333,47.11500048625,148,2.606876936494962,2.31657848324515,4.287930984009881,6.604509467255031,2.5727585904059285,3.163203958790872,0.7376993637693265,0.46621354706915075,0.5732090617559225
Trade-In,Central America,0.99,9.975609756097562,6.306694081997511,3.1156462585034013,45.09204124897959,409,4.886650803650532,4.440067316125057,11.368049708252382,15.808117024377438,6.820829824951429,5.908371567488617,0.5197348462682712,1.1829428454576156,1.024694363213442
Trade-In,East of USA,0.95,5.944444444444445,3.3689276042406107,3.0,18.98999977,107,2.520235025358863,2.5476190476190474,4.145417722231661,6.693036769850709,2.4872506333389968,3.038637524698147,0.7330111772336213,0.18166495751938425,0.22193740728896613
Trade-In,Eastern Asia,0.95,6.894736842105263,5.032060952224306,2.9302325581395348,17.943488142093024,131,3.657309460688601,2.8861689106487143,6.015738731297579,8.901907641946293,3.609443238778547,4.450424972045149,0.7397969178567042,0.24910000751761807,0.3071390296660262
Trade-In,Eastern Europe,0.95,5.9,3.784471194529326,3.111111111111111,18.323333103333333,59,2.8201778821983594,2.6222222222222227,4.638779818182293,7.261002040404516,2.7832678909093755,3.430783631359083,0.7395875134904413,0.1961490180036327,0.2417822741648309
Trade-In,North Africa,0.95,4.833333333333333,3.040135563165604,3.0,16.93736819105263,58,2.208689427682876,2.071428571428571,3.63297081593355,5.7043993873621215,2.1797824895601297,2.649572415879319,0.7293128819694273,0.14199914846957404,0.17260301367924943
Trade-In,Northern Europe,0.95,5.391304347826087,5.254773850637521,2.795918367346939,70.11245003591837,124,3.498001349411743,2.1533781214349097,5.753700206661049,7.90707832809596,3.452220123996629,4.267015539318708,0.741612420886787,0.9309369652180984,1.1506573607806547
Trade-In,Oceania,0.95,9.2,10.206293208243215,2.8548387096774195,17.63516106032258,184,6.834972585942041,3.7520737327188938,11.24252944810065,14.994603180819542,6.74551766886039,8.304162070040483,0.7386382315808313,0.45753188663694117,0.5632509060622526
Trade-In,South America,0.99,7.743589743589744,5.932594837966856,2.70873786407767,36.14534002087379,302,4.091073240792728,2.996479248906433,9.517259536263534,12.513738785169966,5.710355721758121,4.948651710651312,0.5199660355794129,0.7938567277041901,0.6879642258706555
Trade-In,South Asia,0.95,5.409090909090909,3.698894183647079,2.902439024390244,18.624146111463418,119,2.653114078141142,2.2427937915742797,4.363984314146469,6.606778105720748,2.6183905884878813,3.1948952437529363,0.7321051162801465,0.18755880344953457,0.22885459934797778
Trade-In,South of  USA ,0.95,5.083333333333333,3.088345639315456,2.8947368421052637,16.621578717368422,61,2.2598403644144027,2.1021303258145365,3.717106619738367,5.819236945552904,2.23026397184302,2.765203037237341,0.7439127579913145,0.14257887757115195,0.17677707674210272
Trade-In,Southeast Asia,0.95,7.368421052631579,4.968909184069696,3.145833333333333,17.98999977,140,3.729956052837131,3.31140350877193,6.135231741878752,9.446635250650685,3.681139045127251,4.538093477266701,0.7396775978794616,0.2547065022122203,0.3140011562010248
Trade-In,Southern Africa,0.95,3.555555555555556,1.740051084818425,2.5454545454545454,18.717272497272727,32,1.271616724174218,1.2929292929292928,2.091623380850112,3.384552673779405,1.2549740285100672,1.552526581349008,0.7422591445301231,0.0903449648793194,0.11176562723987939
Trade-In,Southern Europe,0.95,4.882352941176471,3.257344642135225,3.3823529411764706,79.166471875,83,2.571938939769309,2.3591201186356896,4.230463093377272,6.589583212012961,2.538277856026363,3.1293316191468383,0.7397137263874873,0.7728711634617168,0.9528390139028323
Trade-In,US Center ,0.95,7.4375,5.046038049797088,3.0,17.532856912857145,119,3.724556541196741,3.1875,6.126350335573289,9.313850335573289,3.675810201343973,4.468924644679117,0.7294595313509648,0.24787482422686344,0.3013577551903843
Trade-In,West Africa,0.95,6.066666666666666,5.216274897810104,2.7586206896551726,17.23137908034483,91,3.5143974065669776,2.3908045977011496,5.78066932074054,8.17147391844169,3.4684015924443243,4.275906652284327,0.7396905816672033,0.22986670247030702,0.28338372476030554
Trade-In,West Asia,0.95,7.4,3.5003759196616824,3.204081632653061,17.826734463877553,148,2.8016336717791632,3.387172011661808,4.608277306415327,7.995449318077135,2.764966383849196,3.375738883976642,0.7325381394208135,0.18957815971702827,0.2314553873232229
Trade-In,West of USA ,0.95,9.473684210526317,4.78850963885461,2.75,17.91857119857143,180,3.688025881296623,3.721804511278195,6.06626274714165,9.788067258419844,3.6397576482849896,4.4682541837310445,0.736574456132226,0.25084329448592113,0.30794127201730537
Trade-In,Western Europe,0.99,8.3125,7.5709014250019635,2.8613861386138613,77.47514975990099,266,5.158248773515189,3.39789603960396,11.999881068040835,15.397777107644796,7.199928640824501,6.330152972686606,0.5275179759527484,2.1454444219556867,1.8862674983152972
Water Sports,Canada,0.95,4.6,3.315037508718496,2.858695652173913,199.9900055,92,2.30731561426518,1.8785714285714288,3.795196456645845,5.6737678852172735,2.2771178739875078,2.8053626227183592,0.7391877218387027,1.751541600549654,2.157863409026689
Water Sports,Caribbean,0.95,16.90909090909091,6.212583561061472,2.9018817204301075,199.9900055,744,5.354100444058969,7.00974025974026,8.806711534472884,15.816451794213144,5.28402692068373,6.491051284028566,0.7370573293584187,4.06443297280649,4.9928668538217496
Water Sports,Central Africa,0.95,7.0,3.8340579025361614,2.8503401360544216,199.9900055,147,2.780272169266364,2.8503401360544216,4.573140761530016,7.423480897584437,2.743884456918009,3.368263868031049,0.7365318593220262,2.1105748755015274,2.590842728819157
Water Sports,Central America,0.99,58.43181818181818,14.719703180893806,2.941656942823804,199.9900055,2571,15.695133047905763,24.5551948051948,36.51233939878372,61.06753420397852,21.90740363927023,19.08246167628613,0.5226304857618024,16.851006824262974,14.67808313690001
Water Sports,Central Asia,0.95,2.5625,1.7499999999999998,2.951219512195122,199.9900055,41,1.2747046189870803,1.0803571428571428,2.096702515832694,3.1770596586898368,1.2580215094996163,1.5634855439453526,0.7456878275001367,0.9676604946305638,1.2026210866646214
Water Sports,East Africa,0.95,8.0,4.710676829339515,2.926136363636364,199.9900055,176,3.5157312466153354,3.344155844155844,5.782863292381856,9.1270191365377,3.469717975429113,4.284150342973504,0.7408354869148118,2.6688804499596817,3.295335579438839
Water Sports,East of USA,0.95,29.59090909090909,7.902134075281369,2.8433179723502304,199.9900055,651,7.95659061374417,12.01948051948052,13.087426929185138,25.10690744866566,7.852456157511082,9.738233616922622,0.7440907727405324,6.04004903895827,7.490574594648616
Water Sports,Eastern Asia,0.95,20.53846153846154,11.296834137866306,2.99250936329588,199.9900055,534,8.679198178718037,8.780219780219781,14.276010603294976,23.05623038351476,8.565606361976986,10.550871430637462,0.7390630144392206,6.58859870554851,8.11564936708838
Water Sports,Eastern Europe,0.95,14.636363636363637,5.122736011393155,2.798136645962733,199.9900055,322,4.512011868312829,5.850649350649351,7.421599086442445,13.272248437091797,4.452959451865467,5.479267490247768,0.7382866450246727,3.425182251037891,4.214610521194701
Water Sports,North Africa,0.95,13.954545454545457,5.037736384407969,2.960912052117264,199.9900055,307,4.519441720235404,5.902597402597403,7.433820105325005,13.336417507922407,4.460292063195003,5.487911883433044,0.7382357664939906,3.4308224394229807,4.221259722120346
Water Sports,Northern Europe,0.95,18.38636363636364,9.6910793530692,2.9208899876390606,201.287904007911,809,7.440561454822654,7.672077922077922,12.238634495520364,19.910712417598287,7.343180697312219,9.057125115977517,0.7400437621772791,5.684974812743565,7.011883580509701
Water Sports,Oceania,0.95,31.83333333333333,18.931608412954493,2.9581151832460733,199.9900055,764,13.940522191908018,13.452380952380953,22.93011848895739,36.38249944133834,13.758071093374436,16.93046167840555,0.7383503790684233,10.582602744743633,13.022781246853329
Water Sports,South America,0.99,31.545454545454547,11.05683950270526,2.897694524495677,199.9900055,1388,9.698563057803383,13.058441558441558,22.562231550771937,35.6206731092135,13.537338930463164,11.71468916038252,0.5192167775612478,10.412817258302663,9.010849036983426
Water Sports,South Asia,0.95,13.272727272727272,9.150838407042114,2.787671232876712,199.9900055,584,6.423703354718439,5.285714285714286,10.566051761468964,15.85176604718325,6.3396310568813785,7.795438795081171,0.7377816208991765,4.876395576667991,5.9961917211661415
Water Sports,South of  USA ,0.95,16.454545454545453,6.801451334806438,2.9806629834254146,199.9900055,362,5.522339954694015,7.0064935064935066,9.08344090373748,16.089934410230985,5.450064542242488,6.719140095356343,0.7397130852243097,4.192147837609347,5.168311017790713
Water Sports,Southeast Asia,0.95,31.0,8.890872794479689,2.9281524926686218,199.9900055,682,8.935378360734614,12.967532467532466,14.69738950483803,27.664921972370497,8.818433702902817,10.86553176772486,0.7392831063059317,6.78307155671123,8.357683684568153
Water Sports,Southern Africa,0.95,4.523809523809524,2.7680145884559137,2.905263157894737,199.9900055,95,2.0428342708514435,1.8775510204081636,3.360163359670763,5.237714380078926,2.016098015802457,2.4928950799337564,0.7418969892517417,1.5507671279572017,1.917515772103365
Water Sports,Southern Europe,0.95,16.235294117647058,10.830675390379156,2.8707729468599035,201.62044011630437,828,7.663303710445518,6.658263305322129,12.605012902556986,19.26327620787912,7.563007741534191,9.333510252111616,0.7404601902643249,5.864834420965926,7.237794018695318
Water Sports,US Center ,0.95,22.181818181818183,6.321816824724357,2.8995901639344264,199.9900055,488,5.983715194697174,9.188311688311687,9.84233564064228,19.030647328953968,5.905401384385368,7.2766699465147004,0.739323491109865,4.542389443626682,5.59715870240446
Water Sports,West Africa,0.95,15.272727272727272,7.2714825774706275,2.9910714285714284,199.9900055,336,5.753368604499029,6.525974025974026,9.463449216298958,15.989423242272984,5.678069529779375,6.945424994512903,0.7339210932257928,4.367527524961383,5.342367626355665
Water Sports,West Asia,0.95,24.227272727272727,8.439881618340493,2.9136960600375232,199.9900055,533,7.459783849234618,10.084415584415584,12.270252520687574,22.35466810510316,7.362151512412544,9.05394778257194,0.7378778690419806,5.662910467150839,6.964227180127981
Water Sports,West of USA ,0.95,33.04545454545455,9.824542993017284,2.982118294360385,199.9900055,727,9.539475193944062,14.07792207792208,15.69104037197249,29.76896244989457,9.414624223183491,11.54094923969744,0.7355120480291423,7.241656731441922,8.877209622778123
Water Sports,Western Europe,0.99,46.25490196078432,30.037871520635356,2.9097075031793134,201.5160757131412,2359,21.815886682170976,19.226890756302524,50.75134160338434,69.97823235968687,30.4508049620306,26.48071070885045,0.521773609765709,23.601256608671747,20.524188092855756
Women's Apparel,Canada,0.95,17.5,7.251134212550548,3.169642857142857,50.0,350,6.329652777742135,7.924107142857143,10.411352328812612,18.335459471669758,6.246811397287567,7.717239278189861,0.7412331303814395,1.201309884093763,1.4840844765749734
Women's Apparel,Caribbean,0.95,67.30232558139535,21.967004351462837,2.949290060851927,50.0,2894,19.77477045146239,28.356297129918527,32.52660289922071,60.88290002913924,19.515961739532425,24.02457908408949,0.7386132255657439,3.7530695652946977,4.620111362324901
Women's Apparel,Central Africa,0.95,31.09523809523809,12.473591150525824,2.892523364485981,50.0,653,10.238105088696624,12.849100387818677,16.840184288252967,29.689284676071644,10.10411057295178,12.37280435156161,0.7347190588758805,1.943098187106112,2.379385452223387
Women's Apparel,Central America,0.99,235.04545454545453,54.00256434283966,2.924500587544066,50.0,10342,61.20206023442594,98.19865284539198,142.37728271327626,240.57593555866825,85.42636962796576,74.39969008041301,0.5225530973943462,16.42814800537803,14.307632707771734
Women's Apparel,Central Asia,0.95,10.0,8.75394647843865,2.8615384615384616,50.0,200,5.856303632974728,4.087912087912088,9.632762271227564,13.720674359139652,5.779657362736539,7.139324550180408,0.7411502899334604,1.1114725697570267,1.3729470288808479
Women's Apparel,East Africa,0.95,26.954545454545453,15.2424134844574,2.861244019138756,50.0,593,11.138472465930157,11.017647424345988,18.321156834284327,29.338804258630315,10.992694100570596,13.46051838964138,0.7346980603567975,2.1139796347251147,2.5885612287771886
Women's Apparel,East of USA,0.95,116.0,29.573153848912167,2.9131944444444446,50.0,2552,30.77097892678542,48.27579365079365,50.61375629257032,98.88954994336396,30.368253775542197,37.39702836414264,0.7388708347977764,5.840048802988884,7.191736223873585
Women's Apparel,Eastern Asia,0.95,75.14814814814815,45.0330679387626,2.9620991253644315,50.0,2029,33.57627537038534,31.79946627176948,55.22805832249971,87.0275245942692,33.136834993499825,40.697970923410914,0.7369075096893404,6.372468267980736,7.826532869886714
Women's Apparel,Eastern Europe,0.95,66.0,29.50383348780613,2.90702479338843,50.0,1452,23.51777347092381,27.40909090909091,38.68329499147215,66.09238590056306,23.209976994883288,28.57338666869714,0.7386492457531405,4.463457114400633,5.494882051672527
Women's Apparel,North Africa,0.95,49.72727272727273,24.947911102901347,2.902964959568733,50.0,1094,19.013213664013534,20.62236146602724,31.27395345525596,51.89631492128319,18.764372073153574,23.07137602835504,0.7377185638318338,3.608533090991072,4.436803082375969
Women's Apparel,Northern Europe,0.95,69.48,44.64565248391254,2.9810508182601207,50.0,3474,32.835620647097684,29.58905869324474,54.00978971458128,83.59884840782601,32.40587382874876,40.038157645623336,0.7413129704301376,6.231898813220916,7.699645701081412
Women's Apparel,Oceania,0.95,127.54166666666669,89.89509788185563,2.941118743866536,50.0,3061,64.039904930922,53.58788377961587,105.33626989525452,158.9241536748704,63.20176193715272,78.15915819715093,0.7419966387159116,12.154184987913986,15.030607345605947
Women's Apparel,South America,0.99,128.9090909090909,53.847682760627855,3.002116402116402,50.0,5672,44.87341865340784,55.28572802858517,104.39118208529992,159.6769101138851,62.63470925117996,54.67327256336346,0.5237345863052776,12.045136394457685,10.514090877569897
Women's Apparel,South Asia,0.95,51.97727272727273,39.46767216187671,2.876984126984127,50.0,2287,27.570219170486965,21.362541228612656,45.34897499842249,66.71151622703515,27.20938499905349,33.64730410734761,0.7419639387333024,5.232574038279518,6.470635405259157
Women's Apparel,South of  USA ,0.95,69.5909090909091,22.143813692507543,2.8895463510848125,50.0,1531,20.288280274758883,28.726593918901614,33.37125139454516,62.097845313446776,20.02275083672709,24.684051455440628,0.739680126573721,3.850529007062902,4.746932972200121
Women's Apparel,Southeast Asia,0.95,123.04347826086956,44.54974569957985,2.8814814814814813,50.0,2830,38.93558313031877,50.64964343225213,64.04333512937538,114.69297856162753,38.42600107762522,47.27843471509616,0.7382256814013188,7.389615591851005,9.09200667598003
Women's Apparel,Southern Africa,0.95,19.045454545454547,12.194757939874052,2.773049645390071,50.0,419,8.644960821770733,7.544855853366492,14.219695162542967,21.76455101590946,8.531817097525781,10.462599936622524,0.7357822946994492,1.6407340572164963,2.0120384493504857
Women's Apparel,Southern Europe,0.95,58.90909090909091,44.22847780738389,3.0027223230490017,50.0,3240,31.641343310451912,25.26966318617861,52.04537830581353,77.31504149199213,31.22722698348812,38.598599255087365,0.7416335611643706,6.005235958363101,7.422807549055263
Women's Apparel,US Center ,0.95,103.0,28.680506072442803,2.824675324675325,50.0,2266,27.573520311722596,41.563079777365495,45.35440489255699,86.91748466992249,27.212642935534195,33.426309789008144,0.737002499937854,5.233200564525807,6.4281364978861815
Women's Apparel,West Africa,0.95,64.68181818181819,24.34354586144396,2.896694214876033,50.0,1423,20.54447946376717,26.76620693356231,33.79266155980748,60.558868493369786,20.275596935884487,24.8187833808761,0.7344429895511757,3.899153256900863,4.772842957860789
Women's Apparel,West Asia,0.95,101.04545454545456,26.09046034879648,2.898373983739837,50.0,2223,27.24472388559073,41.83821666138739,44.81358289850532,86.65179955989271,26.888149739103188,32.99334291207755,0.7362353281772074,5.170798026750614,6.344873636937991
Women's Apparel,West of USA ,0.95,130.04545454545453,35.72577737196448,2.897089397089397,50.0,2861,35.676104363192465,53.82190107190107,58.68196965729637,112.50387072919744,35.20918179437782,43.49949987745751,0.7412753888714928,6.770996498918811,8.365288437972598
Women's Apparel,Western Europe,0.99,182.8846153846154,120.38217799275996,2.9001579778830964,50.0,9510,86.9927754891977,75.770610905682,202.3754583162072,278.1460692218892,121.42527498972431,105.96595402944564,0.5236106932683318,23.351014421100828,20.378068082585703
Women's Golf Clubs,Central America,0.99,8.222222222222221,4.893306085301066,2.925,135.24000072500002,74,3.64519322123968,3.435714285714285,8.479987500699012,11.915701786413296,5.087992500419407,4.448829149632498,0.5246268522525273,2.646538882482751,2.3140756054680782
Women's Golf Clubs,Northern Europe,0.95,5.5,3.7032803990902057,2.833333333333333,129.99000040666667,44,2.663529191712011,2.2261904761904763,4.381115651478625,6.607306127669101,2.628669390887175,3.249713288891157,0.7417547372424145,1.314233596886216,1.624731660555814
Women's Golf Clubs,Southern Europe,0.95,4.6,3.687817782917155,3.35,125.990000152,46,2.8650732047041387,2.2014285714285715,4.71262605223908,6.914054623667651,2.827575631343448,3.496556694907257,0.7419550492969754,1.3701779008567405,1.6943506866263152
Women's Golf Clubs,Western Europe,0.99,12.846153846153848,5.0140827317691565,2.927536231884058,135.64217465188406,167,4.25474445384044,5.37251154642459,9.898015714778769,15.270527261203355,5.93880942886726,5.184728819351104,0.5238149714805731,3.0982808683641108,2.70487650783492
